{"type":"FeatureCollection","features":[{"type":"Feature","properties":{"geoid":"13063040202","name":"Census Tract 402.02, Clayton County","county":"Clayton","score_per1000":2.0,"score_drive_per1000":2.4,"score_transit_per1000":0.0,"score_walk_per1000":0,"pop":2835,"med_hh_income":43785,"pct_no_vehicle":11.3,"pct_black":76.5,"pct_hispanic":15.6,"pct_65plus":14,"pct_drive":82.55,"pct_transit":17.45,"pct_walk":0,"min_drive_time":4.81,"min_walk_time":67.07,"min_transit_time":54.88},"geometry":{"type":"Polygon","coordinates":[[[-84.438644,33.617085],[-84.438425,33.614655],[-84.436791,33.61191],[-84.435334,33.605975],[-84.434508,33.604691],[-84.433092,33.603585],[-84.429586,33.601517],[-84.428663,33.602029],[-84.426575,33.60206],[-84.42385,33.604113],[-84.420358,33.60573],[-84.418337,33.605415],[-84.416506,33.603698],[-84.412674,33.603012],[-84.40509,33.603211],[-84.404395,33.605487],[-84.403611,33.605439],[-84.403051,33.604851],[-84.401935,33.604613],[-84.400424,33.602744],[-84.399723,33.596841],[-84.398826,33.594859],[-84.393735,33.59115],[-84.392947,33.588883],[-84.391613,33.587781],[-84.38919,33.587795],[-84.387075,33.586428],[-84.387424,33.587747],[-84.388541,33.587982],[-84.389145,33.589488],[-84.389849,33.589712],[-84.391035,33.59075],[-84.391024,33.592573],[-84.39054,33.59314],[-84.390277,33.594869],[-84.39072,33.596772],[-84.391209,33.5973],[-84.389815,33.59786],[-84.395208,33.606912],[-84.396353,33.609738],[-84.399396,33.621607],[-84.400789,33.632913],[-84.40507,33.632889],[-84.411733,33.63111],[-84.414388,33.629815],[-84.422002,33.624863],[-84.426995,33.622038],[-84.4273,33.622143],[-84.433031,33.61895],[-84.438644,33.617085]]]}},{"type":"Feature","properties":{"geoid":"13063040203","name":"Census Tract 402.03, Clayton County","county":"Clayton","score_per1000":2.1,"score_drive_per1000":2.1,"score_transit_per1000":0,"score_walk_per1000":0,"pop":4930,"med_hh_income":55132,"pct_no_vehicle":5.4,"pct_black":75.1,"pct_hispanic":7.3,"pct_65plus":3.1,"pct_drive":100,"pct_transit":0,"pct_walk":0,"min_drive_time":9.43,"min_walk_time":108.23,"min_transit_time":82.99},"geometry":{"type":"Polygon","coordinates":[[[-84.458432,33.618993],[-84.45856,33.594442],[-84.45319,33.59407],[-84.450191,33.590902],[-84.447928,33.589161],[-84.447106,33.591574],[-84.447319,33.594546],[-84.446738,33.595828],[-84.446801,33.598055],[-84.446166,33.599819],[-84.446536,33.608073],[-84.446913,33.609887],[-84.449721,33.615165],[-84.449776,33.617369],[-84.455161,33.618139],[-84.458432,33.618993]]]}},{"type":"Feature","properties":{"geoid":"13063040204","name":"Census Tract 402.04, Clayton County","county":"Clayton","score_per1000":1.9,"score_drive_per1000":2.1,"score_transit_per1000":0.3,"score_walk_per1000":0,"pop":5310,"med_hh_income":46270,"pct_no_vehicle":16.3,"pct_black":87.5,"pct_hispanic":6,"pct_65plus":5.3,"pct_drive":90.67,"pct_transit":8.38,"pct_walk":0.94,"min_drive_time":8.09,"min_walk_time":93.02,"min_transit_time":39.88},"geometry":{"type":"Polygon","coordinates":[[[-84.449776,33.617369],[-84.449721,33.615165],[-84.446913,33.609887],[-84.44657,33.608522],[-84.446166,33.599819],[-84.446801,33.598055],[-84.446704,33.595985],[-84.447329,33.594446],[-84.447182,33.591209],[-84.446235,33.590667],[-84.444793,33.592928],[-84.436189,33.597225],[-84.434067,33.599329],[-84.431397,33.599756],[-84.429586,33.601517],[-84.433639,33.603939],[-84.435156,33.605617],[-84.436791,33.61191],[-84.438425,33.614655],[-84.438644,33.617085],[-84.442821,33.616377],[-84.449776,33.617369]]]}},{"type":"Feature","properties":{"geoid":"13063040302","name":"Census Tract 403.02, Clayton County","county":"Clayton","score_per1000":2.2,"score_drive_per1000":2.4,"score_transit_per1000":0.1,"score_walk_per1000":0,"pop":5183,"med_hh_income":41642,"pct_no_vehicle":15,"pct_black":57.6,"pct_hispanic":24.4,"pct_65plus":8.6,"pct_drive":92.58,"pct_transit":6.34,"pct_walk":1.08,"min_drive_time":7.75,"min_walk_time":110.25,"min_transit_time":46.99},"geometry":{"type":"Polygon","coordinates":[[[-84.388504,33.631851],[-84.382524,33.624258],[-84.380298,33.622658],[-84.377985,33.622102],[-84.370012,33.622151],[-84.361726,33.619602],[-84.360688,33.620778],[-84.360134,33.631062],[-84.358766,33.632885],[-84.358434,33.634305],[-84.36398,33.644757],[-84.36531,33.647815],[-84.379876,33.648115],[-84.379243,33.646222],[-84.378661,33.646223],[-84.378384,33.645401],[-84.378021,33.642876],[-84.378502,33.640883],[-84.376493,33.64057],[-84.378458,33.638807],[-84.383514,33.636344],[-84.388504,33.631851]]]}},{"type":"Feature","properties":{"geoid":"13063040306","name":"Census Tract 403.06, Clayton County","county":"Clayton","score_per1000":2.3,"score_drive_per1000":2.4,"score_transit_per1000":0.1,"score_walk_per1000":0,"pop":4852,"med_hh_income":47225,"pct_no_vehicle":10.6,"pct_black":51,"pct_hispanic":43.4,"pct_65plus":8.4,"pct_drive":98.16,"pct_transit":1.84,"pct_walk":0,"min_drive_time":5.04,"min_walk_time":60.5,"min_transit_time":38.93},"geometry":{"type":"Polygon","coordinates":[[[-84.396031,33.61802],[-84.398507,33.617403],[-84.396353,33.609738],[-84.395208,33.606912],[-84.390899,33.599438],[-84.385888,33.592282],[-84.38438,33.592828],[-84.37793,33.590951],[-84.37184,33.590858],[-84.372175,33.592051],[-84.372089,33.59315],[-84.373284,33.594421],[-84.372854,33.59702],[-84.3737,33.599012],[-84.374729,33.603543],[-84.37445,33.605686],[-84.380782,33.606227],[-84.383299,33.615794],[-84.383284,33.619778],[-84.388251,33.618706],[-84.396031,33.61802]]]}},{"type":"Feature","properties":{"geoid":"13063040307","name":"Census Tract 403.07, Clayton County","county":"Clayton","score_per1000":1.9,"score_drive_per1000":2.1,"score_transit_per1000":0.0,"score_walk_per1000":0,"pop":4316,"med_hh_income":48639,"pct_no_vehicle":7.2,"pct_black":32.3,"pct_hispanic":39,"pct_65plus":9.1,"pct_drive":89.68,"pct_transit":8.45,"pct_walk":1.88,"min_drive_time":4.54,"min_walk_time":53.61,"min_transit_time":53.61},"geometry":{"type":"Polygon","coordinates":[[[-84.374733,33.603677],[-84.3737,33.599012],[-84.372854,33.59702],[-84.373284,33.594421],[-84.372089,33.59315],[-84.372175,33.592051],[-84.37184,33.590858],[-84.364374,33.590576],[-84.359148,33.588639],[-84.35391,33.587883],[-84.352533,33.587153],[-84.351068,33.58569],[-84.351004,33.590798],[-84.351924,33.593068],[-84.350946,33.596577],[-84.352115,33.598195],[-84.354619,33.599135],[-84.355389,33.601206],[-84.355262,33.603285],[-84.357841,33.602929],[-84.363036,33.603859],[-84.366436,33.603543],[-84.368035,33.603986],[-84.369227,33.60495],[-84.37159,33.605706],[-84.37445,33.605686],[-84.374733,33.603677]]]}},{"type":"Feature","properties":{"geoid":"13063040308","name":"Census Tract 403.08, Clayton County","county":"Clayton","score_per1000":2.3,"score_drive_per1000":2.5,"score_transit_per1000":0.3,"score_walk_per1000":0,"pop":5072,"med_hh_income":31172,"pct_no_vehicle":18.3,"pct_black":47.8,"pct_hispanic":24.5,"pct_65plus":17.2,"pct_drive":91.03,"pct_transit":4.94,"pct_walk":4.03,"min_drive_time":6.55,"min_walk_time":107.4,"min_transit_time":38.93},"geometry":{"type":"Polygon","coordinates":[[[-84.401137,33.636286],[-84.399769,33.623595],[-84.3983,33.617457],[-84.396031,33.61802],[-84.388251,33.618706],[-84.383284,33.619778],[-84.383299,33.615794],[-84.380782,33.606227],[-84.378347,33.606149],[-84.377141,33.605762],[-84.371072,33.60564],[-84.369052,33.604861],[-84.367609,33.603815],[-84.365779,33.603483],[-84.364073,33.603705],[-84.363715,33.608569],[-84.360532,33.608565],[-84.36029,33.60979],[-84.359776,33.610452],[-84.356876,33.610643],[-84.357026,33.611572],[-84.358145,33.612734],[-84.357105,33.618128],[-84.369848,33.622119],[-84.377985,33.622102],[-84.380298,33.622658],[-84.382524,33.624258],[-84.388504,33.631851],[-84.383514,33.636344],[-84.378458,33.638807],[-84.376493,33.64057],[-84.378502,33.640883],[-84.378021,33.642876],[-84.378384,33.645401],[-84.378661,33.646223],[-84.379243,33.646222],[-84.379876,33.648115],[-84.397431,33.648215],[-84.400895,33.637981],[-84.401137,33.636286]]]}},{"type":"Feature","properties":{"geoid":"13063040309","name":"Census Tract 403.09, Clayton County","county":"Clayton","score_per1000":2.3,"score_drive_per1000":2.6,"score_transit_per1000":0.1,"score_walk_per1000":0,"pop":3290,"med_hh_income":36410,"pct_no_vehicle":9.2,"pct_black":69.1,"pct_hispanic":19.1,"pct_65plus":14,"pct_drive":89.21,"pct_transit":10.79,"pct_walk":0,"min_drive_time":8.87,"min_walk_time":121.17,"min_transit_time":46.99},"geometry":{"type":"Polygon","coordinates":[[[-84.365275,33.647816],[-84.36398,33.644757],[-84.358434,33.634305],[-84.358043,33.636017],[-84.356955,33.638238],[-84.349311,33.638337],[-84.343697,33.635774],[-84.342838,33.639464],[-84.343392,33.639988],[-84.343405,33.641294],[-84.341949,33.643517],[-84.339659,33.644285],[-84.33695,33.644078],[-84.33639,33.644355],[-84.336307,33.644776],[-84.335426,33.645096],[-84.332424,33.644341],[-84.331069,33.644453],[-84.328335,33.645036],[-84.327218,33.645473],[-84.326947,33.645967],[-84.327798,33.646843],[-84.327859,33.647418],[-84.346805,33.647617],[-84.350228,33.647914],[-84.365275,33.647816]]]}},{"type":"Feature","properties":{"geoid":"13063040310","name":"Census Tract 403.10, Clayton County","county":"Clayton","score_per1000":2.1,"score_drive_per1000":2.4,"score_transit_per1000":0.1,"score_walk_per1000":0,"pop":2975,"med_hh_income":62561,"pct_no_vehicle":15.2,"pct_black":47.3,"pct_hispanic":34.4,"pct_65plus":10.2,"pct_drive":88.35,"pct_transit":0,"pct_walk":11.65,"min_drive_time":9.03,"min_walk_time":103.95,"min_transit_time":58.99},"geometry":{"type":"Polygon","coordinates":[[[-84.361726,33.619602],[-84.34355,33.613844],[-84.342229,33.613953],[-84.338899,33.615607],[-84.339245,33.616344],[-84.343954,33.615697],[-84.343884,33.621512],[-84.343424,33.621917],[-84.341643,33.621976],[-84.341345,33.622776],[-84.341753,33.62586],[-84.342909,33.627732],[-84.342782,33.629419],[-84.343486,33.631976],[-84.343697,33.635774],[-84.349311,33.638337],[-84.356955,33.638238],[-84.358043,33.636017],[-84.358644,33.633136],[-84.360134,33.631062],[-84.360688,33.620778],[-84.361726,33.619602]]]}},{"type":"Feature","properties":{"geoid":"13063040407","name":"Census Tract 404.07, Clayton County","county":"Clayton","score_per1000":2.0,"score_drive_per1000":2.1,"score_transit_per1000":0,"score_walk_per1000":0,"pop":4693,"med_hh_income":63750,"pct_no_vehicle":6.6,"pct_black":39.7,"pct_hispanic":16.7,"pct_65plus":12.3,"pct_drive":97.89,"pct_transit":1.52,"pct_walk":0.59,"min_drive_time":7.24,"min_walk_time":112.72,"min_transit_time":78.26},"geometry":{"type":"Polygon","coordinates":[[[-84.363715,33.608569],[-84.364073,33.603705],[-84.362616,33.603814],[-84.357841,33.602929],[-84.355386,33.603288],[-84.350431,33.603215],[-84.345888,33.601012],[-84.344845,33.599566],[-84.323408,33.599569],[-84.321481,33.599337],[-84.318301,33.596925],[-84.313496,33.595726],[-84.311659,33.599148],[-84.310281,33.599458],[-84.30866,33.600475],[-84.306128,33.600803],[-84.298746,33.60054],[-84.306642,33.615262],[-84.307617,33.615837],[-84.329574,33.616129],[-84.333809,33.613327],[-84.335118,33.612781],[-84.335037,33.61649],[-84.335415,33.617051],[-84.343122,33.613789],[-84.357105,33.618128],[-84.358145,33.612734],[-84.357026,33.611572],[-84.356876,33.610643],[-84.359776,33.610452],[-84.36029,33.60979],[-84.360532,33.608565],[-84.363715,33.608569]]]}},{"type":"Feature","properties":{"geoid":"13063040409","name":"Census Tract 404.09, Clayton County","county":"Clayton","score_per1000":1.5,"score_drive_per1000":1.5,"score_transit_per1000":0,"score_walk_per1000":0,"pop":6155,"med_hh_income":58015,"pct_no_vehicle":3.9,"pct_black":58.7,"pct_hispanic":18.2,"pct_65plus":9.4,"pct_drive":100,"pct_transit":0,"pct_walk":0,"min_drive_time":8.63,"min_walk_time":129.12,"min_transit_time":83.93},"geometry":{"type":"Polygon","coordinates":[[[-84.318301,33.596925],[-84.31631,33.59341],[-84.31533,33.590422],[-84.315191,33.588676],[-84.312935,33.582984],[-84.307436,33.582901],[-84.300326,33.581846],[-84.294809,33.581883],[-84.291121,33.581467],[-84.294716,33.593265],[-84.298746,33.60054],[-84.306128,33.600803],[-84.30866,33.600475],[-84.310281,33.599458],[-84.311659,33.599148],[-84.313496,33.595726],[-84.318301,33.596925]]]}},{"type":"Feature","properties":{"geoid":"13063040410","name":"Census Tract 404.10, Clayton County","county":"Clayton","score_per1000":2.2,"score_drive_per1000":2.3,"score_transit_per1000":0.1,"score_walk_per1000":0,"pop":8307,"med_hh_income":50975,"pct_no_vehicle":3.4,"pct_black":64.6,"pct_hispanic":25.9,"pct_65plus":11.4,"pct_drive":96.93,"pct_transit":3.07,"pct_walk":0,"min_drive_time":10.78,"min_walk_time":149.24,"min_transit_time":46.99},"geometry":{"type":"Polygon","coordinates":[[[-84.343884,33.621512],[-84.343954,33.615697],[-84.339245,33.616344],[-84.338899,33.615607],[-84.340077,33.614932],[-84.335415,33.617051],[-84.335037,33.61649],[-84.335118,33.612781],[-84.333809,33.613327],[-84.329574,33.616129],[-84.307617,33.615837],[-84.306821,33.61556],[-84.295369,33.594541],[-84.292374,33.596834],[-84.290448,33.599719],[-84.28726,33.601827],[-84.28509,33.605493],[-84.284895,33.608464],[-84.288064,33.610629],[-84.28624,33.61186],[-84.28472,33.613895],[-84.285443,33.616483],[-84.28508,33.61992],[-84.284483,33.62336],[-84.282651,33.630134],[-84.283518,33.635781],[-84.281589,33.641278],[-84.281551,33.646206],[-84.281277,33.647417],[-84.282608,33.647019],[-84.327812,33.647412],[-84.327798,33.646843],[-84.326947,33.645967],[-84.327218,33.645473],[-84.328335,33.645036],[-84.332424,33.644341],[-84.335426,33.645096],[-84.336307,33.644776],[-84.33639,33.644355],[-84.33695,33.644078],[-84.339659,33.644285],[-84.341949,33.643517],[-84.343405,33.641294],[-84.343392,33.639988],[-84.342838,33.639464],[-84.343785,33.635468],[-84.343451,33.634023],[-84.343486,33.631976],[-84.342831,33.629908],[-84.342909,33.627732],[-84.341753,33.62586],[-84.341345,33.622776],[-84.341643,33.621976],[-84.343424,33.621917],[-84.343884,33.621512]]]}},{"type":"Feature","properties":{"geoid":"13063040414","name":"Census Tract 404.14, Clayton County","county":"Clayton","score_per1000":null,"score_drive_per1000":2.1,"score_transit_per1000":0.2,"score_walk_per1000":null,"pop":1579,"med_hh_income":71042,"pct_no_vehicle":3.7,"pct_black":30.2,"pct_hispanic":52.5,"pct_65plus":17.4,"pct_drive":97.4,"pct_transit":2.6,"pct_walk":0,"min_drive_time":2.22,"min_walk_time":null,"min_transit_time":28.93},"geometry":{"type":"Polygon","coordinates":[[[-84.384112,33.592798],[-84.385888,33.592282],[-84.383393,33.587815],[-84.381938,33.586628],[-84.38001,33.585827],[-84.37345,33.578201],[-84.37185,33.57536],[-84.371662,33.573102],[-84.364824,33.572819],[-84.365827,33.574963],[-84.366648,33.575987],[-84.366441,33.576522],[-84.366915,33.578654],[-84.368663,33.579904],[-84.368917,33.580429],[-84.367674,33.581168],[-84.366724,33.582898],[-84.365035,33.584947],[-84.364777,33.590649],[-84.37793,33.590951],[-84.384112,33.592798]]]}},{"type":"Feature","properties":{"geoid":"13063040416","name":"Census Tract 404.16, Clayton County","county":"Clayton","score_per1000":2.1,"score_drive_per1000":2.1,"score_transit_per1000":0.1,"score_walk_per1000":0,"pop":3541,"med_hh_income":84021,"pct_no_vehicle":0.8,"pct_black":35.2,"pct_hispanic":47.5,"pct_65plus":14.1,"pct_drive":100,"pct_transit":0,"pct_walk":0,"min_drive_time":2.93,"min_walk_time":60.3,"min_transit_time":38.93},"geometry":{"type":"Polygon","coordinates":[[[-84.368917,33.580429],[-84.368663,33.579904],[-84.366915,33.578654],[-84.366441,33.576522],[-84.366648,33.575987],[-84.365827,33.574963],[-84.364824,33.572819],[-84.351482,33.571581],[-84.34235,33.571315],[-84.339188,33.583271],[-84.348256,33.583517],[-84.353403,33.587688],[-84.355642,33.588282],[-84.359148,33.588639],[-84.364777,33.590649],[-84.365035,33.584947],[-84.366724,33.582898],[-84.367674,33.581168],[-84.368917,33.580429]]]}},{"type":"Feature","properties":{"geoid":"13063040417","name":"Census Tract 404.17, Clayton County","county":"Clayton","score_per1000":1.7,"score_drive_per1000":1.8,"score_transit_per1000":0.0,"score_walk_per1000":0,"pop":5003,"med_hh_income":51333,"pct_no_vehicle":24.8,"pct_black":77.9,"pct_hispanic":17.5,"pct_65plus":8.5,"pct_drive":91.24,"pct_transit":8.76,"pct_walk":0,"min_drive_time":6.02,"min_walk_time":87.52,"min_transit_time":58.93},"geometry":{"type":"Polygon","coordinates":[[[-84.371779,33.570641],[-84.371102,33.564734],[-84.371141,33.559879],[-84.37055,33.555576],[-84.365813,33.555617],[-84.361407,33.5539],[-84.359787,33.553592],[-84.345536,33.553263],[-84.342304,33.5662],[-84.34235,33.571315],[-84.351482,33.571581],[-84.360791,33.57259],[-84.371662,33.573102],[-84.371779,33.570641]]]}},{"type":"Feature","properties":{"geoid":"13063040418","name":"Census Tract 404.18, Clayton County","county":"Clayton","score_per1000":1.7,"score_drive_per1000":1.8,"score_transit_per1000":0.0,"score_walk_per1000":0,"pop":2516,"med_hh_income":72583,"pct_no_vehicle":11.5,"pct_black":39.4,"pct_hispanic":26.9,"pct_65plus":10.6,"pct_drive":92.29,"pct_transit":2.11,"pct_walk":5.6,"min_drive_time":5.82,"min_walk_time":93.93,"min_transit_time":58.93},"geometry":{"type":"Polygon","coordinates":[[[-84.355262,33.603285],[-84.355201,33.600249],[-84.354496,33.598969],[-84.352115,33.598195],[-84.350946,33.596577],[-84.351924,33.593068],[-84.351004,33.590798],[-84.351068,33.58569],[-84.348111,33.583483],[-84.339188,33.583271],[-84.337137,33.590771],[-84.333743,33.596464],[-84.332844,33.599469],[-84.344845,33.599566],[-84.345888,33.601012],[-84.350431,33.603215],[-84.355262,33.603285]]]}},{"type":"Feature","properties":{"geoid":"13063040419","name":"Census Tract 404.19, Clayton County","county":"Clayton","score_per1000":1.8,"score_drive_per1000":1.8,"score_transit_per1000":0,"score_walk_per1000":0,"pop":7735,"med_hh_income":40855,"pct_no_vehicle":14.2,"pct_black":65.1,"pct_hispanic":2.9,"pct_65plus":7.4,"pct_drive":96.98,"pct_transit":0,"pct_walk":3.02,"min_drive_time":6.26,"min_walk_time":97.81,"min_transit_time":82.16},"geometry":{"type":"Polygon","coordinates":[[[-84.339188,33.583271],[-84.337184,33.582736],[-84.334976,33.580636],[-84.333959,33.58025],[-84.326747,33.580514],[-84.321137,33.58184],[-84.318178,33.58297],[-84.312935,33.582984],[-84.315191,33.588676],[-84.315839,33.592186],[-84.31791,33.59638],[-84.321148,33.59918],[-84.323408,33.599569],[-84.332844,33.599469],[-84.333743,33.596464],[-84.337137,33.590771],[-84.339188,33.583271]]]}},{"type":"Feature","properties":{"geoid":"13063040420","name":"Census Tract 404.20, Clayton County","county":"Clayton","score_per1000":1.5,"score_drive_per1000":1.5,"score_transit_per1000":0,"score_walk_per1000":0,"pop":8099,"med_hh_income":72434,"pct_no_vehicle":1.2,"pct_black":73.9,"pct_hispanic":7.1,"pct_65plus":13.4,"pct_drive":100,"pct_transit":0,"pct_walk":0,"min_drive_time":10.85,"min_walk_time":159.32,"min_transit_time":83.93},"geometry":{"type":"Polygon","coordinates":[[[-84.292374,33.596834],[-84.295369,33.594541],[-84.29253,33.586464],[-84.291375,33.581871],[-84.290592,33.580799],[-84.288183,33.578723],[-84.286017,33.577629],[-84.283273,33.577181],[-84.274163,33.578216],[-84.272222,33.57801],[-84.270395,33.577146],[-84.263362,33.572258],[-84.263583,33.582253],[-84.25428,33.58219],[-84.255403,33.58343],[-84.259266,33.586033],[-84.261589,33.588716],[-84.264353,33.590485],[-84.267111,33.59291],[-84.268056,33.594366],[-84.26864,33.597195],[-84.269724,33.598504],[-84.284895,33.608464],[-84.28509,33.605493],[-84.286811,33.602323],[-84.290448,33.599719],[-84.292374,33.596834]]]}},{"type":"Feature","properties":{"geoid":"13063040421","name":"Census Tract 404.21, Clayton County","county":"Clayton","score_per1000":1.4,"score_drive_per1000":1.4,"score_transit_per1000":0,"score_walk_per1000":0,"pop":5998,"med_hh_income":87488,"pct_no_vehicle":1.5,"pct_black":80.7,"pct_hispanic":7.1,"pct_65plus":13.6,"pct_drive":100,"pct_transit":0,"pct_walk":0,"min_drive_time":13.14,"min_walk_time":185.76,"min_transit_time":84.88},"geometry":{"type":"Polygon","coordinates":[[[-84.288064,33.610629],[-84.269724,33.598504],[-84.26864,33.597195],[-84.268056,33.594366],[-84.267111,33.59291],[-84.264353,33.590485],[-84.261589,33.588716],[-84.259266,33.586033],[-84.255403,33.58343],[-84.25428,33.58219],[-84.253094,33.582182],[-84.253254,33.591433],[-84.243923,33.591405],[-84.243862,33.598624],[-84.253231,33.598765],[-84.253568,33.60054],[-84.253246,33.606936],[-84.262974,33.606959],[-84.26257,33.63101],[-84.272061,33.631216],[-84.271862,33.639238],[-84.281468,33.639376],[-84.281563,33.641513],[-84.283518,33.635781],[-84.282651,33.630134],[-84.284483,33.62336],[-84.28508,33.61992],[-84.285443,33.616483],[-84.28472,33.613895],[-84.28624,33.61186],[-84.288064,33.610629]]]}},{"type":"Feature","properties":{"geoid":"13063040422","name":"Census Tract 404.22, Clayton County","county":"Clayton","score_per1000":1.9,"score_drive_per1000":2.1,"score_transit_per1000":0.2,"score_walk_per1000":0.1,"pop":2245,"med_hh_income":27667,"pct_no_vehicle":8.6,"pct_black":66.8,"pct_hispanic":20,"pct_65plus":5.1,"pct_drive":89.68,"pct_transit":10.32,"pct_walk":0,"min_drive_time":2.42,"min_walk_time":24.77,"min_transit_time":24.77},"geometry":{"type":"Polygon","coordinates":[[[-84.391209,33.5973],[-84.39072,33.596772],[-84.390277,33.594869],[-84.39054,33.59314],[-84.391024,33.592573],[-84.391035,33.59075],[-84.389849,33.589712],[-84.389145,33.589488],[-84.388541,33.587982],[-84.387424,33.587747],[-84.387075,33.586428],[-84.38731,33.584154],[-84.384937,33.579053],[-84.383444,33.579418],[-84.381512,33.575759],[-84.380212,33.575175],[-84.378997,33.574921],[-84.376345,33.575635],[-84.372024,33.57582],[-84.374085,33.579011],[-84.38001,33.585827],[-84.381938,33.586628],[-84.383393,33.587815],[-84.385315,33.59142],[-84.389815,33.59786],[-84.391209,33.5973]]]}},{"type":"Feature","properties":{"geoid":"13063040423","name":"Census Tract 404.23, Clayton County","county":"Clayton","score_per1000":2.0,"score_drive_per1000":2.1,"score_transit_per1000":0.1,"score_walk_per1000":0,"pop":4471,"med_hh_income":58331,"pct_no_vehicle":3.7,"pct_black":74.9,"pct_hispanic":14.9,"pct_65plus":13.7,"pct_drive":97.1,"pct_transit":0,"pct_walk":2.9,"min_drive_time":4.29,"min_walk_time":47.39,"min_transit_time":38.93},"geometry":{"type":"Polygon","coordinates":[[[-84.385957,33.558258],[-84.382242,33.557118],[-84.375118,33.556135],[-84.374296,33.555358],[-84.372089,33.550406],[-84.371166,33.549839],[-84.369784,33.549805],[-84.371141,33.559879],[-84.371102,33.564734],[-84.371771,33.569718],[-84.371664,33.574447],[-84.372024,33.57582],[-84.376345,33.575635],[-84.378997,33.574921],[-84.380212,33.575175],[-84.381512,33.575759],[-84.383444,33.579418],[-84.384937,33.579053],[-84.38341,33.576011],[-84.384017,33.5754],[-84.383968,33.574432],[-84.383168,33.573689],[-84.382656,33.572632],[-84.381388,33.571916],[-84.380436,33.570687],[-84.380291,33.569972],[-84.38153,33.568696],[-84.382057,33.567423],[-84.38294,33.566884],[-84.382499,33.564558],[-84.383419,33.562438],[-84.383265,33.56202],[-84.385957,33.558258]]]}},{"type":"Feature","properties":{"geoid":"13063040424","name":"Census Tract 404.24, Clayton County","county":"Clayton","score_per1000":1.8,"score_drive_per1000":1.8,"score_transit_per1000":0.1,"score_walk_per1000":0,"pop":3354,"med_hh_income":57521,"pct_no_vehicle":4.5,"pct_black":87.7,"pct_hispanic":3.1,"pct_65plus":5.4,"pct_drive":100,"pct_transit":0,"pct_walk":0,"min_drive_time":5.64,"min_walk_time":82.73,"min_transit_time":38.93},"geometry":{"type":"Polygon","coordinates":[[[-84.345534,33.553368],[-84.33753,33.552478],[-84.333399,33.552976],[-84.330309,33.556028],[-84.327012,33.557225],[-84.325964,33.557921],[-84.322442,33.561329],[-84.321286,33.563498],[-84.320084,33.564952],[-84.33422,33.574326],[-84.337204,33.575723],[-84.340898,33.576738],[-84.34235,33.571315],[-84.342304,33.5662],[-84.345534,33.553368]]]}},{"type":"Feature","properties":{"geoid":"13063040425","name":"Census Tract 404.25, Clayton County","county":"Clayton","score_per1000":1.8,"score_drive_per1000":1.8,"score_transit_per1000":0,"score_walk_per1000":0,"pop":4852,"med_hh_income":49181,"pct_no_vehicle":2.7,"pct_black":38.6,"pct_hispanic":14.3,"pct_65plus":13.6,"pct_drive":100,"pct_transit":0,"pct_walk":0,"min_drive_time":7.24,"min_walk_time":110.36,"min_transit_time":83.93},"geometry":{"type":"Polygon","coordinates":[[[-84.339188,33.583271],[-84.340898,33.576738],[-84.336636,33.575504],[-84.33422,33.574326],[-84.320084,33.564952],[-84.318242,33.567137],[-84.317357,33.567759],[-84.311671,33.570092],[-84.304053,33.574564],[-84.303145,33.576144],[-84.303566,33.579013],[-84.303269,33.582204],[-84.307436,33.582901],[-84.317768,33.583024],[-84.325341,33.580744],[-84.328904,33.580292],[-84.333959,33.58025],[-84.334976,33.580636],[-84.337184,33.582736],[-84.339188,33.583271]]]}},{"type":"Feature","properties":{"geoid":"13063040426","name":"Census Tract 404.26, Clayton County","county":"Clayton","score_per1000":1.3,"score_drive_per1000":1.3,"score_transit_per1000":0,"score_walk_per1000":0,"pop":2552,"med_hh_income":60972,"pct_no_vehicle":9.1,"pct_black":59,"pct_hispanic":12.8,"pct_65plus":8.3,"pct_drive":98.1,"pct_transit":0,"pct_walk":1.9,"min_drive_time":9.14,"min_walk_time":135.06,"min_transit_time":83.93},"geometry":{"type":"Polygon","coordinates":[[[-84.307936,33.572167],[-84.306694,33.570956],[-84.306339,33.56952],[-84.305495,33.5689],[-84.303437,33.568416],[-84.302651,33.56841],[-84.30187,33.569153],[-84.298488,33.569544],[-84.297769,33.57046],[-84.296601,33.57083],[-84.295534,33.570511],[-84.294227,33.569257],[-84.292207,33.569147],[-84.290143,33.573884],[-84.287783,33.576108],[-84.286844,33.577917],[-84.28891,33.579323],[-84.291121,33.581467],[-84.303269,33.582204],[-84.303566,33.579013],[-84.303084,33.576793],[-84.303488,33.575322],[-84.304758,33.573921],[-84.307936,33.572167]]]}},{"type":"Feature","properties":{"geoid":"13063040427","name":"Census Tract 404.27, Clayton County","county":"Clayton","score_per1000":0.9,"score_drive_per1000":0.9,"score_transit_per1000":0,"score_walk_per1000":0,"pop":5014,"med_hh_income":65111,"pct_no_vehicle":9.5,"pct_black":70,"pct_hispanic":10.8,"pct_65plus":11.1,"pct_drive":94.07,"pct_transit":5.93,"pct_walk":0,"min_drive_time":10.8,"min_walk_time":161.72,"min_transit_time":83.93},"geometry":{"type":"Polygon","coordinates":[[[-84.290143,33.573884],[-84.292207,33.569147],[-84.291281,33.56822],[-84.289583,33.566823],[-84.287196,33.565672],[-84.286656,33.565167],[-84.286742,33.564578],[-84.286322,33.564019],[-84.283177,33.561534],[-84.281886,33.560918],[-84.274776,33.559111],[-84.273565,33.559508],[-84.272639,33.560798],[-84.268475,33.563583],[-84.268134,33.564061],[-84.268016,33.565251],[-84.267393,33.566018],[-84.265595,33.566837],[-84.264386,33.567797],[-84.263397,33.569339],[-84.263362,33.572258],[-84.270395,33.577146],[-84.272222,33.57801],[-84.274163,33.578216],[-84.283273,33.577181],[-84.286844,33.577917],[-84.287783,33.576108],[-84.290143,33.573884]]]}},{"type":"Feature","properties":{"geoid":"13063040509","name":"Census Tract 405.09, Clayton County","county":"Clayton","score_per1000":1.6,"score_drive_per1000":1.8,"score_transit_per1000":0,"score_walk_per1000":0,"pop":4676,"med_hh_income":58458,"pct_no_vehicle":2.6,"pct_black":80.6,"pct_hispanic":14,"pct_65plus":16.7,"pct_drive":89.45,"pct_transit":10.55,"pct_walk":0,"min_drive_time":7.02,"min_walk_time":81.95,"min_transit_time":81.95},"geometry":{"type":"Polygon","coordinates":[[[-84.458341,33.575211],[-84.458931,33.565417],[-84.458231,33.565817],[-84.451868,33.570611],[-84.430724,33.579237],[-84.430101,33.580154],[-84.430093,33.58214],[-84.429226,33.584001],[-84.429004,33.588283],[-84.438524,33.590256],[-84.441867,33.589888],[-84.444118,33.590033],[-84.447182,33.591209],[-84.447928,33.589161],[-84.450191,33.590902],[-84.45319,33.59407],[-84.45856,33.594442],[-84.458341,33.575211]]]}},{"type":"Feature","properties":{"geoid":"13063040510","name":"Census Tract 405.10, Clayton County","county":"Clayton","score_per1000":1.5,"score_drive_per1000":2.1,"score_transit_per1000":0.2,"score_walk_per1000":0,"pop":3323,"med_hh_income":71824,"pct_no_vehicle":8.2,"pct_black":59.4,"pct_hispanic":17.4,"pct_65plus":5.4,"pct_drive":69.82,"pct_transit":18.39,"pct_walk":11.78,"min_drive_time":4.85,"min_walk_time":57.63,"min_transit_time":39.88},"geometry":{"type":"Polygon","coordinates":[[[-84.444793,33.592928],[-84.446235,33.590667],[-84.444118,33.590033],[-84.441867,33.589888],[-84.438524,33.590256],[-84.429004,33.588283],[-84.429226,33.584001],[-84.430093,33.58214],[-84.430101,33.580154],[-84.430724,33.579237],[-84.428336,33.58027],[-84.426558,33.57768],[-84.426031,33.577445],[-84.42404,33.577642],[-84.421288,33.578821],[-84.411877,33.578769],[-84.411038,33.58318],[-84.409812,33.58716],[-84.418814,33.587292],[-84.421729,33.586961],[-84.422717,33.587869],[-84.426379,33.589893],[-84.428331,33.591589],[-84.428936,33.592749],[-84.428935,33.59981],[-84.429586,33.601517],[-84.431397,33.599756],[-84.434067,33.599329],[-84.436189,33.597225],[-84.444793,33.592928]]]}},{"type":"Feature","properties":{"geoid":"13063040512","name":"Census Tract 405.12, Clayton County","county":"Clayton","score_per1000":1.8,"score_drive_per1000":1.8,"score_transit_per1000":0.0,"score_walk_per1000":0,"pop":4869,"med_hh_income":62244,"pct_no_vehicle":10.9,"pct_black":76.8,"pct_hispanic":20.8,"pct_65plus":13.5,"pct_drive":98.74,"pct_transit":0,"pct_walk":1.26,"min_drive_time":6.37,"min_walk_time":70.52,"min_transit_time":54.88},"geometry":{"type":"Polygon","coordinates":[[[-84.448698,33.571853],[-84.447835,33.569139],[-84.448084,33.567019],[-84.434815,33.566692],[-84.432397,33.565841],[-84.430176,33.564493],[-84.42726,33.563604],[-84.42525,33.56244],[-84.418436,33.561381],[-84.416887,33.561395],[-84.414377,33.565059],[-84.41393,33.566501],[-84.413012,33.566501],[-84.411877,33.578769],[-84.421288,33.578821],[-84.42404,33.577642],[-84.426031,33.577445],[-84.426558,33.57768],[-84.428336,33.58027],[-84.448698,33.571853]]]}},{"type":"Feature","properties":{"geoid":"13063040513","name":"Census Tract 405.13, Clayton County","county":"Clayton","score_per1000":1.2,"score_drive_per1000":1.3,"score_transit_per1000":0.0,"score_walk_per1000":0,"pop":6115,"med_hh_income":65769,"pct_no_vehicle":1.7,"pct_black":72.9,"pct_hispanic":9.5,"pct_65plus":18.9,"pct_drive":97.15,"pct_transit":1.79,"pct_walk":1.05,"min_drive_time":7.29,"min_walk_time":77.89,"min_transit_time":54.88},"geometry":{"type":"Polygon","coordinates":[[[-84.458931,33.565417],[-84.458669,33.550939],[-84.418302,33.550275],[-84.416025,33.550176],[-84.41483,33.549762],[-84.413012,33.566501],[-84.41393,33.566501],[-84.414377,33.565059],[-84.416887,33.561395],[-84.418436,33.561381],[-84.425509,33.562521],[-84.42726,33.563604],[-84.430176,33.564493],[-84.432397,33.565841],[-84.434815,33.566692],[-84.448084,33.567019],[-84.447835,33.569139],[-84.448698,33.571853],[-84.451868,33.570611],[-84.458931,33.565417]]]}},{"type":"Feature","properties":{"geoid":"13063040518","name":"Census Tract 405.18, Clayton County","county":"Clayton","score_per1000":0.8,"score_drive_per1000":0.8,"score_transit_per1000":0.0,"score_walk_per1000":0,"pop":5257,"med_hh_income":55940,"pct_no_vehicle":8.7,"pct_black":67.5,"pct_hispanic":12.7,"pct_65plus":3.7,"pct_drive":100,"pct_transit":0,"pct_walk":0,"min_drive_time":9.38,"min_walk_time":127.33,"min_transit_time":54.88},"geometry":{"type":"Polygon","coordinates":[[[-84.402487,33.511033],[-84.4021,33.510011],[-84.400495,33.508763],[-84.400247,33.506652],[-84.399117,33.504453],[-84.39654,33.50311],[-84.394928,33.500847],[-84.393698,33.495525],[-84.393976,33.492351],[-84.392882,33.494225],[-84.390094,33.496135],[-84.389302,33.495879],[-84.388851,33.496297],[-84.388872,33.496885],[-84.387878,33.497189],[-84.38633,33.498945],[-84.386883,33.500479],[-84.388281,33.502218],[-84.38825,33.503737],[-84.386898,33.504785],[-84.384978,33.505456],[-84.3848,33.506724],[-84.384121,33.50698],[-84.38351,33.506785],[-84.381785,33.507807],[-84.381499,33.509406],[-84.380191,33.510346],[-84.380681,33.511441],[-84.379776,33.512979],[-84.380152,33.514224],[-84.378815,33.515454],[-84.378558,33.518013],[-84.401422,33.518274],[-84.401924,33.516508],[-84.401111,33.513383],[-84.401722,33.512743],[-84.402487,33.511033]]]}},{"type":"Feature","properties":{"geoid":"13063040519","name":"Census Tract 405.19, Clayton County","county":"Clayton","score_per1000":1.8,"score_drive_per1000":1.8,"score_transit_per1000":0.3,"score_walk_per1000":0,"pop":5055,"med_hh_income":47797,"pct_no_vehicle":12.2,"pct_black":97.1,"pct_hispanic":1,"pct_65plus":2.4,"pct_drive":100,"pct_transit":0,"pct_walk":0,"min_drive_time":4.81,"min_walk_time":57.49,"min_transit_time":39.88},"geometry":{"type":"Polygon","coordinates":[[[-84.42903,33.593807],[-84.428702,33.592123],[-84.427784,33.591067],[-84.421729,33.586961],[-84.418814,33.587292],[-84.409812,33.58716],[-84.407752,33.593865],[-84.413777,33.594785],[-84.417388,33.595994],[-84.423401,33.596139],[-84.426144,33.597043],[-84.427826,33.59717],[-84.428957,33.597141],[-84.42903,33.593807]]]}},{"type":"Feature","properties":{"geoid":"13063040521","name":"Census Tract 405.21, Clayton County","county":"Clayton","score_per1000":1.6,"score_drive_per1000":1.8,"score_transit_per1000":0.2,"score_walk_per1000":0.1,"pop":3538,"med_hh_income":41465,"pct_no_vehicle":16.3,"pct_black":45.7,"pct_hispanic":29.1,"pct_65plus":13.6,"pct_drive":85.91,"pct_transit":12.06,"pct_walk":2.03,"min_drive_time":2.73,"min_walk_time":21.91,"min_transit_time":21.91},"geometry":{"type":"Polygon","coordinates":[[[-84.40726,33.572312],[-84.404454,33.57048],[-84.399733,33.568626],[-84.397168,33.566859],[-84.395706,33.566231],[-84.393897,33.566242],[-84.392731,33.565808],[-84.39213,33.56524],[-84.38898,33.559474],[-84.38805,33.558693],[-84.385975,33.558095],[-84.383265,33.56202],[-84.383419,33.562438],[-84.382499,33.564558],[-84.38294,33.566884],[-84.382057,33.567423],[-84.38153,33.568696],[-84.380291,33.569972],[-84.380436,33.570687],[-84.381388,33.571916],[-84.382656,33.572632],[-84.383168,33.573689],[-84.383968,33.574432],[-84.384017,33.5754],[-84.38341,33.576011],[-84.384937,33.579053],[-84.392494,33.576995],[-84.396752,33.574389],[-84.400682,33.574101],[-84.405263,33.572325],[-84.40726,33.572312]]]}},{"type":"Feature","properties":{"geoid":"13063040522","name":"Census Tract 405.22, Clayton County","county":"Clayton","score_per1000":1.8,"score_drive_per1000":2.1,"score_transit_per1000":0.2,"score_walk_per1000":0.1,"pop":4830,"med_hh_income":46025,"pct_no_vehicle":14,"pct_black":68.8,"pct_hispanic":5.6,"pct_65plus":12.2,"pct_drive":84.6,"pct_transit":3.36,"pct_walk":12.04,"min_drive_time":2.55,"min_walk_time":25.63,"min_transit_time":24.88},"geometry":{"type":"Polygon","coordinates":[[[-84.411702,33.580099],[-84.412445,33.572638],[-84.409934,33.572318],[-84.405263,33.572325],[-84.400682,33.574101],[-84.396752,33.574389],[-84.392494,33.576995],[-84.384937,33.579053],[-84.38731,33.584154],[-84.387145,33.586342],[-84.38919,33.587795],[-84.391206,33.587651],[-84.392103,33.588135],[-84.392947,33.588883],[-84.393735,33.59115],[-84.398826,33.594859],[-84.399723,33.596841],[-84.400424,33.602744],[-84.401935,33.604613],[-84.403051,33.604851],[-84.403611,33.605439],[-84.404395,33.605487],[-84.411038,33.58318],[-84.411702,33.580099]]]}},{"type":"Feature","properties":{"geoid":"13063040523","name":"Census Tract 405.23, Clayton County","county":"Clayton","score_per1000":1.8,"score_drive_per1000":1.8,"score_transit_per1000":0.2,"score_walk_per1000":0,"pop":2855,"med_hh_income":48077,"pct_no_vehicle":9.2,"pct_black":81.9,"pct_hispanic":4.6,"pct_65plus":12.6,"pct_drive":97.69,"pct_transit":2.31,"pct_walk":0,"min_drive_time":3.93,"min_walk_time":49.26,"min_transit_time":24.88},"geometry":{"type":"Polygon","coordinates":[[[-84.412445,33.572638],[-84.41483,33.549762],[-84.410956,33.547724],[-84.405011,33.546129],[-84.403493,33.545256],[-84.401579,33.552566],[-84.400992,33.557164],[-84.406672,33.564892],[-84.407747,33.565674],[-84.404268,33.567606],[-84.403022,33.5699],[-84.404739,33.57062],[-84.40726,33.572312],[-84.412445,33.572638]]]}},{"type":"Feature","properties":{"geoid":"13063040525","name":"Census Tract 405.25, Clayton County","county":"Clayton","score_per1000":0.6,"score_drive_per1000":0.6,"score_transit_per1000":0,"score_walk_per1000":0,"pop":2810,"med_hh_income":70860,"pct_no_vehicle":3.1,"pct_black":82.1,"pct_hispanic":8.9,"pct_65plus":10.5,"pct_drive":100,"pct_transit":0,"pct_walk":0,"min_drive_time":11.06,"min_walk_time":142.11,"min_transit_time":81.22},"geometry":{"type":"Polygon","coordinates":[[[-84.408834,33.518395],[-84.407963,33.515049],[-84.408227,33.510405],[-84.407278,33.508401],[-84.406132,33.503327],[-84.403665,33.499841],[-84.403107,33.494479],[-84.400416,33.489934],[-84.396792,33.487716],[-84.395798,33.486635],[-84.395397,33.48684],[-84.395022,33.487795],[-84.395176,33.489984],[-84.393976,33.492351],[-84.393671,33.493937],[-84.393821,33.496525],[-84.394652,33.500197],[-84.395397,33.501723],[-84.39654,33.50311],[-84.399117,33.504453],[-84.400247,33.506652],[-84.400495,33.508763],[-84.4021,33.510011],[-84.402463,33.510695],[-84.402414,33.511398],[-84.401111,33.513383],[-84.401924,33.516508],[-84.401422,33.518274],[-84.408834,33.518395]]]}},{"type":"Feature","properties":{"geoid":"13063040527","name":"Census Tract 405.27, Clayton County","county":"Clayton","score_per1000":1.3,"score_drive_per1000":1.3,"score_transit_per1000":0.1,"score_walk_per1000":0,"pop":3852,"med_hh_income":61497,"pct_no_vehicle":3,"pct_black":97.2,"pct_hispanic":0,"pct_65plus":9,"pct_drive":100,"pct_transit":0,"pct_walk":0,"min_drive_time":7.0,"min_walk_time":87.97,"min_transit_time":39.88},"geometry":{"type":"Polygon","coordinates":[[[-84.43394,33.535253],[-84.43166,33.537926],[-84.428459,33.539094],[-84.428074,33.540009],[-84.425584,33.540431],[-84.423721,33.540348],[-84.422079,33.539845],[-84.417903,33.542403],[-84.41666,33.542155],[-84.415464,33.546189],[-84.41483,33.549762],[-84.416025,33.550176],[-84.418302,33.550275],[-84.439452,33.550726],[-84.439123,33.549588],[-84.437971,33.54788],[-84.434914,33.541626],[-84.43394,33.535253]]]}},{"type":"Feature","properties":{"geoid":"13063040528","name":"Census Tract 405.28, Clayton County","county":"Clayton","score_per1000":0.9,"score_drive_per1000":0.9,"score_transit_per1000":0.0,"score_walk_per1000":0,"pop":2715,"med_hh_income":59875,"pct_no_vehicle":4.9,"pct_black":58,"pct_hispanic":20.1,"pct_65plus":14.2,"pct_drive":98.98,"pct_transit":0,"pct_walk":1.02,"min_drive_time":7.54,"min_walk_time":97.08,"min_transit_time":54.88},"geometry":{"type":"Polygon","coordinates":[[[-84.43394,33.535253],[-84.433178,33.530777],[-84.433782,33.526466],[-84.433603,33.524451],[-84.427547,33.517145],[-84.420921,33.528634],[-84.41666,33.542155],[-84.417903,33.542403],[-84.422079,33.539845],[-84.423721,33.540348],[-84.425584,33.540431],[-84.428074,33.540009],[-84.428459,33.539094],[-84.43166,33.537926],[-84.43394,33.535253]]]}},{"type":"Feature","properties":{"geoid":"13063040529","name":"Census Tract 405.29, Clayton County","county":"Clayton","score_per1000":1.4,"score_drive_per1000":1.5,"score_transit_per1000":0.0,"score_walk_per1000":0,"pop":2692,"med_hh_income":63083,"pct_no_vehicle":2.4,"pct_black":73.6,"pct_hispanic":15.7,"pct_65plus":9,"pct_drive":95.35,"pct_transit":3.22,"pct_walk":1.43,"min_drive_time":6.12,"min_walk_time":87.3,"min_transit_time":54.88},"geometry":{"type":"Polygon","coordinates":[[[-84.41483,33.549762],[-84.41535,33.546672],[-84.408259,33.540861],[-84.408745,33.537608],[-84.406224,33.535145],[-84.405714,33.534],[-84.406033,33.533237],[-84.4041,33.529813],[-84.40369,33.524364],[-84.401874,33.520798],[-84.40138,33.519194],[-84.401422,33.518274],[-84.390965,33.518248],[-84.391008,33.525681],[-84.392581,33.52688],[-84.396615,33.528934],[-84.400065,33.532223],[-84.400495,33.533356],[-84.400385,33.540155],[-84.403062,33.543843],[-84.403493,33.545256],[-84.405421,33.546264],[-84.410557,33.547565],[-84.41483,33.549762]]]}},{"type":"Feature","properties":{"geoid":"13063040530","name":"Census Tract 405.30, Clayton County","county":"Clayton","score_per1000":1.3,"score_drive_per1000":1.3,"score_transit_per1000":0.0,"score_walk_per1000":0,"pop":3623,"med_hh_income":61235,"pct_no_vehicle":1.5,"pct_black":77.6,"pct_hispanic":14.8,"pct_65plus":19.8,"pct_drive":100,"pct_transit":0,"pct_walk":0,"min_drive_time":7.18,"min_walk_time":95.84,"min_transit_time":54.88},"geometry":{"type":"Polygon","coordinates":[[[-84.422694,33.525445],[-84.417107,33.522511],[-84.410454,33.521817],[-84.410647,33.518394],[-84.401422,33.518274],[-84.40138,33.519194],[-84.401874,33.520798],[-84.40369,33.524364],[-84.4041,33.529813],[-84.406033,33.533237],[-84.405714,33.534],[-84.406224,33.535145],[-84.408745,33.537608],[-84.408259,33.540861],[-84.41535,33.546672],[-84.420204,33.530436],[-84.422694,33.525445]]]}},{"type":"Feature","properties":{"geoid":"13063040531","name":"Census Tract 405.31, Clayton County","county":"Clayton","score_per1000":1.9,"score_drive_per1000":2.1,"score_transit_per1000":0.2,"score_walk_per1000":0,"pop":2689,"med_hh_income":47212,"pct_no_vehicle":13.5,"pct_black":83.2,"pct_hispanic":15.1,"pct_65plus":3,"pct_drive":88.92,"pct_transit":11.08,"pct_walk":0,"min_drive_time":6.33,"min_walk_time":73.77,"min_transit_time":39.88},"geometry":{"type":"Polygon","coordinates":[[[-84.429586,33.601517],[-84.428969,33.600162],[-84.428957,33.597141],[-84.426144,33.597043],[-84.423401,33.596139],[-84.417388,33.595994],[-84.417608,33.599443],[-84.419233,33.599395],[-84.419261,33.599958],[-84.419634,33.599978],[-84.41978,33.605772],[-84.420739,33.60564],[-84.423643,33.604235],[-84.426575,33.60206],[-84.428663,33.602029],[-84.429586,33.601517]]]}},{"type":"Feature","properties":{"geoid":"13063040532","name":"Census Tract 405.32, Clayton County","county":"Clayton","score_per1000":1.9,"score_drive_per1000":2.1,"score_transit_per1000":0.3,"score_walk_per1000":0,"pop":1677,"med_hh_income":65263,"pct_no_vehicle":18.3,"pct_black":88.8,"pct_hispanic":4.7,"pct_65plus":13.2,"pct_drive":92.53,"pct_transit":4.1,"pct_walk":3.36,"min_drive_time":3.54,"min_walk_time":46.87,"min_transit_time":39.88},"geometry":{"type":"Polygon","coordinates":[[[-84.41978,33.605772],[-84.419634,33.599978],[-84.419261,33.599958],[-84.419233,33.599395],[-84.417608,33.599443],[-84.417388,33.595994],[-84.413777,33.594785],[-84.407951,33.593926],[-84.40509,33.603211],[-84.412674,33.603012],[-84.415257,33.603411],[-84.416506,33.603698],[-84.418337,33.605415],[-84.41978,33.605772]]]}},{"type":"Feature","properties":{"geoid":"13063040533","name":"Census Tract 405.33, Clayton County","county":"Clayton","score_per1000":1.3,"score_drive_per1000":1.3,"score_transit_per1000":0,"score_walk_per1000":0,"pop":4646,"med_hh_income":41897,"pct_no_vehicle":12.1,"pct_black":58.7,"pct_hispanic":26.2,"pct_65plus":9.3,"pct_drive":99.78,"pct_transit":0,"pct_walk":0.22,"min_drive_time":7.05,"min_walk_time":83.0,"min_transit_time":81.22},"geometry":{"type":"Polygon","coordinates":[[[-84.403481,33.545331],[-84.401367,33.543566],[-84.400007,33.542907],[-84.388966,33.541061],[-84.376644,33.537005],[-84.375126,33.539135],[-84.375116,33.542481],[-84.376012,33.544486],[-84.375599,33.546577],[-84.377693,33.548196],[-84.379959,33.548237],[-84.380754,33.550423],[-84.381422,33.551028],[-84.381233,33.551436],[-84.381667,33.55234],[-84.384678,33.554121],[-84.386714,33.554153],[-84.392386,33.551035],[-84.393848,33.552684],[-84.39575,33.553238],[-84.398441,33.555287],[-84.401153,33.555609],[-84.402138,33.549981],[-84.403481,33.545331]]]}},{"type":"Feature","properties":{"geoid":"13063040534","name":"Census Tract 405.34, Clayton County","county":"Clayton","score_per1000":1.8,"score_drive_per1000":1.8,"score_transit_per1000":0.1,"score_walk_per1000":0,"pop":3387,"med_hh_income":62803,"pct_no_vehicle":0,"pct_black":66.8,"pct_hispanic":24.5,"pct_65plus":10.4,"pct_drive":98.15,"pct_transit":0,"pct_walk":1.85,"min_drive_time":5.12,"min_walk_time":62.58,"min_transit_time":39.88},"geometry":{"type":"Polygon","coordinates":[[[-84.404404,33.567485],[-84.407747,33.565674],[-84.406672,33.564892],[-84.401096,33.557505],[-84.401153,33.555609],[-84.398441,33.555287],[-84.39575,33.553238],[-84.393848,33.552684],[-84.392386,33.551035],[-84.386714,33.554153],[-84.384805,33.554128],[-84.384782,33.554895],[-84.385782,33.55624],[-84.385975,33.558095],[-84.38805,33.558693],[-84.38898,33.559474],[-84.39213,33.56524],[-84.392731,33.565808],[-84.393897,33.566242],[-84.395706,33.566231],[-84.397168,33.566859],[-84.399733,33.568626],[-84.403022,33.5699],[-84.404404,33.567485]]]}},{"type":"Feature","properties":{"geoid":"13063040535","name":"Census Tract 405.35, Clayton County","county":"Clayton","score_per1000":1.1,"score_drive_per1000":1.3,"score_transit_per1000":0,"score_walk_per1000":0,"pop":4098,"med_hh_income":91995,"pct_no_vehicle":6.4,"pct_black":79.1,"pct_hispanic":15.5,"pct_65plus":6.8,"pct_drive":85.28,"pct_transit":14.72,"pct_walk":0,"min_drive_time":7.6,"min_walk_time":99.19,"min_transit_time":82.16},"geometry":{"type":"Polygon","coordinates":[[[-84.403493,33.545256],[-84.403062,33.543843],[-84.400385,33.540155],[-84.400394,33.53295],[-84.399488,33.531554],[-84.39749,33.529663],[-84.392055,33.526562],[-84.391008,33.525681],[-84.390359,33.52615],[-84.390261,33.527143],[-84.388127,33.527181],[-84.38624,33.528706],[-84.385173,33.529078],[-84.385499,33.529704],[-84.385412,33.531017],[-84.385881,33.533248],[-84.385827,33.539947],[-84.388966,33.541061],[-84.400007,33.542907],[-84.401367,33.543566],[-84.403493,33.545256]]]}},{"type":"Feature","properties":{"geoid":"13063040536","name":"Census Tract 405.36, Clayton County","county":"Clayton","score_per1000":1.0,"score_drive_per1000":1.0,"score_transit_per1000":0.0,"score_walk_per1000":0,"pop":3879,"med_hh_income":54766,"pct_no_vehicle":1.7,"pct_black":69.2,"pct_hispanic":24.1,"pct_65plus":6.8,"pct_drive":99.17,"pct_transit":0.83,"pct_walk":0,"min_drive_time":8.01,"min_walk_time":102.54,"min_transit_time":54.88},"geometry":{"type":"Polygon","coordinates":[[[-84.391008,33.525681],[-84.390965,33.518248],[-84.378558,33.518013],[-84.377324,33.520691],[-84.377003,33.522289],[-84.375602,33.524445],[-84.376299,33.525563],[-84.377323,33.530606],[-84.377224,33.531386],[-84.376863,33.531613],[-84.376827,33.532865],[-84.377222,33.533974],[-84.376928,33.534707],[-84.377234,33.535474],[-84.376644,33.537005],[-84.385827,33.539947],[-84.385881,33.533248],[-84.385412,33.531017],[-84.385499,33.529704],[-84.385173,33.529078],[-84.38624,33.528706],[-84.388127,33.527181],[-84.390261,33.527143],[-84.390359,33.52615],[-84.391008,33.525681]]]}},{"type":"Feature","properties":{"geoid":"13063040537","name":"Census Tract 405.37, Clayton County","county":"Clayton","score_per1000":0.5,"score_drive_per1000":0.6,"score_transit_per1000":0,"score_walk_per1000":0,"pop":5379,"med_hh_income":61969,"pct_no_vehicle":4.7,"pct_black":61.3,"pct_hispanic":33.5,"pct_65plus":7.9,"pct_drive":96.47,"pct_transit":3.53,"pct_walk":0,"min_drive_time":11.14,"min_walk_time":138.86,"min_transit_time":81.22},"geometry":{"type":"Polygon","coordinates":[[[-84.427547,33.517145],[-84.420429,33.50962],[-84.420432,33.493998],[-84.409741,33.493916],[-84.406148,33.491135],[-84.397483,33.485744],[-84.395798,33.486635],[-84.396792,33.487716],[-84.400416,33.489934],[-84.403107,33.494479],[-84.403665,33.499841],[-84.406132,33.503327],[-84.407639,33.509291],[-84.410853,33.509265],[-84.411626,33.509865],[-84.412422,33.509603],[-84.412985,33.51063],[-84.41477,33.509749],[-84.416981,33.509518],[-84.41769,33.509906],[-84.41764,33.510804],[-84.419235,33.510943],[-84.419935,33.512364],[-84.419947,33.514258],[-84.41971,33.515324],[-84.419137,33.515792],[-84.419467,33.516453],[-84.419335,33.5176],[-84.417962,33.519021],[-84.420025,33.520528],[-84.422236,33.52154],[-84.424467,33.522374],[-84.427547,33.517145]]]}},{"type":"Feature","properties":{"geoid":"13063040538","name":"Census Tract 405.38, Clayton County","county":"Clayton","score_per1000":0.8,"score_drive_per1000":0.8,"score_transit_per1000":0.0,"score_walk_per1000":0,"pop":2869,"med_hh_income":58011,"pct_no_vehicle":0,"pct_black":80.1,"pct_hispanic":2.4,"pct_65plus":4.7,"pct_drive":100,"pct_transit":0,"pct_walk":0,"min_drive_time":8.45,"min_walk_time":115.96,"min_transit_time":54.88},"geometry":{"type":"Polygon","coordinates":[[[-84.424467,33.522374],[-84.420049,33.520542],[-84.417962,33.519021],[-84.419335,33.5176],[-84.419467,33.516453],[-84.419137,33.515792],[-84.41971,33.515324],[-84.419947,33.514258],[-84.419935,33.512364],[-84.419235,33.510943],[-84.41764,33.510804],[-84.41769,33.509906],[-84.416981,33.509518],[-84.41477,33.509749],[-84.412985,33.51063],[-84.412422,33.509603],[-84.411626,33.509865],[-84.410853,33.509265],[-84.407639,33.509291],[-84.408313,33.510861],[-84.407963,33.515049],[-84.408343,33.517012],[-84.408834,33.518395],[-84.410647,33.518394],[-84.410454,33.521817],[-84.417107,33.522511],[-84.422694,33.525445],[-84.424467,33.522374]]]}},{"type":"Feature","properties":{"geoid":"13063040606","name":"Census Tract 406.06, Clayton County","county":"Clayton","score_per1000":0.4,"score_drive_per1000":0.4,"score_transit_per1000":0,"score_walk_per1000":0,"pop":6421,"med_hh_income":73559,"pct_no_vehicle":4.1,"pct_black":65.6,"pct_hispanic":20.9,"pct_65plus":7.8,"pct_drive":99.25,"pct_transit":0,"pct_walk":0.75,"min_drive_time":16.86,"min_walk_time":226.0,"min_transit_time":128.93},"geometry":{"type":"Polygon","coordinates":[[[-84.338801,33.492872],[-84.337815,33.49039],[-84.337601,33.488484],[-84.338307,33.482084],[-84.338493,33.481191],[-84.338802,33.48109],[-84.336683,33.473642],[-84.335332,33.466464],[-84.334055,33.464046],[-84.329394,33.459984],[-84.327258,33.456632],[-84.324871,33.44839],[-84.320987,33.439381],[-84.319909,33.427935],[-84.304234,33.427439],[-84.304327,33.435733],[-84.294684,33.435721],[-84.294658,33.440928],[-84.294399,33.441489],[-84.294155,33.484331],[-84.283917,33.484347],[-84.283846,33.495569],[-84.28726,33.497784],[-84.295583,33.497785],[-84.297359,33.497217],[-84.300767,33.494668],[-84.305204,33.492903],[-84.336718,33.493158],[-84.338801,33.492872]]]}},{"type":"Feature","properties":{"geoid":"13063040609","name":"Census Tract 406.09, Clayton County","county":"Clayton","score_per1000":1.5,"score_drive_per1000":1.5,"score_transit_per1000":0.0,"score_walk_per1000":0,"pop":7049,"med_hh_income":84444,"pct_no_vehicle":0.1,"pct_black":65.7,"pct_hispanic":15.1,"pct_65plus":10.7,"pct_drive":98.22,"pct_transit":0.78,"pct_walk":1.0,"min_drive_time":8.26,"min_walk_time":113.71,"min_transit_time":54.88},"geometry":{"type":"Polygon","coordinates":[[[-84.353908,33.531025],[-84.35421,33.523833],[-84.350994,33.523865],[-84.34887,33.524651],[-84.344311,33.527896],[-84.336604,33.529949],[-84.335223,33.531053],[-84.333951,33.534079],[-84.331766,33.536294],[-84.330137,33.537021],[-84.327653,33.53717],[-84.327061,33.53789],[-84.325906,33.53835],[-84.321378,33.539133],[-84.320106,33.539702],[-84.318422,33.541133],[-84.316458,33.543515],[-84.315231,33.545688],[-84.312797,33.546701],[-84.309233,33.547232],[-84.305985,33.547098],[-84.303278,33.548034],[-84.300114,33.550997],[-84.299301,33.554747],[-84.307558,33.557589],[-84.320084,33.564952],[-84.321286,33.563498],[-84.322442,33.561329],[-84.325964,33.557921],[-84.327012,33.557225],[-84.330309,33.556028],[-84.333399,33.552976],[-84.33753,33.552478],[-84.345536,33.553263],[-84.344082,33.545291],[-84.344198,33.543444],[-84.345477,33.541361],[-84.351888,33.53494],[-84.353908,33.531025]]]}},{"type":"Feature","properties":{"geoid":"13063040614","name":"Census Tract 406.14, Clayton County","county":"Clayton","score_per1000":0.7,"score_drive_per1000":0.7,"score_transit_per1000":0,"score_walk_per1000":0,"pop":5432,"med_hh_income":102071,"pct_no_vehicle":0.8,"pct_black":43.2,"pct_hispanic":7.5,"pct_65plus":33.1,"pct_drive":100,"pct_transit":0,"pct_walk":0,"min_drive_time":11.27,"min_walk_time":157.55,"min_transit_time":114.88},"geometry":{"type":"Polygon","coordinates":[[[-84.336063,33.530293],[-84.334218,33.527628],[-84.332671,33.526396],[-84.322353,33.521088],[-84.322387,33.514443],[-84.323325,33.511221],[-84.317847,33.509938],[-84.316523,33.507633],[-84.315693,33.506797],[-84.312424,33.506029],[-84.308088,33.505774],[-84.306116,33.505255],[-84.305462,33.505749],[-84.303942,33.505936],[-84.30194,33.50528],[-84.301144,33.50546],[-84.300616,33.504914],[-84.296938,33.505049],[-84.295473,33.504723],[-84.293922,33.503656],[-84.292624,33.503977],[-84.291906,33.505198],[-84.291158,33.505611],[-84.289973,33.505567],[-84.289173,33.504426],[-84.288596,33.504168],[-84.286441,33.505155],[-84.286107,33.505691],[-84.283365,33.505664],[-84.282528,33.532885],[-84.293019,33.532991],[-84.292812,33.540865],[-84.296185,33.540923],[-84.297734,33.540651],[-84.30223,33.538948],[-84.30647,33.536474],[-84.30857,33.535742],[-84.31833,33.53595],[-84.324301,33.537322],[-84.330137,33.537021],[-84.331766,33.536294],[-84.33339,33.534816],[-84.334192,33.533594],[-84.33478,33.531684],[-84.336063,33.530293]]]}},{"type":"Feature","properties":{"geoid":"13063040615","name":"Census Tract 406.15, Clayton County","county":"Clayton","score_per1000":0.9,"score_drive_per1000":0.9,"score_transit_per1000":0,"score_walk_per1000":0,"pop":2227,"med_hh_income":84063,"pct_no_vehicle":0,"pct_black":61.8,"pct_hispanic":13.2,"pct_65plus":10.2,"pct_drive":97.96,"pct_transit":2.04,"pct_walk":0,"min_drive_time":10.0,"min_walk_time":143.15,"min_transit_time":114.88},"geometry":{"type":"Polygon","coordinates":[[[-84.327596,33.537335],[-84.323778,33.537286],[-84.31833,33.53595],[-84.316349,33.535781],[-84.307685,33.535926],[-84.302725,33.538713],[-84.297734,33.540651],[-84.296185,33.540923],[-84.292812,33.540865],[-84.292595,33.549151],[-84.283883,33.549084],[-84.293886,33.552981],[-84.299301,33.554747],[-84.300114,33.550997],[-84.303278,33.548034],[-84.305985,33.547098],[-84.309233,33.547232],[-84.312797,33.546701],[-84.314401,33.546098],[-84.315578,33.5454],[-84.316458,33.543515],[-84.318422,33.541133],[-84.320106,33.539702],[-84.321378,33.539133],[-84.326228,33.538254],[-84.327596,33.537335]]]}},{"type":"Feature","properties":{"geoid":"13063040617","name":"Census Tract 406.17, Clayton County","county":"Clayton","score_per1000":0.8,"score_drive_per1000":0.8,"score_transit_per1000":0,"score_walk_per1000":0,"pop":1601,"med_hh_income":48750,"pct_no_vehicle":8.2,"pct_black":20.6,"pct_hispanic":57.3,"pct_65plus":6.2,"pct_drive":93.28,"pct_transit":0,"pct_walk":6.72,"min_drive_time":11.06,"min_walk_time":187.76,"min_transit_time":114.88},"geometry":{"type":"Polygon","coordinates":[[[-84.271738,33.561378],[-84.269168,33.55446],[-84.268894,33.551593],[-84.269227,33.548967],[-84.263706,33.548929],[-84.263922,33.553827],[-84.263477,33.560508],[-84.263397,33.569339],[-84.264784,33.567438],[-84.267724,33.565658],[-84.268475,33.563583],[-84.271738,33.561378]]]}},{"type":"Feature","properties":{"geoid":"13063040623","name":"Census Tract 406.23, Clayton County","county":"Clayton","score_per1000":0.6,"score_drive_per1000":0.6,"score_transit_per1000":0,"score_walk_per1000":0,"pop":5735,"med_hh_income":44038,"pct_no_vehicle":3.5,"pct_black":75.4,"pct_hispanic":13.7,"pct_65plus":8.1,"pct_drive":98.63,"pct_transit":0,"pct_walk":1.37,"min_drive_time":14.52,"min_walk_time":206.95,"min_transit_time":128.93},"geometry":{"type":"Polygon","coordinates":[[[-84.372665,33.470131],[-84.375206,33.46944],[-84.374127,33.466175],[-84.374857,33.464398],[-84.37441,33.463939],[-84.365629,33.46302],[-84.361035,33.464163],[-84.354824,33.467718],[-84.344009,33.471154],[-84.340518,33.472921],[-84.336683,33.473642],[-84.338802,33.48109],[-84.34007,33.480824],[-84.342366,33.479531],[-84.344111,33.479048],[-84.345314,33.478215],[-84.34616,33.476819],[-84.348066,33.478412],[-84.348912,33.477734],[-84.350228,33.477586],[-84.351899,33.476512],[-84.353715,33.476798],[-84.355293,33.476303],[-84.358338,33.476787],[-84.360599,33.476788],[-84.361283,33.475831],[-84.362962,33.474519],[-84.364969,33.474863],[-84.366397,33.47461],[-84.370543,33.472032],[-84.371698,33.471626],[-84.371995,33.470689],[-84.372665,33.470131]]]}},{"type":"Feature","properties":{"geoid":"13063040624","name":"Census Tract 406.24, Clayton County","county":"Clayton","score_per1000":0.6,"score_drive_per1000":0.6,"score_transit_per1000":0,"score_walk_per1000":0,"pop":3450,"med_hh_income":77031,"pct_no_vehicle":9.4,"pct_black":64.9,"pct_hispanic":20.5,"pct_65plus":6.6,"pct_drive":100,"pct_transit":0,"pct_walk":0,"min_drive_time":12.62,"min_walk_time":166.23,"min_transit_time":114.88},"geometry":{"type":"Polygon","coordinates":[[[-84.38035,33.487292],[-84.383359,33.487914],[-84.382227,33.484268],[-84.379096,33.480956],[-84.378313,33.477496],[-84.377375,33.476029],[-84.376723,33.473133],[-84.375407,33.470548],[-84.375206,33.46944],[-84.372665,33.470131],[-84.371995,33.470689],[-84.371698,33.471626],[-84.370543,33.472032],[-84.366397,33.47461],[-84.364969,33.474863],[-84.362962,33.474519],[-84.361283,33.475831],[-84.360599,33.476788],[-84.358338,33.476787],[-84.355293,33.476303],[-84.353715,33.476798],[-84.351899,33.476512],[-84.350228,33.477586],[-84.348912,33.477734],[-84.348066,33.478412],[-84.34616,33.476819],[-84.345314,33.478215],[-84.344111,33.479048],[-84.342366,33.479531],[-84.34007,33.480824],[-84.338493,33.481191],[-84.337876,33.486162],[-84.347363,33.486437],[-84.349123,33.486898],[-84.35236,33.488949],[-84.355406,33.489359],[-84.357377,33.489188],[-84.361243,33.488148],[-84.367031,33.485887],[-84.376958,33.487341],[-84.38035,33.487292]]]}},{"type":"Feature","properties":{"geoid":"13063040625","name":"Census Tract 406.25, Clayton County","county":"Clayton","score_per1000":0.5,"score_drive_per1000":0.6,"score_transit_per1000":0,"score_walk_per1000":0,"pop":3836,"med_hh_income":60781,"pct_no_vehicle":12.5,"pct_black":68.3,"pct_hispanic":10.5,"pct_65plus":12,"pct_drive":96.51,"pct_transit":1.45,"pct_walk":2.05,"min_drive_time":13.72,"min_walk_time":202.45,"min_transit_time":128.93},"geometry":{"type":"Polygon","coordinates":[[[-84.346479,33.455222],[-84.346304,33.453941],[-84.345755,33.452942],[-84.343824,33.451899],[-84.342905,33.45075],[-84.342762,33.448979],[-84.337048,33.448766],[-84.332862,33.448963],[-84.329836,33.448006],[-84.324961,33.448646],[-84.326903,33.455649],[-84.327733,33.457637],[-84.32998,33.460589],[-84.334055,33.464046],[-84.335123,33.465769],[-84.336683,33.473642],[-84.340518,33.472921],[-84.342548,33.471792],[-84.342788,33.461022],[-84.343505,33.459736],[-84.346024,33.457855],[-84.346479,33.455222]]]}},{"type":"Feature","properties":{"geoid":"13063040626","name":"Census Tract 406.26, Clayton County","county":"Clayton","score_per1000":0.4,"score_drive_per1000":0.4,"score_transit_per1000":0,"score_walk_per1000":0,"pop":5510,"med_hh_income":82679,"pct_no_vehicle":0.7,"pct_black":85.8,"pct_hispanic":2.6,"pct_65plus":7,"pct_drive":99.64,"pct_transit":0.36,"pct_walk":0,"min_drive_time":14.97,"min_walk_time":213.96,"min_transit_time":128.93},"geometry":{"type":"Polygon","coordinates":[[[-84.378073,33.462252],[-84.380957,33.458092],[-84.377825,33.455722],[-84.368738,33.452658],[-84.362292,33.45225],[-84.35568,33.452734],[-84.351421,33.452263],[-84.348481,33.451278],[-84.34577,33.449381],[-84.342762,33.448979],[-84.343075,33.451015],[-84.343824,33.451899],[-84.345755,33.452942],[-84.346494,33.454744],[-84.346024,33.457855],[-84.343505,33.459736],[-84.342788,33.461022],[-84.342548,33.471792],[-84.354824,33.467718],[-84.359496,33.464901],[-84.362358,33.463788],[-84.366075,33.462991],[-84.370872,33.463769],[-84.37441,33.463939],[-84.378073,33.462252]]]}},{"type":"Feature","properties":{"geoid":"13063040627","name":"Census Tract 406.27, Clayton County","county":"Clayton","score_per1000":0.7,"score_drive_per1000":0.7,"score_transit_per1000":0,"score_walk_per1000":0,"pop":6807,"med_hh_income":80840,"pct_no_vehicle":10.9,"pct_black":76.1,"pct_hispanic":1.3,"pct_65plus":9.1,"pct_drive":97.37,"pct_transit":1.42,"pct_walk":1.2,"min_drive_time":10.02,"min_walk_time":133.59,"min_transit_time":82.16},"geometry":{"type":"Polygon","coordinates":[[[-84.35421,33.523833],[-84.354204,33.517811],[-84.353071,33.512402],[-84.346485,33.501834],[-84.33896,33.492824],[-84.337415,33.493142],[-84.331446,33.493097],[-84.331444,33.501273],[-84.329727,33.50372],[-84.329546,33.512575],[-84.323325,33.511221],[-84.322387,33.514443],[-84.322353,33.521088],[-84.332671,33.526396],[-84.334218,33.527628],[-84.336063,33.530293],[-84.337625,33.529489],[-84.344311,33.527896],[-84.34887,33.524651],[-84.350133,33.524071],[-84.35421,33.523833]]]}},{"type":"Feature","properties":{"geoid":"13063040628","name":"Census Tract 406.28, Clayton County","county":"Clayton","score_per1000":0.5,"score_drive_per1000":0.6,"score_transit_per1000":0,"score_walk_per1000":0,"pop":3232,"med_hh_income":110398,"pct_no_vehicle":0,"pct_black":62.5,"pct_hispanic":4.1,"pct_65plus":18.9,"pct_drive":95.74,"pct_transit":4.26,"pct_walk":0,"min_drive_time":13.81,"min_walk_time":181.14,"min_transit_time":118.93},"geometry":{"type":"Polygon","coordinates":[[[-84.331465,33.501011],[-84.331446,33.493097],[-84.305204,33.492903],[-84.300767,33.494668],[-84.297359,33.497217],[-84.295583,33.497785],[-84.28726,33.497784],[-84.283846,33.495569],[-84.283365,33.505664],[-84.286107,33.505691],[-84.286441,33.505155],[-84.288596,33.504168],[-84.289173,33.504426],[-84.289973,33.505567],[-84.291158,33.505611],[-84.291906,33.505198],[-84.292624,33.503977],[-84.293922,33.503656],[-84.295473,33.504723],[-84.296938,33.505049],[-84.300616,33.504914],[-84.301144,33.50546],[-84.30194,33.50528],[-84.303942,33.505936],[-84.305462,33.505749],[-84.305894,33.505246],[-84.308088,33.505774],[-84.312424,33.506029],[-84.316063,33.507025],[-84.317847,33.509938],[-84.329546,33.512575],[-84.329727,33.50372],[-84.331119,33.502052],[-84.331465,33.501011]]]}},{"type":"Feature","properties":{"geoid":"13063040629","name":"Census Tract 406.29, Clayton County","county":"Clayton","score_per1000":1.8,"score_drive_per1000":1.8,"score_transit_per1000":0.0,"score_walk_per1000":0,"pop":2048,"med_hh_income":51087,"pct_no_vehicle":26.3,"pct_black":43.1,"pct_hispanic":39.7,"pct_65plus":10.3,"pct_drive":98.66,"pct_transit":1.34,"pct_walk":0,"min_drive_time":5.81,"min_walk_time":73.43,"min_transit_time":54.88},"geometry":{"type":"Polygon","coordinates":[[[-84.385987,33.557998],[-84.385749,33.556154],[-84.384782,33.554895],[-84.384916,33.554178],[-84.381667,33.55234],[-84.381233,33.551436],[-84.381422,33.551028],[-84.380754,33.550423],[-84.379959,33.548237],[-84.377693,33.548196],[-84.375575,33.546538],[-84.376012,33.544486],[-84.375116,33.542481],[-84.375116,33.539217],[-84.376644,33.537005],[-84.371894,33.535148],[-84.368795,33.532958],[-84.363767,33.532257],[-84.365002,33.537711],[-84.368884,33.545622],[-84.369784,33.549805],[-84.371166,33.549839],[-84.372089,33.550406],[-84.374615,33.555785],[-84.375711,33.556353],[-84.381293,33.556933],[-84.385987,33.557998]]]}},{"type":"Feature","properties":{"geoid":"13063040630","name":"Census Tract 406.30, Clayton County","county":"Clayton","score_per1000":1.8,"score_drive_per1000":1.8,"score_transit_per1000":0.0,"score_walk_per1000":0,"pop":4172,"med_hh_income":47188,"pct_no_vehicle":4.5,"pct_black":76.5,"pct_hispanic":6,"pct_65plus":3.8,"pct_drive":100,"pct_transit":0,"pct_walk":0,"min_drive_time":6.32,"min_walk_time":80.78,"min_transit_time":54.88},"geometry":{"type":"Polygon","coordinates":[[[-84.370528,33.555578],[-84.369146,33.546361],[-84.365018,33.537754],[-84.363767,33.532257],[-84.360417,33.531215],[-84.360825,33.536791],[-84.358312,33.538365],[-84.358644,33.539048],[-84.350626,33.538899],[-84.347518,33.539352],[-84.344943,33.541967],[-84.344429,33.542862],[-84.344082,33.545291],[-84.345536,33.553263],[-84.359787,33.553592],[-84.361407,33.5539],[-84.365813,33.555617],[-84.370528,33.555578]]]}},{"type":"Feature","properties":{"geoid":"13063040631","name":"Census Tract 406.31, Clayton County","county":"Clayton","score_per1000":0.6,"score_drive_per1000":0.6,"score_transit_per1000":0,"score_walk_per1000":0,"pop":7510,"med_hh_income":74825,"pct_no_vehicle":2.5,"pct_black":88,"pct_hispanic":2.3,"pct_65plus":12.8,"pct_drive":100,"pct_transit":0,"pct_walk":0,"min_drive_time":11.93,"min_walk_time":157.41,"min_transit_time":82.16},"geometry":{"type":"Polygon","coordinates":[[[-84.380957,33.458092],[-84.378073,33.462252],[-84.37441,33.463939],[-84.374857,33.464398],[-84.374127,33.466175],[-84.375407,33.470548],[-84.376723,33.473133],[-84.377375,33.476029],[-84.378313,33.477496],[-84.378945,33.480601],[-84.381934,33.483759],[-84.383359,33.487914],[-84.38035,33.487292],[-84.376958,33.487341],[-84.367031,33.485887],[-84.361243,33.488148],[-84.357377,33.489188],[-84.355406,33.489359],[-84.35236,33.488949],[-84.349123,33.486898],[-84.347363,33.486437],[-84.337876,33.486162],[-84.337626,33.48952],[-84.338212,33.491482],[-84.339326,33.493401],[-84.346769,33.502223],[-84.352301,33.501582],[-84.356642,33.501492],[-84.356646,33.501793],[-84.357914,33.502201],[-84.362605,33.502223],[-84.363406,33.502698],[-84.364963,33.50209],[-84.365518,33.501525],[-84.367,33.501193],[-84.367331,33.499981],[-84.368811,33.49815],[-84.370828,33.499626],[-84.371919,33.501709],[-84.372093,33.503451],[-84.370594,33.505044],[-84.365098,33.513771],[-84.364347,33.514182],[-84.364329,33.51504],[-84.363738,33.516477],[-84.363438,33.516578],[-84.363681,33.517733],[-84.378558,33.518013],[-84.378815,33.515454],[-84.380152,33.514224],[-84.379776,33.512979],[-84.380681,33.511441],[-84.380191,33.510346],[-84.381499,33.509406],[-84.381785,33.507807],[-84.38351,33.506785],[-84.384121,33.50698],[-84.3848,33.506724],[-84.384978,33.505456],[-84.386898,33.504785],[-84.38825,33.503737],[-84.388281,33.502218],[-84.386883,33.500479],[-84.386306,33.498985],[-84.387878,33.497189],[-84.388872,33.496885],[-84.388851,33.496297],[-84.389302,33.495879],[-84.390094,33.496135],[-84.39303,33.494095],[-84.395176,33.489984],[-84.395017,33.48784],[-84.395397,33.48684],[-84.397483,33.485744],[-84.396081,33.484862],[-84.395825,33.484046],[-84.394293,33.481899],[-84.392563,33.480893],[-84.392072,33.479385],[-84.390845,33.478589],[-84.389707,33.478457],[-84.387138,33.476571],[-84.386944,33.474711],[-84.386327,33.472896],[-84.384946,33.471344],[-84.385295,33.469757],[-84.38649,33.46891],[-84.386525,33.467355],[-84.385963,33.466488],[-84.383024,33.464579],[-84.382868,33.463969],[-84.381818,33.463473],[-84.381643,33.463049],[-84.38203,33.460962],[-84.384776,33.458719],[-84.380957,33.458092]]]}},{"type":"Feature","properties":{"geoid":"13063040632","name":"Census Tract 406.32, Clayton County","county":"Clayton","score_per1000":1.3,"score_drive_per1000":1.3,"score_transit_per1000":0.0,"score_walk_per1000":0,"pop":5152,"med_hh_income":55365,"pct_no_vehicle":4.4,"pct_black":88.8,"pct_hispanic":1.3,"pct_65plus":6.6,"pct_drive":99.68,"pct_transit":0.32,"pct_walk":0,"min_drive_time":9.09,"min_walk_time":154.79,"min_transit_time":54.88},"geometry":{"type":"Polygon","coordinates":[[[-84.298787,33.558435],[-84.299301,33.554747],[-84.293886,33.552981],[-84.283883,33.549084],[-84.269227,33.548967],[-84.268894,33.551593],[-84.269168,33.55446],[-84.271738,33.561378],[-84.27288,33.560552],[-84.273565,33.559508],[-84.275202,33.559121],[-84.282478,33.561154],[-84.28601,33.563757],[-84.289575,33.563132],[-84.289057,33.562016],[-84.289425,33.560699],[-84.28907,33.55987],[-84.288294,33.559491],[-84.287506,33.56073],[-84.286475,33.56029],[-84.287552,33.558291],[-84.289443,33.558908],[-84.289804,33.55834],[-84.298787,33.558435]]]}},{"type":"Feature","properties":{"geoid":"13063040633","name":"Census Tract 406.33, Clayton County","county":"Clayton","score_per1000":1.7,"score_drive_per1000":1.7,"score_transit_per1000":0,"score_walk_per1000":0,"pop":3327,"med_hh_income":55023,"pct_no_vehicle":0,"pct_black":70.1,"pct_hispanic":16.2,"pct_65plus":11.4,"pct_drive":100,"pct_transit":0,"pct_walk":0,"min_drive_time":7.97,"min_walk_time":131.7,"min_transit_time":83.93},"geometry":{"type":"Polygon","coordinates":[[[-84.320049,33.564996],[-84.308535,33.558069],[-84.299301,33.554747],[-84.298787,33.558435],[-84.289804,33.55834],[-84.289443,33.558908],[-84.287552,33.558291],[-84.286475,33.56029],[-84.287506,33.56073],[-84.288294,33.559491],[-84.28907,33.55987],[-84.289425,33.560699],[-84.289057,33.562016],[-84.289575,33.563132],[-84.28601,33.563757],[-84.286647,33.564393],[-84.286656,33.565167],[-84.287196,33.565672],[-84.289583,33.566823],[-84.292358,33.569272],[-84.294227,33.569257],[-84.296047,33.57079],[-84.297625,33.570555],[-84.298488,33.569544],[-84.30187,33.569153],[-84.302651,33.56841],[-84.303129,33.568366],[-84.305495,33.5689],[-84.306339,33.56952],[-84.306694,33.570956],[-84.307936,33.572167],[-84.311671,33.570092],[-84.317357,33.567759],[-84.320049,33.564996]]]}},{"type":"Feature","properties":{"geoid":"13063040634","name":"Census Tract 406.34, Clayton County","county":"Clayton","score_per1000":1.4,"score_drive_per1000":1.5,"score_transit_per1000":0,"score_walk_per1000":0,"pop":3633,"med_hh_income":27500,"pct_no_vehicle":19.8,"pct_black":76.2,"pct_hispanic":10.3,"pct_65plus":9.6,"pct_drive":95.82,"pct_transit":1.5,"pct_walk":2.68,"min_drive_time":8.08,"min_walk_time":100.68,"min_transit_time":82.16},"geometry":{"type":"Polygon","coordinates":[[[-84.377324,33.520691],[-84.378558,33.518013],[-84.363253,33.517818],[-84.361393,33.522493],[-84.360417,33.531215],[-84.362742,33.532113],[-84.368795,33.532958],[-84.371894,33.535148],[-84.376644,33.537005],[-84.377234,33.535474],[-84.376928,33.534707],[-84.377222,33.533974],[-84.376827,33.532865],[-84.376863,33.531613],[-84.377224,33.531386],[-84.377323,33.530606],[-84.376299,33.525563],[-84.375602,33.524445],[-84.377003,33.522289],[-84.377324,33.520691]]]}},{"type":"Feature","properties":{"geoid":"13063040635","name":"Census Tract 406.35, Clayton County","county":"Clayton","score_per1000":1.3,"score_drive_per1000":1.3,"score_transit_per1000":0.0,"score_walk_per1000":0,"pop":3760,"med_hh_income":56607,"pct_no_vehicle":9.4,"pct_black":53.1,"pct_hispanic":11.1,"pct_65plus":7.9,"pct_drive":98.01,"pct_transit":0,"pct_walk":1.99,"min_drive_time":8.7,"min_walk_time":120.33,"min_transit_time":54.88},"geometry":{"type":"Polygon","coordinates":[[[-84.372093,33.503451],[-84.371756,33.501263],[-84.370828,33.499626],[-84.368811,33.49815],[-84.367331,33.499981],[-84.367,33.501193],[-84.365518,33.501525],[-84.364963,33.50209],[-84.363406,33.502698],[-84.362605,33.502223],[-84.357914,33.502201],[-84.356646,33.501793],[-84.356642,33.501492],[-84.352301,33.501582],[-84.346769,33.502223],[-84.352957,33.512154],[-84.354204,33.517811],[-84.354212,33.527661],[-84.353908,33.531025],[-84.351888,33.53494],[-84.347518,33.539352],[-84.350626,33.538899],[-84.358644,33.539048],[-84.358312,33.538365],[-84.360825,33.536791],[-84.360408,33.529783],[-84.361708,33.52133],[-84.363125,33.517926],[-84.363681,33.517733],[-84.363438,33.516578],[-84.363738,33.516477],[-84.364329,33.51504],[-84.364347,33.514182],[-84.365556,33.513132],[-84.370594,33.505044],[-84.372093,33.503451]]]}},{"type":"Feature","properties":{"geoid":"13063040636","name":"Census Tract 406.36, Clayton County","county":"Clayton","score_per1000":0.1,"score_drive_per1000":0.1,"score_transit_per1000":0,"score_walk_per1000":0,"pop":6210,"med_hh_income":119872,"pct_no_vehicle":0.5,"pct_black":79.5,"pct_hispanic":1.7,"pct_65plus":18.6,"pct_drive":99.31,"pct_transit":0,"pct_walk":0.69,"min_drive_time":25.13,"min_walk_time":343.76,"min_transit_time":202.16},"geometry":{"type":"Polygon","coordinates":[[[-84.396351,33.37334],[-84.39447,33.369749],[-84.396047,33.368885],[-84.396144,33.368572],[-84.394959,33.367665],[-84.392895,33.367157],[-84.392474,33.366611],[-84.392588,33.366158],[-84.393444,33.366091],[-84.39357,33.363774],[-84.394802,33.362218],[-84.395077,33.360262],[-84.391485,33.358455],[-84.390158,33.356682],[-84.38915,33.356695],[-84.388582,33.356344],[-84.38855,33.35461],[-84.389098,33.353712],[-84.388122,33.352471],[-84.354404,33.35252],[-84.354077,33.363698],[-84.354185,33.377674],[-84.353878,33.385567],[-84.353588,33.436171],[-84.33064,33.436041],[-84.330601,33.4388],[-84.327852,33.438794],[-84.327668,33.441178],[-84.338289,33.441335],[-84.343922,33.442496],[-84.344788,33.44296],[-84.346861,33.442821],[-84.350921,33.443584],[-84.353076,33.443352],[-84.356303,33.440269],[-84.357735,33.437675],[-84.358631,33.433885],[-84.359869,33.432541],[-84.364388,33.430306],[-84.368717,33.428728],[-84.369463,33.428126],[-84.370495,33.426384],[-84.370455,33.424213],[-84.371015,33.422298],[-84.37988,33.416638],[-84.384304,33.415473],[-84.384506,33.415655],[-84.389229,33.413694],[-84.389663,33.412625],[-84.388107,33.411659],[-84.386714,33.409802],[-84.3875,33.407114],[-84.386876,33.406144],[-84.387243,33.405513],[-84.387006,33.404601],[-84.385083,33.402738],[-84.384316,33.402865],[-84.384174,33.401956],[-84.384529,33.401469],[-84.386466,33.401252],[-84.387019,33.400819],[-84.387167,33.39826],[-84.38807,33.397366],[-84.388623,33.39606],[-84.390551,33.396793],[-84.390939,33.396288],[-84.391863,33.396543],[-84.39345,33.395929],[-84.394747,33.394583],[-84.394746,33.393713],[-84.394068,33.392088],[-84.394205,33.39134],[-84.392992,33.391238],[-84.392792,33.390951],[-84.393313,33.389364],[-84.394726,33.388621],[-84.392744,33.38715],[-84.391739,33.387183],[-84.389952,33.38604],[-84.390392,33.384683],[-84.390469,33.381904],[-84.388457,33.379188],[-84.388027,33.379202],[-84.3878,33.380037],[-84.387252,33.379934],[-84.386942,33.379077],[-84.387181,33.377027],[-84.386538,33.376644],[-84.386542,33.376036],[-84.387368,33.3754],[-84.391064,33.374249],[-84.393617,33.373899],[-84.394538,33.374122],[-84.396351,33.37334]]]}},{"type":"Feature","properties":{"geoid":"13063040637","name":"Census Tract 406.37, Clayton County","county":"Clayton","score_per1000":0.4,"score_drive_per1000":0.4,"score_transit_per1000":0,"score_walk_per1000":0,"pop":3997,"med_hh_income":70341,"pct_no_vehicle":4.4,"pct_black":84.7,"pct_hispanic":3.4,"pct_65plus":4.8,"pct_drive":98.22,"pct_transit":0.89,"pct_walk":0.89,"min_drive_time":15.62,"min_walk_time":234.95,"min_transit_time":81.22},"geometry":{"type":"Polygon","coordinates":[[[-84.344788,33.44296],[-84.344396,33.44262],[-84.339196,33.441415],[-84.327668,33.441178],[-84.327852,33.438794],[-84.330601,33.4388],[-84.33064,33.436041],[-84.323239,33.436189],[-84.323391,33.428033],[-84.319909,33.427935],[-84.320987,33.439381],[-84.324961,33.448646],[-84.329836,33.448006],[-84.332862,33.448963],[-84.337048,33.448766],[-84.342762,33.448979],[-84.343098,33.444468],[-84.343894,33.443351],[-84.344788,33.44296]]]}},{"type":"Feature","properties":{"geoid":"13063040638","name":"Census Tract 406.38, Clayton County","county":"Clayton","score_per1000":0.1,"score_drive_per1000":0.1,"score_transit_per1000":0,"score_walk_per1000":0,"pop":4110,"med_hh_income":102179,"pct_no_vehicle":2.4,"pct_black":72.3,"pct_hispanic":2.2,"pct_65plus":12.9,"pct_drive":97.46,"pct_transit":1.6,"pct_walk":0.94,"min_drive_time":23.19,"min_walk_time":315.58,"min_transit_time":202.16},"geometry":{"type":"Polygon","coordinates":[[[-84.4022,33.436374],[-84.402319,33.420131],[-84.39307,33.420055],[-84.393075,33.412017],[-84.388604,33.411974],[-84.389682,33.412666],[-84.389229,33.413694],[-84.384171,33.415881],[-84.383735,33.416407],[-84.383658,33.417585],[-84.382877,33.417799],[-84.382914,33.419337],[-84.382177,33.421076],[-84.382965,33.4228],[-84.383688,33.423243],[-84.383514,33.424282],[-84.384994,33.424982],[-84.385997,33.42599],[-84.38748,33.425785],[-84.387615,33.4264],[-84.386722,33.427524],[-84.385186,33.431513],[-84.384141,33.432235],[-84.384697,33.432952],[-84.38459,33.433403],[-84.3828,33.434222],[-84.382935,33.434674],[-84.384114,33.435546],[-84.382408,33.436262],[-84.382715,33.437059],[-84.383501,33.437764],[-84.383382,33.438428],[-84.382542,33.438893],[-84.382624,33.4398],[-84.383261,33.440311],[-84.383616,33.441407],[-84.385047,33.441232],[-84.385407,33.441514],[-84.38534,33.442354],[-84.384443,33.442887],[-84.384475,33.443777],[-84.383748,33.444413],[-84.392528,33.444519],[-84.39263,33.436409],[-84.397153,33.436414],[-84.398677,33.435929],[-84.4022,33.436374]]]}},{"type":"Feature","properties":{"geoid":"13063040639","name":"Census Tract 406.39, Clayton County","county":"Clayton","score_per1000":0.3,"score_drive_per1000":0.3,"score_transit_per1000":0,"score_walk_per1000":0,"pop":3994,"med_hh_income":82025,"pct_no_vehicle":0,"pct_black":84.7,"pct_hispanic":7,"pct_65plus":12.9,"pct_drive":100,"pct_transit":0,"pct_walk":0,"min_drive_time":18.4,"min_walk_time":251.2,"min_transit_time":128.93},"geometry":{"type":"Polygon","coordinates":[[[-84.38884,33.44995],[-84.388707,33.447818],[-84.387941,33.447096],[-84.387646,33.446108],[-84.385448,33.447353],[-84.384724,33.445712],[-84.383575,33.445633],[-84.383734,33.444429],[-84.38449,33.443736],[-84.384359,33.442996],[-84.385252,33.442479],[-84.385407,33.441514],[-84.385047,33.441232],[-84.383616,33.441407],[-84.383261,33.440311],[-84.382604,33.439682],[-84.382542,33.438893],[-84.383382,33.438428],[-84.383501,33.437764],[-84.382715,33.437059],[-84.382408,33.436262],[-84.384114,33.435546],[-84.382935,33.434674],[-84.3828,33.434222],[-84.38459,33.433403],[-84.384697,33.432952],[-84.384141,33.432235],[-84.385186,33.431513],[-84.386722,33.427524],[-84.387615,33.4264],[-84.38748,33.425785],[-84.385997,33.42599],[-84.384994,33.424982],[-84.383514,33.424282],[-84.383688,33.423243],[-84.382965,33.4228],[-84.382177,33.421076],[-84.382914,33.419337],[-84.382877,33.417799],[-84.383658,33.417585],[-84.383735,33.416407],[-84.384506,33.415655],[-84.384304,33.415473],[-84.37988,33.416638],[-84.371015,33.422298],[-84.370455,33.424213],[-84.370495,33.426384],[-84.369463,33.428126],[-84.368717,33.428728],[-84.364388,33.430306],[-84.359869,33.432541],[-84.358631,33.433885],[-84.357735,33.437675],[-84.356303,33.440269],[-84.353841,33.442833],[-84.353076,33.443352],[-84.351536,33.443577],[-84.346861,33.442821],[-84.344364,33.443093],[-84.343256,33.44412],[-84.342816,33.446461],[-84.342762,33.448979],[-84.34577,33.449381],[-84.348481,33.451278],[-84.350922,33.452157],[-84.35568,33.452734],[-84.362292,33.45225],[-84.368738,33.452658],[-84.376371,33.455073],[-84.378653,33.456173],[-84.38126,33.458228],[-84.384698,33.45872],[-84.385081,33.45758],[-84.384946,33.45653],[-84.383703,33.455858],[-84.383714,33.455117],[-84.384322,33.454413],[-84.386547,33.453749],[-84.387162,33.452611],[-84.387127,33.452039],[-84.388193,33.451684],[-84.38884,33.44995]]]}},{"type":"Feature","properties":{"geoid":"13063980000","name":"Census Tract 9800, Clayton County","county":"Clayton","score_per1000":null,"score_drive_per1000":2.0,"score_transit_per1000":0.1,"score_walk_per1000":0,"pop":0,"med_hh_income":0,"pct_no_vehicle":0,"pct_black":0,"pct_hispanic":0,"pct_65plus":0,"pct_drive":0,"pct_transit":0,"pct_walk":0,"min_drive_time":10.27,"min_walk_time":150.64,"min_transit_time":52.99},"geometry":{"type":"Polygon","coordinates":[[[-84.458325,33.62463],[-84.458432,33.618993],[-84.453833,33.617911],[-84.443228,33.616403],[-84.440604,33.616588],[-84.435464,33.617994],[-84.432644,33.619137],[-84.42314,33.624205],[-84.414388,33.629815],[-84.411733,33.63111],[-84.40507,33.632889],[-84.400789,33.632913],[-84.401136,33.63565],[-84.400895,33.637981],[-84.397431,33.648215],[-84.432331,33.648815],[-84.448307,33.648766],[-84.448531,33.645815],[-84.448131,33.643714],[-84.448234,33.641215],[-84.450938,33.641192],[-84.453032,33.641215],[-84.453025,33.648882],[-84.45773,33.648872],[-84.458054,33.625608],[-84.458325,33.62463]]]}},{"type":"Feature","properties":{"geoid":"13089020100","name":"Census Tract 201, DeKalb County","county":"DeKalb","score_per1000":4.0,"score_drive_per1000":4.6,"score_transit_per1000":1.7,"score_walk_per1000":0,"pop":2270,"med_hh_income":201458,"pct_no_vehicle":3.9,"pct_black":0.9,"pct_hispanic":12.4,"pct_65plus":14.3,"pct_drive":83.12,"pct_transit":9.31,"pct_walk":7.57,"min_drive_time":3.34,"min_walk_time":41.23,"min_transit_time":17.67},"geometry":{"type":"Polygon","coordinates":[[[-84.348331,33.806359],[-84.348434,33.790525],[-84.347899,33.790398],[-84.34404,33.790567],[-84.343995,33.791278],[-84.343317,33.79219],[-84.343287,33.793713],[-84.342951,33.794275],[-84.343552,33.79462],[-84.342861,33.795492],[-84.342869,33.796123],[-84.341851,33.796115],[-84.338997,33.799763],[-84.336924,33.80057],[-84.338094,33.80283],[-84.337737,33.804493],[-84.339101,33.804078],[-84.340652,33.802958],[-84.341358,33.803708],[-84.34293,33.803572],[-84.343488,33.804228],[-84.34435,33.80448],[-84.344977,33.805277],[-84.348331,33.806359]]]}},{"type":"Feature","properties":{"geoid":"13089020200","name":"Census Tract 202, DeKalb County","county":"DeKalb","score_per1000":4.8,"score_drive_per1000":4.8,"score_transit_per1000":1.4,"score_walk_per1000":0,"pop":2047,"med_hh_income":114821,"pct_no_vehicle":1.3,"pct_black":6,"pct_hispanic":2.3,"pct_65plus":16,"pct_drive":100,"pct_transit":0,"pct_walk":0,"min_drive_time":3.77,"min_walk_time":40.64,"min_transit_time":23.57},"geometry":{"type":"Polygon","coordinates":[[[-84.34866,33.782972],[-84.348986,33.771087],[-84.343789,33.771378],[-84.339326,33.771146],[-84.339262,33.771619],[-84.333034,33.771634],[-84.330033,33.774899],[-84.330068,33.779259],[-84.331844,33.779255],[-84.332254,33.778077],[-84.333278,33.778601],[-84.332783,33.779203],[-84.332899,33.779712],[-84.333742,33.779257],[-84.338266,33.779274],[-84.337394,33.778692],[-84.337645,33.778473],[-84.33867,33.779265],[-84.345194,33.779334],[-84.347443,33.780244],[-84.347251,33.783056],[-84.34866,33.782972]]]}},{"type":"Feature","properties":{"geoid":"13089020300","name":"Census Tract 203, DeKalb County","county":"DeKalb","score_per1000":4.3,"score_drive_per1000":4.7,"score_transit_per1000":0.6,"score_walk_per1000":0,"pop":4463,"med_hh_income":170278,"pct_no_vehicle":2.3,"pct_black":6.3,"pct_hispanic":7.2,"pct_65plus":11.3,"pct_drive":90.66,"pct_transit":6.65,"pct_walk":2.69,"min_drive_time":4.4,"min_walk_time":50.97,"min_transit_time":33.68},"geometry":{"type":"Polygon","coordinates":[[[-84.339981,33.764869],[-84.339221,33.763269],[-84.338769,33.763194],[-84.338605,33.762047],[-84.336224,33.762382],[-84.334056,33.762241],[-84.328535,33.760286],[-84.325911,33.760026],[-84.322697,33.760948],[-84.317224,33.764095],[-84.316975,33.764278],[-84.316998,33.766139],[-84.319079,33.766135],[-84.319794,33.767564],[-84.322978,33.767765],[-84.322973,33.769633],[-84.326779,33.769673],[-84.326795,33.767847],[-84.328433,33.767854],[-84.328431,33.771465],[-84.328613,33.770563],[-84.32903,33.770559],[-84.328843,33.771636],[-84.33142,33.771654],[-84.330409,33.772751],[-84.330067,33.772531],[-84.330033,33.774899],[-84.333034,33.771634],[-84.339262,33.771619],[-84.33942,33.764862],[-84.339981,33.764869]]]}},{"type":"Feature","properties":{"geoid":"13089020400","name":"Census Tract 204, DeKalb County","county":"DeKalb","score_per1000":4.5,"score_drive_per1000":4.8,"score_transit_per1000":1.2,"score_walk_per1000":0,"pop":2542,"med_hh_income":167607,"pct_no_vehicle":0.9,"pct_black":3.8,"pct_hispanic":6.9,"pct_65plus":9.2,"pct_drive":93.47,"pct_transit":4.59,"pct_walk":1.94,"min_drive_time":4.41,"min_walk_time":52.69,"min_transit_time":23.57},"geometry":{"type":"Polygon","coordinates":[[[-84.348986,33.771087],[-84.349186,33.759925],[-84.346331,33.760812],[-84.338605,33.762047],[-84.338769,33.763194],[-84.339221,33.763269],[-84.339981,33.764869],[-84.33942,33.764862],[-84.339326,33.771146],[-84.343789,33.771378],[-84.348986,33.771087]]]}},{"type":"Feature","properties":{"geoid":"13089020500","name":"Census Tract 205, DeKalb County","county":"DeKalb","score_per1000":4.5,"score_drive_per1000":4.7,"score_transit_per1000":0.8,"score_walk_per1000":0,"pop":3514,"med_hh_income":123125,"pct_no_vehicle":3.7,"pct_black":27.2,"pct_hispanic":8.3,"pct_65plus":10.7,"pct_drive":94.21,"pct_transit":5.79,"pct_walk":0,"min_drive_time":4.57,"min_walk_time":53.03,"min_transit_time":28.46},"geometry":{"type":"Polygon","coordinates":[[[-84.349186,33.759925],[-84.349201,33.747627],[-84.330426,33.747435],[-84.330358,33.753407],[-84.342104,33.753436],[-84.341854,33.761534],[-84.346899,33.760694],[-84.349186,33.759925]]]}},{"type":"Feature","properties":{"geoid":"13089020600","name":"Census Tract 206, DeKalb County","county":"DeKalb","score_per1000":4.4,"score_drive_per1000":4.5,"score_transit_per1000":0.8,"score_walk_per1000":0,"pop":2930,"med_hh_income":90128,"pct_no_vehicle":8.1,"pct_black":36.7,"pct_hispanic":5.6,"pct_65plus":3.8,"pct_drive":98.24,"pct_transit":1.76,"pct_walk":0,"min_drive_time":5.21,"min_walk_time":64.35,"min_transit_time":28.46},"geometry":{"type":"Polygon","coordinates":[[[-84.341854,33.761534],[-84.342104,33.753436],[-84.329144,33.753423],[-84.3291,33.760461],[-84.332879,33.761923],[-84.334928,33.762363],[-84.341854,33.761534]]]}},{"type":"Feature","properties":{"geoid":"13089020700","name":"Census Tract 207, DeKalb County","county":"DeKalb","score_per1000":3.6,"score_drive_per1000":4.2,"score_transit_per1000":0.6,"score_walk_per1000":0,"pop":2783,"med_hh_income":79255,"pct_no_vehicle":25.9,"pct_black":24.1,"pct_hispanic":16.7,"pct_65plus":9.5,"pct_drive":84.15,"pct_transit":12.45,"pct_walk":3.4,"min_drive_time":6.03,"min_walk_time":66.51,"min_transit_time":33.68},"geometry":{"type":"Polygon","coordinates":[[[-84.330358,33.753407],[-84.330426,33.747435],[-84.320852,33.747345],[-84.320554,33.749875],[-84.322285,33.751124],[-84.320243,33.75122],[-84.320181,33.759448],[-84.320761,33.761756],[-84.319677,33.762669],[-84.324547,33.76025],[-84.326743,33.760026],[-84.3291,33.760461],[-84.329144,33.753423],[-84.330358,33.753407]]]}},{"type":"Feature","properties":{"geoid":"13089020801","name":"Census Tract 208.01, DeKalb County","county":"DeKalb","score_per1000":4.0,"score_drive_per1000":4.2,"score_transit_per1000":0.4,"score_walk_per1000":0,"pop":3011,"med_hh_income":181833,"pct_no_vehicle":1,"pct_black":19.4,"pct_hispanic":7.3,"pct_65plus":5.6,"pct_drive":94.47,"pct_transit":5.53,"pct_walk":0,"min_drive_time":5.83,"min_walk_time":62.63,"min_transit_time":40.46},"geometry":{"type":"Polygon","coordinates":[[[-84.320243,33.75122],[-84.322285,33.751124],[-84.320554,33.749875],[-84.320852,33.747345],[-84.314138,33.747317],[-84.314169,33.750076],[-84.309832,33.754151],[-84.310447,33.75531],[-84.312315,33.755306],[-84.312447,33.765107],[-84.315193,33.764829],[-84.316975,33.764278],[-84.320761,33.761756],[-84.320181,33.759448],[-84.320243,33.75122]]]}},{"type":"Feature","properties":{"geoid":"13089020802","name":"Census Tract 208.02, DeKalb County","county":"DeKalb","score_per1000":4.2,"score_drive_per1000":4.2,"score_transit_per1000":0.4,"score_walk_per1000":0,"pop":5172,"med_hh_income":112826,"pct_no_vehicle":8.7,"pct_black":55.5,"pct_hispanic":4.1,"pct_65plus":9.1,"pct_drive":99.57,"pct_transit":0,"pct_walk":0.43,"min_drive_time":5.83,"min_walk_time":76.53,"min_transit_time":39.05},"geometry":{"type":"Polygon","coordinates":[[[-84.315521,33.742467],[-84.315229,33.741754],[-84.314128,33.740846],[-84.313658,33.739548],[-84.300458,33.739213],[-84.30049,33.738652],[-84.296115,33.738567],[-84.295359,33.739471],[-84.293828,33.739027],[-84.2903,33.738872],[-84.290277,33.739562],[-84.289818,33.739721],[-84.290272,33.739715],[-84.290245,33.741933],[-84.289702,33.742158],[-84.290978,33.744764],[-84.289564,33.74471],[-84.290815,33.747095],[-84.290976,33.749452],[-84.290653,33.753149],[-84.295866,33.753606],[-84.297205,33.754315],[-84.302477,33.754762],[-84.302514,33.753559],[-84.304015,33.753558],[-84.304675,33.752387],[-84.311223,33.752431],[-84.311257,33.752951],[-84.312823,33.751089],[-84.314169,33.750076],[-84.314138,33.747317],[-84.314514,33.747322],[-84.314519,33.74665],[-84.314105,33.744665],[-84.315371,33.74307],[-84.315521,33.742467]],[[-84.30966,33.740683],[-84.309736,33.745261],[-84.295184,33.744926],[-84.295353,33.739672],[-84.305081,33.739941],[-84.305092,33.740602],[-84.30966,33.740683]]]}},{"type":"Feature","properties":{"geoid":"13089020901","name":"Census Tract 209.01, DeKalb County","county":"DeKalb","score_per1000":4.4,"score_drive_per1000":4.5,"score_transit_per1000":0.8,"score_walk_per1000":0,"pop":2952,"med_hh_income":126464,"pct_no_vehicle":9.9,"pct_black":24.5,"pct_hispanic":7,"pct_65plus":15.2,"pct_drive":98.31,"pct_transit":0,"pct_walk":1.69,"min_drive_time":4.34,"min_walk_time":63.8,"min_transit_time":28.03},"geometry":{"type":"Polygon","coordinates":[[[-84.349201,33.747627],[-84.349442,33.722245],[-84.34873,33.722183],[-84.348602,33.732476],[-84.340086,33.732413],[-84.340069,33.732984],[-84.338534,33.731673],[-84.338107,33.732099],[-84.339427,33.733228],[-84.338809,33.733705],[-84.338656,33.734297],[-84.338727,33.736514],[-84.339353,33.737391],[-84.339374,33.740066],[-84.327108,33.739876],[-84.328743,33.744706],[-84.328574,33.747423],[-84.349201,33.747627]]]}},{"type":"Feature","properties":{"geoid":"13089020902","name":"Census Tract 209.02, DeKalb County","county":"DeKalb","score_per1000":4.1,"score_drive_per1000":4.1,"score_transit_per1000":0.3,"score_walk_per1000":0,"pop":2787,"med_hh_income":79632,"pct_no_vehicle":9.8,"pct_black":46.3,"pct_hispanic":1.3,"pct_65plus":9.9,"pct_drive":100,"pct_transit":0,"pct_walk":0,"min_drive_time":5.49,"min_walk_time":80.65,"min_transit_time":43.54},"geometry":{"type":"Polygon","coordinates":[[[-84.338809,33.733705],[-84.339427,33.733228],[-84.338107,33.732099],[-84.338496,33.73162],[-84.33484,33.728693],[-84.333186,33.725199],[-84.331903,33.720713],[-84.330764,33.719293],[-84.330606,33.718633],[-84.32929,33.718446],[-84.329281,33.719192],[-84.328508,33.721127],[-84.327248,33.722777],[-84.323936,33.724588],[-84.324013,33.725256],[-84.321486,33.726621],[-84.326099,33.729538],[-84.329354,33.730711],[-84.329302,33.73779],[-84.328607,33.737778],[-84.329166,33.738768],[-84.328635,33.739041],[-84.329396,33.739837],[-84.339374,33.740066],[-84.339353,33.737391],[-84.338727,33.736514],[-84.338809,33.733705]]]}},{"type":"Feature","properties":{"geoid":"13089021101","name":"Census Tract 211.01, DeKalb County","county":"DeKalb","score_per1000":4.0,"score_drive_per1000":4.1,"score_transit_per1000":0.2,"score_walk_per1000":0,"pop":4722,"med_hh_income":250001,"pct_no_vehicle":0,"pct_black":3.7,"pct_hispanic":3.4,"pct_65plus":13,"pct_drive":99.02,"pct_transit":0,"pct_walk":0.98,"min_drive_time":7.6,"min_walk_time":89.31,"min_transit_time":52.21},"geometry":{"type":"Polygon","coordinates":[[[-84.348229,33.902722],[-84.348093,33.882096],[-84.346074,33.881377],[-84.33853,33.88021],[-84.3365,33.880364],[-84.334686,33.88094],[-84.331682,33.880287],[-84.32727,33.880447],[-84.32704,33.884279],[-84.325252,33.886177],[-84.32474,33.887926],[-84.326179,33.892276],[-84.327762,33.893261],[-84.329949,33.893548],[-84.334687,33.893264],[-84.343781,33.896356],[-84.345003,33.897456],[-84.348229,33.902722]]]}},{"type":"Feature","properties":{"geoid":"13089021103","name":"Census Tract 211.03, DeKalb County","county":"DeKalb","score_per1000":4.1,"score_drive_per1000":4.3,"score_transit_per1000":0.3,"score_walk_per1000":0,"pop":4600,"med_hh_income":103491,"pct_no_vehicle":8.4,"pct_black":12.2,"pct_hispanic":12.4,"pct_65plus":8,"pct_drive":95.8,"pct_transit":0,"pct_walk":4.2,"min_drive_time":6.16,"min_walk_time":83.75,"min_transit_time":47.0},"geometry":{"type":"Polygon","coordinates":[[[-84.348093,33.882096],[-84.348246,33.865215],[-84.346729,33.865049],[-84.346503,33.865339],[-84.346697,33.866364],[-84.345849,33.867616],[-84.343589,33.869096],[-84.342924,33.869908],[-84.341575,33.87043],[-84.341192,33.868994],[-84.336833,33.865084],[-84.331193,33.872763],[-84.327962,33.875086],[-84.32727,33.880447],[-84.331682,33.880287],[-84.334686,33.88094],[-84.3365,33.880364],[-84.33853,33.88021],[-84.346074,33.881377],[-84.348093,33.882096]]]}},{"type":"Feature","properties":{"geoid":"13089021104","name":"Census Tract 211.04, DeKalb County","county":"DeKalb","score_per1000":4.0,"score_drive_per1000":4.8,"score_transit_per1000":1.3,"score_walk_per1000":0,"pop":1814,"med_hh_income":94792,"pct_no_vehicle":6.3,"pct_black":22.8,"pct_hispanic":15.1,"pct_65plus":21.7,"pct_drive":81.27,"pct_transit":9.0,"pct_walk":9.73,"min_drive_time":4.6,"min_walk_time":62.64,"min_transit_time":33.0},"geometry":{"type":"Polygon","coordinates":[[[-84.348246,33.865215],[-84.348283,33.854244],[-84.342254,33.856705],[-84.340769,33.857625],[-84.339798,33.858922],[-84.336833,33.865084],[-84.341192,33.868994],[-84.341575,33.87043],[-84.341957,33.870329],[-84.342924,33.869908],[-84.343589,33.869096],[-84.345849,33.867616],[-84.346697,33.866364],[-84.346642,33.865101],[-84.348246,33.865215]]]}},{"type":"Feature","properties":{"geoid":"13089021204","name":"Census Tract 212.04, DeKalb County","county":"DeKalb","score_per1000":3.0,"score_drive_per1000":4.1,"score_transit_per1000":0.3,"score_walk_per1000":0,"pop":3695,"med_hh_income":44524,"pct_no_vehicle":35.9,"pct_black":0,"pct_hispanic":98.9,"pct_65plus":0.5,"pct_drive":72.37,"pct_transit":21.12,"pct_walk":6.51,"min_drive_time":7.48,"min_walk_time":91.15,"min_transit_time":47.0},"geometry":{"type":"Polygon","coordinates":[[[-84.310468,33.885676],[-84.309709,33.884628],[-84.309447,33.883496],[-84.309455,33.865362],[-84.305504,33.866296],[-84.3024,33.866539],[-84.29575,33.872595],[-84.294609,33.874217],[-84.285834,33.890012],[-84.286499,33.892691],[-84.286136,33.894091],[-84.287999,33.896687],[-84.287763,33.896784],[-84.288053,33.89729],[-84.289118,33.897321],[-84.298767,33.893303],[-84.30021,33.892364],[-84.303654,33.88919],[-84.310468,33.885676]]]}},{"type":"Feature","properties":{"geoid":"13089021208","name":"Census Tract 212.08, DeKalb County","county":"DeKalb","score_per1000":3.6,"score_drive_per1000":4.1,"score_transit_per1000":0.3,"score_walk_per1000":0,"pop":5577,"med_hh_income":90781,"pct_no_vehicle":13.6,"pct_black":24,"pct_hispanic":11.1,"pct_65plus":17.5,"pct_drive":88.56,"pct_transit":9.18,"pct_walk":2.26,"min_drive_time":6.3,"min_walk_time":70.25,"min_transit_time":47.0},"geometry":{"type":"Polygon","coordinates":[[[-84.322481,33.878799],[-84.322237,33.878578],[-84.321413,33.87897],[-84.317003,33.882587],[-84.30399,33.888976],[-84.299013,33.893167],[-84.289118,33.897321],[-84.289661,33.89737],[-84.289663,33.897796],[-84.290494,33.897072],[-84.293888,33.896318],[-84.293823,33.899155],[-84.294129,33.90069],[-84.29699,33.909592],[-84.297991,33.911086],[-84.30092,33.913834],[-84.304114,33.918082],[-84.308722,33.915295],[-84.309967,33.911716],[-84.310509,33.911129],[-84.310909,33.911408],[-84.309818,33.908051],[-84.310371,33.905541],[-84.310029,33.904064],[-84.308473,33.901539],[-84.306683,33.900336],[-84.305097,33.898718],[-84.304583,33.89562],[-84.31349,33.88842],[-84.3172,33.883209],[-84.320592,33.880886],[-84.322481,33.878799]]]}},{"type":"Feature","properties":{"geoid":"13089021210","name":"Census Tract 212.10, DeKalb County","county":"DeKalb","score_per1000":3.9,"score_drive_per1000":4.1,"score_transit_per1000":0,"score_walk_per1000":0,"pop":5480,"med_hh_income":220679,"pct_no_vehicle":2.6,"pct_black":2.2,"pct_hispanic":2.1,"pct_65plus":18,"pct_drive":94.84,"pct_transit":4.19,"pct_walk":0.97,"min_drive_time":6.98,"min_walk_time":92.36,"min_transit_time":68.38},"geometry":{"type":"Polygon","coordinates":[[[-84.334269,33.946077],[-84.33212,33.944128],[-84.329711,33.941059],[-84.326619,33.938084],[-84.320772,33.934008],[-84.31588,33.931426],[-84.313813,33.929346],[-84.310403,33.930811],[-84.309019,33.932235],[-84.308416,33.933701],[-84.307282,33.934597],[-84.298764,33.935898],[-84.298712,33.939489],[-84.297915,33.939962],[-84.297203,33.939084],[-84.293913,33.936687],[-84.293702,33.938298],[-84.295288,33.94168],[-84.295648,33.943767],[-84.296659,33.945141],[-84.295836,33.946476],[-84.293969,33.947804],[-84.294065,33.948609],[-84.294821,33.949378],[-84.294488,33.950621],[-84.298593,33.954133],[-84.299233,33.956101],[-84.301405,33.95819],[-84.306895,33.954532],[-84.311724,33.952567],[-84.316926,33.951303],[-84.327727,33.947414],[-84.332127,33.946808],[-84.334269,33.946077]]]}},{"type":"Feature","properties":{"geoid":"13089021211","name":"Census Tract 212.11, DeKalb County","county":"DeKalb","score_per1000":2.9,"score_drive_per1000":3.0,"score_transit_per1000":0,"score_walk_per1000":0,"pop":4600,"med_hh_income":178690,"pct_no_vehicle":0.6,"pct_black":1.5,"pct_hispanic":3.7,"pct_65plus":27.6,"pct_drive":96.35,"pct_transit":2.89,"pct_walk":0.76,"min_drive_time":10.87,"min_walk_time":132.18,"min_transit_time":107.0},"geometry":{"type":"Polygon","coordinates":[[[-84.301405,33.95819],[-84.299233,33.956101],[-84.298593,33.954133],[-84.294488,33.950621],[-84.294821,33.949378],[-84.294065,33.948609],[-84.293969,33.947804],[-84.295836,33.946476],[-84.296653,33.945014],[-84.295648,33.943767],[-84.295288,33.94168],[-84.293702,33.938298],[-84.293913,33.936687],[-84.293193,33.936419],[-84.288115,33.936505],[-84.285153,33.937522],[-84.282865,33.939297],[-84.279271,33.940096],[-84.272473,33.940833],[-84.27107,33.942512],[-84.27222,33.944859],[-84.266319,33.947597],[-84.271822,33.955746],[-84.275327,33.954101],[-84.275726,33.954207],[-84.277199,33.957833],[-84.280501,33.956026],[-84.284275,33.956382],[-84.287459,33.957751],[-84.29065,33.958258],[-84.294536,33.959779],[-84.298325,33.959796],[-84.299828,33.959349],[-84.301405,33.95819]]]}},{"type":"Feature","properties":{"geoid":"13089021213","name":"Census Tract 212.13, DeKalb County","county":"DeKalb","score_per1000":4.0,"score_drive_per1000":4.1,"score_transit_per1000":0,"score_walk_per1000":0,"pop":3437,"med_hh_income":245724,"pct_no_vehicle":0,"pct_black":1.1,"pct_hispanic":1.8,"pct_65plus":21.6,"pct_drive":98.84,"pct_transit":0,"pct_walk":1.16,"min_drive_time":6.13,"min_walk_time":81.43,"min_transit_time":60.38},"geometry":{"type":"Polygon","coordinates":[[[-84.347823,33.963294],[-84.347827,33.938023],[-84.343305,33.940871],[-84.338928,33.943017],[-84.3354,33.945603],[-84.334269,33.946077],[-84.335391,33.947521],[-84.336334,33.949781],[-84.336823,33.953291],[-84.335869,33.957538],[-84.338161,33.963072],[-84.338517,33.968579],[-84.33931,33.970022],[-84.342178,33.968241],[-84.343059,33.96812],[-84.344997,33.967012],[-84.346171,33.965986],[-84.346747,33.966324],[-84.346841,33.968116],[-84.347416,33.968115],[-84.347823,33.963294]]]}},{"type":"Feature","properties":{"geoid":"13089021217","name":"Census Tract 212.17, DeKalb County","county":"DeKalb","score_per1000":3.9,"score_drive_per1000":3.9,"score_transit_per1000":0.3,"score_walk_per1000":0,"pop":2746,"med_hh_income":140179,"pct_no_vehicle":4.8,"pct_black":15.4,"pct_hispanic":12.5,"pct_65plus":11,"pct_drive":97.45,"pct_transit":2.55,"pct_walk":0,"min_drive_time":8.51,"min_walk_time":101.96,"min_transit_time":47.0},"geometry":{"type":"Polygon","coordinates":[[[-84.295289,33.926516],[-84.296864,33.920157],[-84.294994,33.919711],[-84.29352,33.920689],[-84.293382,33.921327],[-84.290652,33.922385],[-84.287644,33.922506],[-84.287594,33.922812],[-84.286264,33.922483],[-84.285894,33.922899],[-84.283412,33.922872],[-84.281878,33.923967],[-84.283289,33.927103],[-84.28424,33.93069],[-84.286789,33.935487],[-84.287935,33.936425],[-84.292859,33.936395],[-84.293913,33.936687],[-84.29399,33.935835],[-84.294818,33.93434],[-84.294673,33.931235],[-84.29536,33.92907],[-84.295289,33.926516]]]}},{"type":"Feature","properties":{"geoid":"13089021219","name":"Census Tract 212.19, DeKalb County","county":"DeKalb","score_per1000":4.3,"score_drive_per1000":4.4,"score_transit_per1000":0.7,"score_walk_per1000":0,"pop":4539,"med_hh_income":182917,"pct_no_vehicle":3.7,"pct_black":7.8,"pct_hispanic":6.3,"pct_65plus":14.7,"pct_drive":96.61,"pct_transit":2.98,"pct_walk":0.41,"min_drive_time":3.47,"min_walk_time":38.11,"min_transit_time":36.38},"geometry":{"type":"Polygon","coordinates":[[[-84.347917,33.91501],[-84.348229,33.902722],[-84.345161,33.897769],[-84.344443,33.898057],[-84.341751,33.897717],[-84.337923,33.898607],[-84.337681,33.898784],[-84.33785,33.899309],[-84.338807,33.900485],[-84.33815,33.901612],[-84.331188,33.90358],[-84.331972,33.90558],[-84.326948,33.909056],[-84.326018,33.909353],[-84.321507,33.909339],[-84.318953,33.911103],[-84.317334,33.911686],[-84.316436,33.912589],[-84.314811,33.912263],[-84.313651,33.914482],[-84.314679,33.914976],[-84.316021,33.917237],[-84.3148,33.920217],[-84.331342,33.919904],[-84.347917,33.91501]]]}},{"type":"Feature","properties":{"geoid":"13089021220","name":"Census Tract 212.20, DeKalb County","county":"DeKalb","score_per1000":3.6,"score_drive_per1000":3.9,"score_transit_per1000":0.2,"score_walk_per1000":0,"pop":3475,"med_hh_income":111981,"pct_no_vehicle":1.5,"pct_black":21.6,"pct_hispanic":3.7,"pct_65plus":15.6,"pct_drive":91.12,"pct_transit":8.88,"pct_walk":0,"min_drive_time":4.97,"min_walk_time":50.44,"min_transit_time":50.44},"geometry":{"type":"Polygon","coordinates":[[[-84.331972,33.90558],[-84.331249,33.90386],[-84.331204,33.902605],[-84.329395,33.901935],[-84.326612,33.901521],[-84.323249,33.902396],[-84.32003,33.901731],[-84.315297,33.902963],[-84.314123,33.902575],[-84.31188,33.900503],[-84.310624,33.900543],[-84.308168,33.901286],[-84.310264,33.90474],[-84.310371,33.905541],[-84.309818,33.908051],[-84.310909,33.911408],[-84.310509,33.911129],[-84.309967,33.911716],[-84.308722,33.915295],[-84.304114,33.918082],[-84.305186,33.920387],[-84.314722,33.920415],[-84.316021,33.917237],[-84.314679,33.914976],[-84.313651,33.914482],[-84.314811,33.912263],[-84.316436,33.912589],[-84.317334,33.911686],[-84.318953,33.911103],[-84.321507,33.909339],[-84.326519,33.909244],[-84.331972,33.90558]]]}},{"type":"Feature","properties":{"geoid":"13089021221","name":"Census Tract 212.21, DeKalb County","county":"DeKalb","score_per1000":4.1,"score_drive_per1000":4.2,"score_transit_per1000":0.7,"score_walk_per1000":0,"pop":2933,"med_hh_income":125060,"pct_no_vehicle":1,"pct_black":15,"pct_hispanic":13.3,"pct_65plus":7.7,"pct_drive":97.71,"pct_transit":2.29,"pct_walk":0,"min_drive_time":3.76,"min_walk_time":42.17,"min_transit_time":42.17},"geometry":{"type":"Polygon","coordinates":[[[-84.345161,33.897769],[-84.343781,33.896356],[-84.335558,33.893494],[-84.333853,33.893196],[-84.329055,33.893508],[-84.327762,33.893261],[-84.326179,33.892276],[-84.324694,33.89542],[-84.320702,33.8997],[-84.313304,33.899926],[-84.311988,33.900136],[-84.311825,33.900492],[-84.312492,33.900811],[-84.314123,33.902575],[-84.31499,33.902924],[-84.317323,33.902589],[-84.319508,33.901784],[-84.320782,33.901748],[-84.323249,33.902396],[-84.326612,33.901521],[-84.329811,33.902018],[-84.331204,33.902605],[-84.331188,33.90358],[-84.33815,33.901612],[-84.338807,33.900485],[-84.33785,33.899309],[-84.337681,33.898784],[-84.337923,33.898607],[-84.341751,33.897717],[-84.344443,33.898057],[-84.345161,33.897769]]]}},{"type":"Feature","properties":{"geoid":"13089021222","name":"Census Tract 212.22, DeKalb County","county":"DeKalb","score_per1000":3.9,"score_drive_per1000":4.1,"score_transit_per1000":0.3,"score_walk_per1000":0,"pop":4969,"med_hh_income":94522,"pct_no_vehicle":13.8,"pct_black":32.8,"pct_hispanic":5.9,"pct_65plus":19.1,"pct_drive":96.86,"pct_transit":2.14,"pct_walk":1.0,"min_drive_time":5.35,"min_walk_time":64.62,"min_transit_time":47.0},"geometry":{"type":"Polygon","coordinates":[[[-84.327957,33.875131],[-84.321829,33.878699],[-84.322481,33.878799],[-84.320592,33.880886],[-84.3172,33.883209],[-84.31349,33.88842],[-84.304583,33.89562],[-84.304967,33.89844],[-84.305826,33.899613],[-84.308168,33.901286],[-84.313304,33.899926],[-84.320139,33.899868],[-84.321021,33.899474],[-84.324244,33.896011],[-84.326179,33.892276],[-84.32486,33.888698],[-84.324748,33.88741],[-84.325252,33.886177],[-84.32704,33.884279],[-84.327089,33.881609],[-84.327957,33.875131]]]}},{"type":"Feature","properties":{"geoid":"13089021223","name":"Census Tract 212.23, DeKalb County","county":"DeKalb","score_per1000":4.1,"score_drive_per1000":4.1,"score_transit_per1000":0.2,"score_walk_per1000":0,"pop":1603,"med_hh_income":116458,"pct_no_vehicle":16.6,"pct_black":9,"pct_hispanic":0.4,"pct_65plus":16.7,"pct_drive":100,"pct_transit":0,"pct_walk":0,"min_drive_time":5.6,"min_walk_time":75.8,"min_transit_time":53.38},"geometry":{"type":"Polygon","coordinates":[[[-84.338307,33.941626],[-84.337891,33.936283],[-84.329904,33.936466],[-84.327368,33.938772],[-84.329711,33.941059],[-84.33212,33.944128],[-84.334269,33.946077],[-84.3354,33.945603],[-84.338028,33.943597],[-84.33782,33.943165],[-84.338307,33.941626]]]}},{"type":"Feature","properties":{"geoid":"13089021224","name":"Census Tract 212.24, DeKalb County","county":"DeKalb","score_per1000":3.6,"score_drive_per1000":3.7,"score_transit_per1000":0,"score_walk_per1000":0,"pop":4850,"med_hh_income":63651,"pct_no_vehicle":2.7,"pct_black":45.5,"pct_hispanic":3.3,"pct_65plus":9.3,"pct_drive":97.82,"pct_transit":2.18,"pct_walk":0,"min_drive_time":9.53,"min_walk_time":108.51,"min_transit_time":84.38},"geometry":{"type":"Polygon","coordinates":[[[-84.310403,33.930811],[-84.313813,33.929346],[-84.313119,33.9286],[-84.309244,33.925927],[-84.306541,33.923336],[-84.305186,33.920387],[-84.296864,33.920157],[-84.295289,33.926516],[-84.29536,33.92907],[-84.294673,33.931235],[-84.294818,33.93434],[-84.29399,33.935835],[-84.293913,33.936687],[-84.297203,33.939084],[-84.297915,33.939962],[-84.298712,33.939489],[-84.298764,33.935898],[-84.307282,33.934597],[-84.308416,33.933701],[-84.309019,33.932235],[-84.310403,33.930811]]]}},{"type":"Feature","properties":{"geoid":"13089021225","name":"Census Tract 212.25, DeKalb County","county":"DeKalb","score_per1000":4.1,"score_drive_per1000":4.1,"score_transit_per1000":0.2,"score_walk_per1000":0,"pop":2286,"med_hh_income":79982,"pct_no_vehicle":2.9,"pct_black":28.2,"pct_hispanic":20.9,"pct_65plus":5.4,"pct_drive":100,"pct_transit":0,"pct_walk":0,"min_drive_time":6.6,"min_walk_time":74.66,"min_transit_time":52.21},"geometry":{"type":"Polygon","coordinates":[[[-84.315944,33.926236],[-84.314215,33.922258],[-84.314722,33.920415],[-84.305186,33.920387],[-84.306541,33.923336],[-84.308809,33.925571],[-84.313813,33.929346],[-84.315944,33.926236]]]}},{"type":"Feature","properties":{"geoid":"13089021226","name":"Census Tract 212.26, DeKalb County","county":"DeKalb","score_per1000":4.0,"score_drive_per1000":4.1,"score_transit_per1000":0.7,"score_walk_per1000":0,"pop":3523,"med_hh_income":98822,"pct_no_vehicle":6.6,"pct_black":35.8,"pct_hispanic":4.3,"pct_65plus":5.1,"pct_drive":96.71,"pct_transit":3.29,"pct_walk":0,"min_drive_time":5.93,"min_walk_time":70.32,"min_transit_time":36.38},"geometry":{"type":"Polygon","coordinates":[[[-84.339058,33.92093],[-84.338191,33.917967],[-84.330476,33.920012],[-84.3148,33.920217],[-84.314215,33.922258],[-84.31479,33.923978],[-84.319338,33.923826],[-84.322053,33.922706],[-84.3232,33.923628],[-84.324835,33.923929],[-84.325729,33.923699],[-84.327596,33.923889],[-84.327647,33.922052],[-84.330242,33.922079],[-84.330069,33.925129],[-84.330919,33.925779],[-84.332992,33.925976],[-84.332869,33.927421],[-84.334227,33.929157],[-84.334267,33.931163],[-84.335204,33.931721],[-84.337429,33.931574],[-84.337002,33.92837],[-84.33722,33.925594],[-84.339058,33.92093]]]}},{"type":"Feature","properties":{"geoid":"13089021227","name":"Census Tract 212.27, DeKalb County","county":"DeKalb","score_per1000":4.0,"score_drive_per1000":4.1,"score_transit_per1000":0,"score_walk_per1000":0,"pop":5454,"med_hh_income":179479,"pct_no_vehicle":0.4,"pct_black":29.9,"pct_hispanic":0.5,"pct_65plus":8.9,"pct_drive":97.09,"pct_transit":0,"pct_walk":2.91,"min_drive_time":7.03,"min_walk_time":88.77,"min_transit_time":68.38},"geometry":{"type":"Polygon","coordinates":[[[-84.337891,33.936283],[-84.337429,33.931574],[-84.335054,33.931719],[-84.334356,33.931336],[-84.334227,33.929157],[-84.332885,33.927486],[-84.332992,33.925976],[-84.330919,33.925779],[-84.330069,33.925129],[-84.330242,33.922079],[-84.327647,33.922052],[-84.327596,33.923889],[-84.32397,33.923869],[-84.322867,33.923438],[-84.322053,33.922706],[-84.319338,33.923826],[-84.31479,33.923978],[-84.315944,33.926236],[-84.313813,33.929346],[-84.31588,33.931426],[-84.323373,33.935627],[-84.327368,33.938772],[-84.329904,33.936466],[-84.337891,33.936283]]]}},{"type":"Feature","properties":{"geoid":"13089021228","name":"Census Tract 212.28, DeKalb County","county":"DeKalb","score_per1000":3.7,"score_drive_per1000":3.8,"score_transit_per1000":0,"score_walk_per1000":0,"pop":3460,"med_hh_income":241250,"pct_no_vehicle":0,"pct_black":0.2,"pct_hispanic":4.7,"pct_65plus":14.8,"pct_drive":96.37,"pct_transit":3.63,"pct_walk":0,"min_drive_time":7.56,"min_walk_time":99.86,"min_transit_time":68.38},"geometry":{"type":"Polygon","coordinates":[[[-84.326095,33.959627],[-84.325489,33.953459],[-84.325704,33.952094],[-84.324628,33.948589],[-84.316926,33.951303],[-84.312391,33.952328],[-84.307986,33.954051],[-84.305231,33.955519],[-84.299828,33.959349],[-84.303322,33.960437],[-84.309352,33.963748],[-84.311693,33.964348],[-84.313296,33.96541],[-84.315517,33.966068],[-84.31709,33.966138],[-84.317881,33.96658],[-84.318793,33.965611],[-84.320362,33.964913],[-84.321241,33.964917],[-84.321609,33.963817],[-84.320928,33.963314],[-84.320866,33.962858],[-84.322564,33.962162],[-84.321555,33.96069],[-84.32166,33.960136],[-84.32223,33.959713],[-84.32404,33.959372],[-84.326095,33.959627]]]}},{"type":"Feature","properties":{"geoid":"13089021229","name":"Census Tract 212.29, DeKalb County","county":"DeKalb","score_per1000":3.4,"score_drive_per1000":3.6,"score_transit_per1000":0,"score_walk_per1000":0,"pop":3432,"med_hh_income":185417,"pct_no_vehicle":0.6,"pct_black":2.3,"pct_hispanic":1,"pct_65plus":20.5,"pct_drive":92.66,"pct_transit":6.93,"pct_walk":0.42,"min_drive_time":8.08,"min_walk_time":105.82,"min_transit_time":81.74},"geometry":{"type":"Polygon","coordinates":[[[-84.338899,33.969701],[-84.338505,33.968481],[-84.338161,33.963072],[-84.335869,33.957538],[-84.336821,33.952716],[-84.336271,33.949535],[-84.335179,33.947144],[-84.334269,33.946077],[-84.332127,33.946808],[-84.327727,33.947414],[-84.324628,33.948589],[-84.325704,33.952094],[-84.325489,33.953459],[-84.326095,33.959627],[-84.32404,33.959372],[-84.32223,33.959713],[-84.32166,33.960136],[-84.321555,33.96069],[-84.322564,33.962162],[-84.320866,33.962858],[-84.320928,33.963314],[-84.321609,33.963817],[-84.321241,33.964917],[-84.320362,33.964913],[-84.318793,33.965611],[-84.317881,33.96658],[-84.318484,33.966991],[-84.320481,33.967427],[-84.324429,33.967203],[-84.326483,33.967551],[-84.336816,33.970917],[-84.337339,33.970886],[-84.338899,33.969701]]]}},{"type":"Feature","properties":{"geoid":"13089021230","name":"Census Tract 212.30, DeKalb County","county":"DeKalb","score_per1000":3.9,"score_drive_per1000":4.2,"score_transit_per1000":1.5,"score_walk_per1000":0,"pop":4073,"med_hh_income":120714,"pct_no_vehicle":2.2,"pct_black":12.5,"pct_hispanic":3.7,"pct_65plus":9.3,"pct_drive":89.79,"pct_transit":6.16,"pct_walk":4.05,"min_drive_time":4.41,"min_walk_time":55.9,"min_transit_time":23.38},"geometry":{"type":"Polygon","coordinates":[[[-84.347827,33.938023],[-84.347917,33.91501],[-84.338191,33.917967],[-84.338949,33.920034],[-84.339016,33.921318],[-84.337301,33.925275],[-84.336988,33.927829],[-84.338318,33.941268],[-84.33782,33.943165],[-84.338028,33.943597],[-84.343305,33.940871],[-84.347827,33.938023]]]}},{"type":"Feature","properties":{"geoid":"13089021301","name":"Census Tract 213.01, DeKalb County","county":"DeKalb","score_per1000":3.8,"score_drive_per1000":4.1,"score_transit_per1000":0.3,"score_walk_per1000":0,"pop":4042,"med_hh_income":68601,"pct_no_vehicle":6.5,"pct_black":23.3,"pct_hispanic":33.3,"pct_65plus":8.6,"pct_drive":94.01,"pct_transit":2.99,"pct_walk":2.99,"min_drive_time":8.25,"min_walk_time":97.56,"min_transit_time":47.0},"geometry":{"type":"Polygon","coordinates":[[[-84.305186,33.920387],[-84.304074,33.918016],[-84.30092,33.913834],[-84.297991,33.911086],[-84.29699,33.909592],[-84.294129,33.90069],[-84.293823,33.899155],[-84.293888,33.896318],[-84.290494,33.897072],[-84.289663,33.897796],[-84.289661,33.89737],[-84.288053,33.89729],[-84.287763,33.896784],[-84.287999,33.896687],[-84.286136,33.894091],[-84.286499,33.892691],[-84.285834,33.890012],[-84.282993,33.895128],[-84.281728,33.896685],[-84.273858,33.903017],[-84.279048,33.906025],[-84.290091,33.916883],[-84.292404,33.918539],[-84.294468,33.919522],[-84.296864,33.920157],[-84.305186,33.920387]]]}},{"type":"Feature","properties":{"geoid":"13089021305","name":"Census Tract 213.05, DeKalb County","county":"DeKalb","score_per1000":2.9,"score_drive_per1000":3.1,"score_transit_per1000":0,"score_walk_per1000":0,"pop":5959,"med_hh_income":77574,"pct_no_vehicle":7.9,"pct_black":6.6,"pct_hispanic":63.6,"pct_65plus":7.9,"pct_drive":91.77,"pct_transit":1.76,"pct_walk":6.46,"min_drive_time":10.54,"min_walk_time":122.65,"min_transit_time":93.0},"geometry":{"type":"Polygon","coordinates":[[[-84.288062,33.936597],[-84.286789,33.935487],[-84.28424,33.93069],[-84.283289,33.927103],[-84.28156,33.9233],[-84.27909,33.924913],[-84.264932,33.931211],[-84.267149,33.936282],[-84.27107,33.942512],[-84.272473,33.940833],[-84.279271,33.940096],[-84.282865,33.939297],[-84.285153,33.937522],[-84.288062,33.936597]]]}},{"type":"Feature","properties":{"geoid":"13089021306","name":"Census Tract 213.06, DeKalb County","county":"DeKalb","score_per1000":3.7,"score_drive_per1000":3.8,"score_transit_per1000":0.2,"score_walk_per1000":0,"pop":6165,"med_hh_income":70320,"pct_no_vehicle":6.2,"pct_black":24.5,"pct_hispanic":31.5,"pct_65plus":9.3,"pct_drive":96.46,"pct_transit":3.54,"pct_walk":0,"min_drive_time":9.81,"min_walk_time":125.98,"min_transit_time":52.21},"geometry":{"type":"Polygon","coordinates":[[[-84.29352,33.920689],[-84.294994,33.919711],[-84.292404,33.918539],[-84.290567,33.917316],[-84.279048,33.906025],[-84.273858,33.903017],[-84.266817,33.908969],[-84.258289,33.917896],[-84.259226,33.919107],[-84.259826,33.918907],[-84.260126,33.919507],[-84.263529,33.927011],[-84.264932,33.931211],[-84.27909,33.924913],[-84.28156,33.9233],[-84.281878,33.923967],[-84.283412,33.922872],[-84.285894,33.922899],[-84.286264,33.922483],[-84.287594,33.922812],[-84.287644,33.922506],[-84.290447,33.922443],[-84.293382,33.921327],[-84.29352,33.920689]]]}},{"type":"Feature","properties":{"geoid":"13089021307","name":"Census Tract 213.07, DeKalb County","county":"DeKalb","score_per1000":3.9,"score_drive_per1000":4.0,"score_transit_per1000":0.2,"score_walk_per1000":0,"pop":3539,"med_hh_income":79871,"pct_no_vehicle":4,"pct_black":3.6,"pct_hispanic":51.4,"pct_65plus":7.7,"pct_drive":96.56,"pct_transit":3.44,"pct_walk":0,"min_drive_time":8.14,"min_walk_time":112.77,"min_transit_time":52.21},"geometry":{"type":"Polygon","coordinates":[[[-84.288258,33.885657],[-84.2849,33.88566],[-84.281649,33.883182],[-84.276027,33.881282],[-84.273016,33.878919],[-84.265807,33.887706],[-84.259215,33.89197],[-84.273858,33.903017],[-84.282235,33.896112],[-84.288258,33.885657]]]}},{"type":"Feature","properties":{"geoid":"13089021308","name":"Census Tract 213.08, DeKalb County","county":"DeKalb","score_per1000":3.6,"score_drive_per1000":4.1,"score_transit_per1000":0.3,"score_walk_per1000":0,"pop":4432,"med_hh_income":61855,"pct_no_vehicle":15.1,"pct_black":3.9,"pct_hispanic":56.7,"pct_65plus":12.1,"pct_drive":88.16,"pct_transit":6.64,"pct_walk":5.19,"min_drive_time":6.28,"min_walk_time":91.1,"min_transit_time":48.2},"geometry":{"type":"Polygon","coordinates":[[[-84.3024,33.866539],[-84.299841,33.866691],[-84.298018,33.868738],[-84.296421,33.869145],[-84.294214,33.870301],[-84.292849,33.870489],[-84.290305,33.870039],[-84.289768,33.867533],[-84.289748,33.865866],[-84.288865,33.864676],[-84.284073,33.868805],[-84.277495,33.87328],[-84.273016,33.878919],[-84.276027,33.881282],[-84.281649,33.883182],[-84.2849,33.88566],[-84.288258,33.885657],[-84.295387,33.873007],[-84.3024,33.866539]]]}},{"type":"Feature","properties":{"geoid":"13089021309","name":"Census Tract 213.09, DeKalb County","county":"DeKalb","score_per1000":2.8,"score_drive_per1000":3.1,"score_transit_per1000":0.2,"score_walk_per1000":0,"pop":1604,"med_hh_income":36097,"pct_no_vehicle":17.1,"pct_black":6,"pct_hispanic":81.7,"pct_65plus":2.1,"pct_drive":88.83,"pct_transit":9.69,"pct_walk":1.48,"min_drive_time":10.14,"min_walk_time":131.01,"min_transit_time":52.21},"geometry":{"type":"Polygon","coordinates":[[[-84.273858,33.903017],[-84.259215,33.89197],[-84.252677,33.895978],[-84.253825,33.897348],[-84.255393,33.898256],[-84.260299,33.898569],[-84.263431,33.900731],[-84.264484,33.900831],[-84.265581,33.902715],[-84.266131,33.90665],[-84.266817,33.908969],[-84.273858,33.903017]]]}},{"type":"Feature","properties":{"geoid":"13089021310","name":"Census Tract 213.10, DeKalb County","county":"DeKalb","score_per1000":3.0,"score_drive_per1000":3.3,"score_transit_per1000":0.2,"score_walk_per1000":0,"pop":5752,"med_hh_income":39838,"pct_no_vehicle":6.2,"pct_black":3.4,"pct_hispanic":53.1,"pct_65plus":12.6,"pct_drive":88.26,"pct_transit":8.91,"pct_walk":2.83,"min_drive_time":9.38,"min_walk_time":146.57,"min_transit_time":52.21},"geometry":{"type":"Polygon","coordinates":[[[-84.266817,33.908969],[-84.266131,33.90665],[-84.265581,33.902715],[-84.264484,33.900831],[-84.263431,33.900731],[-84.260299,33.898569],[-84.255393,33.898256],[-84.253825,33.897348],[-84.252677,33.895978],[-84.238077,33.905076],[-84.244027,33.907508],[-84.246874,33.909572],[-84.252425,33.911607],[-84.256026,33.914407],[-84.258289,33.917896],[-84.266817,33.908969]]]}},{"type":"Feature","properties":{"geoid":"13089021405","name":"Census Tract 214.05, DeKalb County","county":"DeKalb","score_per1000":4.3,"score_drive_per1000":4.6,"score_transit_per1000":0.7,"score_walk_per1000":0,"pop":5304,"med_hh_income":154813,"pct_no_vehicle":5.9,"pct_black":12.4,"pct_hispanic":5.5,"pct_65plus":10,"pct_drive":92.46,"pct_transit":6.26,"pct_walk":1.28,"min_drive_time":4.75,"min_walk_time":54.84,"min_transit_time":35.0},"geometry":{"type":"Polygon","coordinates":[[[-84.34839,33.852636],[-84.34186,33.85273],[-84.339082,33.852459],[-84.339205,33.8534],[-84.336718,33.852924],[-84.332791,33.849855],[-84.330478,33.848917],[-84.329496,33.849623],[-84.329073,33.851499],[-84.328247,33.852022],[-84.328572,33.854903],[-84.32806,33.855728],[-84.318132,33.855749],[-84.315234,33.856404],[-84.314819,33.857029],[-84.313951,33.857365],[-84.313114,33.85829],[-84.314011,33.858964],[-84.313999,33.86259],[-84.314679,33.863609],[-84.314946,33.864707],[-84.319072,33.863596],[-84.320991,33.862488],[-84.323691,33.86166],[-84.326789,33.861636],[-84.334897,33.860322],[-84.338928,33.86073],[-84.340769,33.857625],[-84.342254,33.856705],[-84.348283,33.854244],[-84.34839,33.852636]]]}},{"type":"Feature","properties":{"geoid":"13089021409","name":"Census Tract 214.09, DeKalb County","county":"DeKalb","score_per1000":4.1,"score_drive_per1000":4.2,"score_transit_per1000":0.5,"score_walk_per1000":0,"pop":3314,"med_hh_income":66641,"pct_no_vehicle":7.4,"pct_black":45.4,"pct_hispanic":38,"pct_65plus":1.8,"pct_drive":98.02,"pct_transit":0.44,"pct_walk":1.54,"min_drive_time":5.33,"min_walk_time":70.27,"min_transit_time":34.92},"geometry":{"type":"Polygon","coordinates":[[[-84.302616,33.851481],[-84.30382,33.849884],[-84.303315,33.849649],[-84.295311,33.856354],[-84.292099,33.861585],[-84.288865,33.864676],[-84.289748,33.865866],[-84.289768,33.867533],[-84.290305,33.870039],[-84.293788,33.870418],[-84.294721,33.870062],[-84.295867,33.869057],[-84.29621,33.867855],[-84.295253,33.867144],[-84.294913,33.866394],[-84.295374,33.865162],[-84.294762,33.864012],[-84.294993,33.862245],[-84.295905,33.861864],[-84.296777,33.860845],[-84.298037,33.860984],[-84.300559,33.859972],[-84.300775,33.858484],[-84.302052,33.856058],[-84.302119,33.854674],[-84.302816,33.853985],[-84.302447,33.853372],[-84.302756,33.8524],[-84.302616,33.851481]]]}},{"type":"Feature","properties":{"geoid":"13089021410","name":"Census Tract 214.10, DeKalb County","county":"DeKalb","score_per1000":4.1,"score_drive_per1000":4.5,"score_transit_per1000":0.5,"score_walk_per1000":0,"pop":4695,"med_hh_income":79968,"pct_no_vehicle":8,"pct_black":12.1,"pct_hispanic":44.5,"pct_65plus":8.6,"pct_drive":90.7,"pct_transit":8.58,"pct_walk":0.72,"min_drive_time":4.13,"min_walk_time":56.27,"min_transit_time":44.0},"geometry":{"type":"Polygon","coordinates":[[[-84.315498,33.848214],[-84.315062,33.844588],[-84.31318,33.840579],[-84.310347,33.841006],[-84.307654,33.84263],[-84.303315,33.849649],[-84.30382,33.849884],[-84.302616,33.851481],[-84.302756,33.8524],[-84.302447,33.853372],[-84.302816,33.853985],[-84.302119,33.854674],[-84.302052,33.856058],[-84.300775,33.858484],[-84.300559,33.859972],[-84.298037,33.860984],[-84.296777,33.860845],[-84.295905,33.861864],[-84.294993,33.862245],[-84.294762,33.864012],[-84.295374,33.865162],[-84.294927,33.866483],[-84.296239,33.868124],[-84.295811,33.869133],[-84.294721,33.870062],[-84.298236,33.868607],[-84.299841,33.866691],[-84.3024,33.866539],[-84.311893,33.85805],[-84.312507,33.8555],[-84.314023,33.853815],[-84.315344,33.850769],[-84.315498,33.848214]]]}},{"type":"Feature","properties":{"geoid":"13089021411","name":"Census Tract 214.11, DeKalb County","county":"DeKalb","score_per1000":4.1,"score_drive_per1000":4.3,"score_transit_per1000":0.4,"score_walk_per1000":0,"pop":4316,"med_hh_income":128472,"pct_no_vehicle":3,"pct_black":14.5,"pct_hispanic":7.9,"pct_65plus":5,"pct_drive":94.13,"pct_transit":3.52,"pct_walk":2.35,"min_drive_time":5.98,"min_walk_time":69.45,"min_transit_time":46.38},"geometry":{"type":"Polygon","coordinates":[[[-84.338925,33.86075],[-84.3344,33.860354],[-84.326789,33.861636],[-84.323691,33.86166],[-84.322097,33.862098],[-84.323393,33.864079],[-84.320421,33.866136],[-84.323451,33.868703],[-84.325505,33.876531],[-84.329591,33.874102],[-84.331812,33.872056],[-84.336511,33.865723],[-84.338925,33.86075]]]}},{"type":"Feature","properties":{"geoid":"13089021412","name":"Census Tract 214.12, DeKalb County","county":"DeKalb","score_per1000":3.9,"score_drive_per1000":4.1,"score_transit_per1000":0.3,"score_walk_per1000":0,"pop":4180,"med_hh_income":211495,"pct_no_vehicle":3.1,"pct_black":7,"pct_hispanic":14.7,"pct_65plus":7.3,"pct_drive":96.49,"pct_transit":2.3,"pct_walk":1.22,"min_drive_time":5.9,"min_walk_time":76.45,"min_transit_time":47.0},"geometry":{"type":"Polygon","coordinates":[[[-84.325505,33.876531],[-84.323451,33.868703],[-84.320421,33.866136],[-84.323393,33.864079],[-84.322097,33.862098],[-84.319072,33.863596],[-84.314946,33.864707],[-84.313955,33.862361],[-84.31396,33.858836],[-84.313114,33.85829],[-84.311893,33.85805],[-84.3024,33.866539],[-84.305504,33.866296],[-84.309455,33.865362],[-84.309447,33.883496],[-84.309709,33.884628],[-84.310468,33.885676],[-84.317448,33.882317],[-84.321413,33.87897],[-84.325505,33.876531]]]}},{"type":"Feature","properties":{"geoid":"13089021415","name":"Census Tract 214.15, DeKalb County","county":"DeKalb","score_per1000":4.8,"score_drive_per1000":5.2,"score_transit_per1000":0.7,"score_walk_per1000":0.1,"pop":4784,"med_hh_income":145982,"pct_no_vehicle":5.5,"pct_black":24.2,"pct_hispanic":10.1,"pct_65plus":8.8,"pct_drive":92.01,"pct_transit":0.89,"pct_walk":7.1,"min_drive_time":2.08,"min_walk_time":27.62,"min_transit_time":27.62},"geometry":{"type":"Polygon","coordinates":[[[-84.348419,33.841434],[-84.348487,33.825409],[-84.345743,33.826889],[-84.342932,33.828973],[-84.335663,33.832255],[-84.340965,33.834109],[-84.342753,33.836409],[-84.343507,33.838165],[-84.341959,33.842015],[-84.340932,33.843117],[-84.340019,33.843478],[-84.339246,33.844239],[-84.339138,33.848048],[-84.338742,33.849401],[-84.339082,33.852459],[-84.347856,33.852798],[-84.348388,33.852547],[-84.348329,33.846009],[-84.348009,33.845026],[-84.348419,33.841434]]]}},{"type":"Feature","properties":{"geoid":"13089021416","name":"Census Tract 214.16, DeKalb County","county":"DeKalb","score_per1000":4.3,"score_drive_per1000":5.0,"score_transit_per1000":0.4,"score_walk_per1000":0,"pop":2215,"med_hh_income":134444,"pct_no_vehicle":13.9,"pct_black":8.4,"pct_hispanic":47.8,"pct_65plus":9.1,"pct_drive":85.69,"pct_transit":11.19,"pct_walk":3.12,"min_drive_time":3.6,"min_walk_time":46.16,"min_transit_time":45.0},"geometry":{"type":"Polygon","coordinates":[[[-84.338742,33.849401],[-84.339236,33.84489],[-84.335921,33.844657],[-84.331094,33.842888],[-84.329764,33.842014],[-84.327407,33.84415],[-84.328113,33.846609],[-84.330151,33.848687],[-84.332791,33.849855],[-84.336718,33.852924],[-84.339205,33.8534],[-84.338742,33.849401]]]}},{"type":"Feature","properties":{"geoid":"13089021417","name":"Census Tract 214.17, DeKalb County","county":"DeKalb","score_per1000":4.5,"score_drive_per1000":5.0,"score_transit_per1000":1.9,"score_walk_per1000":0.1,"pop":4307,"med_hh_income":82559,"pct_no_vehicle":17.1,"pct_black":6.5,"pct_hispanic":60.8,"pct_65plus":1.6,"pct_drive":83.79,"pct_transit":16.21,"pct_walk":0,"min_drive_time":2.06,"min_walk_time":26.35,"min_transit_time":23.0},"geometry":{"type":"Polygon","coordinates":[[[-84.343479,33.838368],[-84.342815,33.836509],[-84.340965,33.834109],[-84.335663,33.832255],[-84.320241,33.839472],[-84.322774,33.84296],[-84.325169,33.844059],[-84.327407,33.84415],[-84.329764,33.842014],[-84.331094,33.842888],[-84.335921,33.844657],[-84.339236,33.84489],[-84.33948,33.843889],[-84.340932,33.843117],[-84.341959,33.842015],[-84.343479,33.838368]]]}},{"type":"Feature","properties":{"geoid":"13089021418","name":"Census Tract 214.18, DeKalb County","county":"DeKalb","score_per1000":4.2,"score_drive_per1000":4.5,"score_transit_per1000":0.5,"score_walk_per1000":0,"pop":2366,"med_hh_income":47653,"pct_no_vehicle":10.5,"pct_black":15.2,"pct_hispanic":62.7,"pct_65plus":6,"pct_drive":93.47,"pct_transit":0.75,"pct_walk":5.78,"min_drive_time":2.99,"min_walk_time":41.88,"min_transit_time":41.52},"geometry":{"type":"Polygon","coordinates":[[[-84.321165,33.84972],[-84.320685,33.848704],[-84.321123,33.847185],[-84.319981,33.847171],[-84.319773,33.845722],[-84.315226,33.845621],[-84.315499,33.848153],[-84.315344,33.850769],[-84.314023,33.853815],[-84.312507,33.8555],[-84.311893,33.85805],[-84.321165,33.84972]]]}},{"type":"Feature","properties":{"geoid":"13089021419","name":"Census Tract 214.19, DeKalb County","county":"DeKalb","score_per1000":3.9,"score_drive_per1000":4.1,"score_transit_per1000":0.6,"score_walk_per1000":0.1,"pop":2030,"med_hh_income":76196,"pct_no_vehicle":2.4,"pct_black":34,"pct_hispanic":32.3,"pct_65plus":16.3,"pct_drive":93.4,"pct_transit":6.6,"pct_walk":0,"min_drive_time":2.82,"min_walk_time":27.92,"min_transit_time":27.92},"geometry":{"type":"Polygon","coordinates":[[[-84.327407,33.84415],[-84.325435,33.844125],[-84.323078,33.843197],[-84.320241,33.839472],[-84.31864,33.839933],[-84.31318,33.840579],[-84.314645,33.843402],[-84.315226,33.845621],[-84.319773,33.845722],[-84.319981,33.847171],[-84.321123,33.847185],[-84.320685,33.848704],[-84.321256,33.849635],[-84.327407,33.84415]]]}},{"type":"Feature","properties":{"geoid":"13089021420","name":"Census Tract 214.20, DeKalb County","county":"DeKalb","score_per1000":3.4,"score_drive_per1000":3.9,"score_transit_per1000":0.5,"score_walk_per1000":0,"pop":1867,"med_hh_income":53301,"pct_no_vehicle":11.2,"pct_black":10.9,"pct_hispanic":79,"pct_65plus":6.3,"pct_drive":84.35,"pct_transit":13.35,"pct_walk":2.3,"min_drive_time":3.79,"min_walk_time":39.46,"min_transit_time":35.0},"geometry":{"type":"Polygon","coordinates":[[[-84.330478,33.848917],[-84.328258,33.846848],[-84.327407,33.84415],[-84.32225,33.84874],[-84.324084,33.85044],[-84.324303,33.851454],[-84.326334,33.851313],[-84.328247,33.852022],[-84.329073,33.851499],[-84.329496,33.849623],[-84.330478,33.848917]]]}},{"type":"Feature","properties":{"geoid":"13089021421","name":"Census Tract 214.21, DeKalb County","county":"DeKalb","score_per1000":3.9,"score_drive_per1000":4.2,"score_transit_per1000":0.5,"score_walk_per1000":0,"pop":2361,"med_hh_income":128939,"pct_no_vehicle":6.6,"pct_black":3.7,"pct_hispanic":49.2,"pct_65plus":2.9,"pct_drive":91.27,"pct_transit":8.73,"pct_walk":0,"min_drive_time":4.53,"min_walk_time":52.99,"min_transit_time":44.0},"geometry":{"type":"Polygon","coordinates":[[[-84.328402,33.855474],[-84.328425,33.852482],[-84.328126,33.851888],[-84.326162,33.851292],[-84.324303,33.851454],[-84.324084,33.85044],[-84.32225,33.84874],[-84.311893,33.85805],[-84.313114,33.85829],[-84.315234,33.856404],[-84.317307,33.855875],[-84.327612,33.855811],[-84.328402,33.855474]]]}},{"type":"Feature","properties":{"geoid":"13089021502","name":"Census Tract 215.02, DeKalb County","county":"DeKalb","score_per1000":4.0,"score_drive_per1000":4.3,"score_transit_per1000":0.8,"score_walk_per1000":0,"pop":4612,"med_hh_income":79545,"pct_no_vehicle":3,"pct_black":20.9,"pct_hispanic":9.3,"pct_65plus":10.3,"pct_drive":91.36,"pct_transit":8.64,"pct_walk":0,"min_drive_time":3.13,"min_walk_time":36.53,"min_transit_time":28.67},"geometry":{"type":"Polygon","coordinates":[[[-84.348487,33.825409],[-84.348331,33.806359],[-84.344977,33.805277],[-84.34435,33.80448],[-84.343488,33.804228],[-84.34293,33.803572],[-84.341358,33.803708],[-84.340652,33.802958],[-84.339101,33.804078],[-84.337737,33.804493],[-84.336106,33.805963],[-84.335499,33.807421],[-84.334425,33.808861],[-84.334837,33.810802],[-84.333763,33.812925],[-84.335149,33.817111],[-84.335274,33.819044],[-84.334723,33.820802],[-84.334858,33.823609],[-84.332633,33.826344],[-84.329691,33.827578],[-84.331257,33.828507],[-84.334582,33.831648],[-84.335663,33.832255],[-84.342932,33.828973],[-84.345743,33.826889],[-84.348487,33.825409]]]}},{"type":"Feature","properties":{"geoid":"13089021503","name":"Census Tract 215.03, DeKalb County","county":"DeKalb","score_per1000":4.1,"score_drive_per1000":4.3,"score_transit_per1000":0.8,"score_walk_per1000":0,"pop":3811,"med_hh_income":93711,"pct_no_vehicle":10.6,"pct_black":31.7,"pct_hispanic":6.7,"pct_65plus":10,"pct_drive":92.44,"pct_transit":7.56,"pct_walk":0,"min_drive_time":3.94,"min_walk_time":46.66,"min_transit_time":28.67},"geometry":{"type":"Polygon","coordinates":[[[-84.335274,33.819044],[-84.3348,33.8157],[-84.332426,33.816646],[-84.328873,33.816795],[-84.32598,33.816579],[-84.321622,33.815129],[-84.319679,33.81512],[-84.317286,33.815655],[-84.315412,33.817512],[-84.312075,33.817719],[-84.313323,33.818921],[-84.314303,33.820928],[-84.315667,33.821997],[-84.318015,33.822682],[-84.320503,33.824427],[-84.325131,33.826691],[-84.329691,33.827578],[-84.332274,33.826614],[-84.334715,33.823853],[-84.334723,33.820802],[-84.335274,33.819044]]]}},{"type":"Feature","properties":{"geoid":"13089021505","name":"Census Tract 215.05, DeKalb County","county":"DeKalb","score_per1000":3.3,"score_drive_per1000":3.9,"score_transit_per1000":0.8,"score_walk_per1000":0,"pop":3525,"med_hh_income":117500,"pct_no_vehicle":4.1,"pct_black":25.4,"pct_hispanic":5.6,"pct_65plus":9,"pct_drive":83.4,"pct_transit":4.08,"pct_walk":12.52,"min_drive_time":2.96,"min_walk_time":33.94,"min_transit_time":28.67},"geometry":{"type":"Polygon","coordinates":[[[-84.338123,33.803167],[-84.336924,33.80057],[-84.335736,33.801504],[-84.335989,33.803089],[-84.334642,33.803296],[-84.333688,33.803904],[-84.333875,33.805272],[-84.333609,33.805482],[-84.333148,33.805405],[-84.332472,33.804198],[-84.331124,33.803929],[-84.33044,33.804141],[-84.329706,33.805325],[-84.328806,33.805644],[-84.327831,33.803701],[-84.325368,33.803021],[-84.324054,33.803145],[-84.324728,33.804196],[-84.32452,33.804569],[-84.322424,33.804061],[-84.321515,33.806571],[-84.320386,33.8085],[-84.320432,33.812102],[-84.319216,33.813934],[-84.318948,33.815197],[-84.321622,33.815129],[-84.32598,33.816579],[-84.328873,33.816795],[-84.332426,33.816646],[-84.3348,33.8157],[-84.333787,33.813345],[-84.333809,33.81245],[-84.334837,33.810802],[-84.334349,33.809097],[-84.336106,33.805963],[-84.337737,33.804493],[-84.338123,33.803167]]]}},{"type":"Feature","properties":{"geoid":"13089021506","name":"Census Tract 215.06, DeKalb County","county":"DeKalb","score_per1000":3.5,"score_drive_per1000":3.9,"score_transit_per1000":0.9,"score_walk_per1000":0,"pop":3003,"med_hh_income":115750,"pct_no_vehicle":9.1,"pct_black":17.4,"pct_hispanic":2.4,"pct_65plus":22.8,"pct_drive":88.81,"pct_transit":4.94,"pct_walk":6.25,"min_drive_time":2.82,"min_walk_time":32.52,"min_transit_time":28.67},"geometry":{"type":"Polygon","coordinates":[[[-84.322391,33.804115],[-84.318732,33.804421],[-84.315416,33.802122],[-84.314011,33.800707],[-84.311346,33.799945],[-84.305856,33.801809],[-84.305459,33.803667],[-84.304684,33.804976],[-84.306428,33.804812],[-84.308267,33.805944],[-84.309464,33.807487],[-84.31003,33.80768],[-84.307767,33.81278],[-84.308471,33.813078],[-84.312075,33.817719],[-84.31472,33.817624],[-84.315887,33.817218],[-84.317286,33.815655],[-84.318948,33.815197],[-84.319216,33.813934],[-84.320432,33.812102],[-84.320386,33.8085],[-84.321515,33.806571],[-84.322391,33.804115]]]}},{"type":"Feature","properties":{"geoid":"13089021602","name":"Census Tract 216.02, DeKalb County","county":"DeKalb","score_per1000":3.8,"score_drive_per1000":3.9,"score_transit_per1000":1.0,"score_walk_per1000":0,"pop":4138,"med_hh_income":148924,"pct_no_vehicle":9,"pct_black":21.6,"pct_hispanic":5.6,"pct_65plus":22.9,"pct_drive":95.68,"pct_transit":2.53,"pct_walk":1.79,"min_drive_time":4.72,"min_walk_time":61.18,"min_transit_time":28.35},"geometry":{"type":"Polygon","coordinates":[[[-84.31003,33.80768],[-84.309464,33.807487],[-84.308267,33.805944],[-84.306428,33.804812],[-84.304684,33.804976],[-84.30243,33.807189],[-84.292162,33.811925],[-84.287839,33.81469],[-84.28276,33.817218],[-84.282417,33.820993],[-84.282561,33.826731],[-84.283527,33.825629],[-84.286479,33.824831],[-84.289261,33.824767],[-84.291266,33.825083],[-84.294402,33.824397],[-84.300295,33.822151],[-84.302348,33.8203],[-84.30391,33.820102],[-84.304185,33.819104],[-84.305072,33.817977],[-84.307467,33.813402],[-84.31003,33.80768]]]}},{"type":"Feature","properties":{"geoid":"13089021604","name":"Census Tract 216.04, DeKalb County","county":"DeKalb","score_per1000":3.7,"score_drive_per1000":3.9,"score_transit_per1000":0.0,"score_walk_per1000":0,"pop":2991,"med_hh_income":179583,"pct_no_vehicle":1.4,"pct_black":2,"pct_hispanic":5.7,"pct_65plus":20.8,"pct_drive":95.03,"pct_transit":3.51,"pct_walk":1.46,"min_drive_time":4.02,"min_walk_time":50.2,"min_transit_time":50.2},"geometry":{"type":"Polygon","coordinates":[[[-84.31189,33.837509],[-84.30613,33.822373],[-84.305578,33.821708],[-84.304238,33.820981],[-84.30391,33.820102],[-84.302739,33.820173],[-84.300295,33.822151],[-84.292839,33.824758],[-84.290455,33.829379],[-84.289717,33.831594],[-84.289858,33.834479],[-84.289512,33.836466],[-84.290238,33.838138],[-84.29021,33.838882],[-84.2878,33.842886],[-84.286749,33.844088],[-84.286072,33.845572],[-84.289078,33.844387],[-84.292495,33.843617],[-84.300948,33.838926],[-84.302905,33.83853],[-84.305637,33.838623],[-84.31189,33.837509]]]}},{"type":"Feature","properties":{"geoid":"13089021606","name":"Census Tract 216.06, DeKalb County","county":"DeKalb","score_per1000":3.8,"score_drive_per1000":3.9,"score_transit_per1000":0.5,"score_walk_per1000":0,"pop":4319,"med_hh_income":130000,"pct_no_vehicle":10.6,"pct_black":12.7,"pct_hispanic":1.4,"pct_65plus":11.6,"pct_drive":97.97,"pct_transit":0,"pct_walk":2.03,"min_drive_time":3.43,"min_walk_time":37.56,"min_transit_time":28.35},"geometry":{"type":"Polygon","coordinates":[[[-84.329691,33.827578],[-84.324841,33.826575],[-84.320503,33.824427],[-84.318015,33.822682],[-84.31517,33.821712],[-84.314095,33.820669],[-84.313176,33.818727],[-84.311658,33.817331],[-84.308122,33.812837],[-84.307767,33.81278],[-84.30396,33.819622],[-84.304238,33.820981],[-84.305578,33.821708],[-84.30613,33.822373],[-84.31189,33.837509],[-84.315177,33.837352],[-84.31621,33.83669],[-84.317159,33.835494],[-84.320548,33.833674],[-84.322405,33.83194],[-84.323857,33.831177],[-84.325196,33.829795],[-84.329691,33.827578]]]}},{"type":"Feature","properties":{"geoid":"13089021607","name":"Census Tract 216.07, DeKalb County","county":"DeKalb","score_per1000":4.5,"score_drive_per1000":4.8,"score_transit_per1000":0.7,"score_walk_per1000":0.3,"pop":1760,"med_hh_income":86364,"pct_no_vehicle":8,"pct_black":39.4,"pct_hispanic":10.9,"pct_65plus":17.3,"pct_drive":94.07,"pct_transit":0,"pct_walk":5.93,"min_drive_time":1.3,"min_walk_time":13.87,"min_transit_time":13.87},"geometry":{"type":"Polygon","coordinates":[[[-84.335663,33.832255],[-84.334582,33.831648],[-84.331257,33.828507],[-84.329691,33.827578],[-84.325196,33.829795],[-84.323857,33.831177],[-84.322405,33.83194],[-84.320548,33.833674],[-84.317159,33.835494],[-84.31621,33.83669],[-84.315177,33.837352],[-84.31189,33.837509],[-84.31318,33.840579],[-84.31864,33.839933],[-84.320605,33.839336],[-84.327196,33.835997],[-84.335663,33.832255]]]}},{"type":"Feature","properties":{"geoid":"13089021608","name":"Census Tract 216.08, DeKalb County","county":"DeKalb","score_per1000":3.9,"score_drive_per1000":3.9,"score_transit_per1000":0,"score_walk_per1000":0,"pop":4418,"med_hh_income":66413,"pct_no_vehicle":0,"pct_black":39.5,"pct_hispanic":22.7,"pct_65plus":8.1,"pct_drive":100,"pct_transit":0,"pct_walk":0,"min_drive_time":6.29,"min_walk_time":81.2,"min_transit_time":77.42},"geometry":{"type":"Polygon","coordinates":[[[-84.303315,33.849649],[-84.302588,33.849364],[-84.300902,33.850641],[-84.300764,33.849614],[-84.299931,33.85001],[-84.297059,33.8502],[-84.294736,33.850927],[-84.293844,33.850299],[-84.292201,33.850043],[-84.291698,33.848967],[-84.289579,33.848092],[-84.287991,33.844811],[-84.285488,33.845796],[-84.284212,33.846748],[-84.282537,33.852611],[-84.281297,33.854654],[-84.2824,33.856622],[-84.286174,33.860914],[-84.287398,33.862996],[-84.288865,33.864676],[-84.292099,33.861585],[-84.295311,33.856354],[-84.303315,33.849649]]]}},{"type":"Feature","properties":{"geoid":"13089021609","name":"Census Tract 216.09, DeKalb County","county":"DeKalb","score_per1000":3.2,"score_drive_per1000":3.9,"score_transit_per1000":0.0,"score_walk_per1000":0,"pop":1659,"med_hh_income":140673,"pct_no_vehicle":9,"pct_black":0.5,"pct_hispanic":8.6,"pct_65plus":13.6,"pct_drive":83.18,"pct_transit":16.82,"pct_walk":0,"min_drive_time":4.13,"min_walk_time":54.18,"min_transit_time":54.18},"geometry":{"type":"Polygon","coordinates":[[[-84.31318,33.840579],[-84.31189,33.837509],[-84.305637,33.838623],[-84.302397,33.838578],[-84.300146,33.839261],[-84.292495,33.843617],[-84.287991,33.844811],[-84.289579,33.848092],[-84.291698,33.848967],[-84.292201,33.850043],[-84.293844,33.850299],[-84.294918,33.850939],[-84.297059,33.8502],[-84.299931,33.85001],[-84.300764,33.849614],[-84.300902,33.850641],[-84.302588,33.849364],[-84.303382,33.849572],[-84.30714,33.843275],[-84.308442,33.841957],[-84.310347,33.841006],[-84.31318,33.840579]]]}},{"type":"Feature","properties":{"geoid":"13089021703","name":"Census Tract 217.03, DeKalb County","county":"DeKalb","score_per1000":3.9,"score_drive_per1000":3.9,"score_transit_per1000":0,"score_walk_per1000":0,"pop":4318,"med_hh_income":188650,"pct_no_vehicle":2.6,"pct_black":2.1,"pct_hispanic":6.3,"pct_65plus":26.3,"pct_drive":100,"pct_transit":0,"pct_walk":0,"min_drive_time":6.61,"min_walk_time":82.57,"min_transit_time":77.05},"geometry":{"type":"Polygon","coordinates":[[[-84.29029,33.838435],[-84.289512,33.836466],[-84.289858,33.834479],[-84.289692,33.832067],[-84.285319,33.833593],[-84.281197,33.834551],[-84.2723,33.83386],[-84.27135,33.834797],[-84.269783,33.837361],[-84.26761,33.839547],[-84.265118,33.840723],[-84.260659,33.841074],[-84.257723,33.843925],[-84.254573,33.846091],[-84.253461,33.846483],[-84.256864,33.848868],[-84.26148,33.851049],[-84.262061,33.85189],[-84.263031,33.854871],[-84.26415,33.85569],[-84.265677,33.855731],[-84.269138,33.85487],[-84.2738,33.854813],[-84.278592,33.855946],[-84.279799,33.855897],[-84.280885,33.855186],[-84.282537,33.852611],[-84.284212,33.846748],[-84.286072,33.845572],[-84.29029,33.838435]]]}},{"type":"Feature","properties":{"geoid":"13089021707","name":"Census Tract 217.07, DeKalb County","county":"DeKalb","score_per1000":3.8,"score_drive_per1000":3.8,"score_transit_per1000":0.4,"score_walk_per1000":0,"pop":2561,"med_hh_income":155990,"pct_no_vehicle":0,"pct_black":6.4,"pct_hispanic":2.4,"pct_65plus":22.9,"pct_drive":100,"pct_transit":0,"pct_walk":0,"min_drive_time":6.2,"min_walk_time":78.97,"min_transit_time":41.22},"geometry":{"type":"Polygon","coordinates":[[[-84.290455,33.829379],[-84.292839,33.824758],[-84.290809,33.825091],[-84.289261,33.824767],[-84.286479,33.824831],[-84.283527,33.825629],[-84.282561,33.826731],[-84.282417,33.820993],[-84.28276,33.817218],[-84.277922,33.819765],[-84.273048,33.825217],[-84.271037,33.825049],[-84.269693,33.824381],[-84.264823,33.824337],[-84.264858,33.827319],[-84.266492,33.831607],[-84.267058,33.832143],[-84.271875,33.834209],[-84.2723,33.83386],[-84.281197,33.834551],[-84.285319,33.833593],[-84.289692,33.832067],[-84.290455,33.829379]]]}},{"type":"Feature","properties":{"geoid":"13089021708","name":"Census Tract 217.08, DeKalb County","county":"DeKalb","score_per1000":3.9,"score_drive_per1000":3.9,"score_transit_per1000":0.0,"score_walk_per1000":0,"pop":3682,"med_hh_income":90819,"pct_no_vehicle":7.9,"pct_black":25.3,"pct_hispanic":4.9,"pct_65plus":11.1,"pct_drive":100,"pct_transit":0,"pct_walk":0,"min_drive_time":5.74,"min_walk_time":78.53,"min_transit_time":46.63},"geometry":{"type":"Polygon","coordinates":[[[-84.269783,33.837361],[-84.271875,33.834209],[-84.266572,33.831738],[-84.264884,33.827454],[-84.264823,33.824337],[-84.262928,33.822593],[-84.261098,33.823811],[-84.2515,33.82761],[-84.247619,33.83075],[-84.244661,33.832653],[-84.241277,33.835536],[-84.237639,33.837787],[-84.238318,33.838427],[-84.240126,33.838891],[-84.240879,33.839406],[-84.244248,33.843631],[-84.244591,33.844602],[-84.244612,33.846907],[-84.247616,33.846397],[-84.253588,33.846488],[-84.258164,33.843589],[-84.260659,33.841074],[-84.265118,33.840723],[-84.26761,33.839547],[-84.269783,33.837361]]]}},{"type":"Feature","properties":{"geoid":"13089021709","name":"Census Tract 217.09, DeKalb County","county":"DeKalb","score_per1000":3.4,"score_drive_per1000":3.4,"score_transit_per1000":0,"score_walk_per1000":0,"pop":3301,"med_hh_income":95550,"pct_no_vehicle":0,"pct_black":25.1,"pct_hispanic":10.1,"pct_65plus":13.7,"pct_drive":98.68,"pct_transit":0.93,"pct_walk":0.4,"min_drive_time":6.57,"min_walk_time":93.22,"min_transit_time":77.42},"geometry":{"type":"Polygon","coordinates":[[[-84.284073,33.868805],[-84.288865,33.864676],[-84.287398,33.862996],[-84.286174,33.860914],[-84.2824,33.856622],[-84.281297,33.854654],[-84.28052,33.855541],[-84.279228,33.856003],[-84.2738,33.854813],[-84.269138,33.85487],[-84.265106,33.85582],[-84.266232,33.859485],[-84.266757,33.860172],[-84.270485,33.86334],[-84.272405,33.864473],[-84.274259,33.865418],[-84.274778,33.864422],[-84.275107,33.864484],[-84.276645,33.865419],[-84.277336,33.866412],[-84.277398,33.867293],[-84.277814,33.867887],[-84.276277,33.869475],[-84.275061,33.870012],[-84.27363,33.871606],[-84.273554,33.872929],[-84.273094,33.873409],[-84.276781,33.873253],[-84.277222,33.873545],[-84.284073,33.868805]]]}},{"type":"Feature","properties":{"geoid":"13089021710","name":"Census Tract 217.10, DeKalb County","county":"DeKalb","score_per1000":3.5,"score_drive_per1000":3.5,"score_transit_per1000":0,"score_walk_per1000":0,"pop":2634,"med_hh_income":194844,"pct_no_vehicle":0,"pct_black":8.1,"pct_hispanic":1.7,"pct_65plus":26.2,"pct_drive":100,"pct_transit":0,"pct_walk":0,"min_drive_time":8.46,"min_walk_time":109.39,"min_transit_time":77.05},"geometry":{"type":"Polygon","coordinates":[[[-84.277814,33.867887],[-84.276951,33.865817],[-84.275791,33.864805],[-84.274778,33.864422],[-84.274259,33.865418],[-84.27355,33.86509],[-84.270485,33.86334],[-84.266757,33.860172],[-84.266232,33.859485],[-84.265106,33.85582],[-84.26415,33.85569],[-84.263156,33.855068],[-84.261677,33.851231],[-84.256864,33.848868],[-84.258745,33.851297],[-84.259325,33.85451],[-84.258498,33.855658],[-84.254186,33.858376],[-84.251509,33.861181],[-84.251317,33.862231],[-84.251725,33.864116],[-84.250628,33.866912],[-84.250641,33.871272],[-84.251505,33.871538],[-84.252596,33.870523],[-84.254488,33.869812],[-84.256598,33.870534],[-84.260281,33.867894],[-84.261675,33.867588],[-84.263818,33.868459],[-84.265535,33.867553],[-84.270567,33.870228],[-84.272118,33.870313],[-84.27256,33.871336],[-84.273358,33.871657],[-84.27397,33.871396],[-84.275061,33.870012],[-84.276277,33.869475],[-84.277814,33.867887]]]}},{"type":"Feature","properties":{"geoid":"13089021711","name":"Census Tract 217.11, DeKalb County","county":"DeKalb","score_per1000":3.1,"score_drive_per1000":3.3,"score_transit_per1000":0.2,"score_walk_per1000":0,"pop":3168,"med_hh_income":130089,"pct_no_vehicle":2.2,"pct_black":14.1,"pct_hispanic":41.3,"pct_65plus":19.7,"pct_drive":91.51,"pct_transit":3.79,"pct_walk":4.7,"min_drive_time":8.13,"min_walk_time":121.25,"min_transit_time":52.21},"geometry":{"type":"Polygon","coordinates":[[[-84.273016,33.878919],[-84.270494,33.877648],[-84.264922,33.876506],[-84.264417,33.877191],[-84.2631,33.877726],[-84.258723,33.878998],[-84.257973,33.878074],[-84.257414,33.87785],[-84.252885,33.877817],[-84.251722,33.878534],[-84.251304,33.879182],[-84.251372,33.882751],[-84.253672,33.884818],[-84.253939,33.885572],[-84.247883,33.885575],[-84.250585,33.891542],[-84.250711,33.897264],[-84.265807,33.887706],[-84.273016,33.878919]]]}},{"type":"Feature","properties":{"geoid":"13089021712","name":"Census Tract 217.12, DeKalb County","county":"DeKalb","score_per1000":3.1,"score_drive_per1000":3.4,"score_transit_per1000":0.2,"score_walk_per1000":0,"pop":2762,"med_hh_income":62360,"pct_no_vehicle":14,"pct_black":39.5,"pct_hispanic":6.5,"pct_65plus":4.7,"pct_drive":90.87,"pct_transit":5.83,"pct_walk":3.3,"min_drive_time":7.54,"min_walk_time":112.62,"min_transit_time":52.21},"geometry":{"type":"Polygon","coordinates":[[[-84.277089,33.873675],[-84.276781,33.873253],[-84.273094,33.873409],[-84.273554,33.872929],[-84.27363,33.871606],[-84.272633,33.871402],[-84.272286,33.870427],[-84.270567,33.870228],[-84.265786,33.867629],[-84.265366,33.867578],[-84.263818,33.868459],[-84.261675,33.867588],[-84.260281,33.867894],[-84.256598,33.870534],[-84.254488,33.869812],[-84.252596,33.870523],[-84.251505,33.871538],[-84.250613,33.871244],[-84.252619,33.874468],[-84.252577,33.87624],[-84.250391,33.878318],[-84.247642,33.879503],[-84.244778,33.883152],[-84.247592,33.885509],[-84.253939,33.885572],[-84.253672,33.884818],[-84.251327,33.882564],[-84.251304,33.879182],[-84.252517,33.877935],[-84.257414,33.87785],[-84.257973,33.878074],[-84.258723,33.878998],[-84.2631,33.877726],[-84.264417,33.877191],[-84.264922,33.876506],[-84.270494,33.877648],[-84.273016,33.878919],[-84.277089,33.873675]]]}},{"type":"Feature","properties":{"geoid":"13089021808","name":"Census Tract 218.08, DeKalb County","county":"DeKalb","score_per1000":3.2,"score_drive_per1000":3.3,"score_transit_per1000":0,"score_walk_per1000":0,"pop":4865,"med_hh_income":128000,"pct_no_vehicle":0,"pct_black":15.6,"pct_hispanic":26.7,"pct_65plus":13.9,"pct_drive":94.92,"pct_transit":4.39,"pct_walk":0.69,"min_drive_time":9.64,"min_walk_time":142.56,"min_transit_time":77.05},"geometry":{"type":"Polygon","coordinates":[[[-84.252739,33.875652],[-84.252341,33.873906],[-84.250613,33.871244],[-84.249823,33.870578],[-84.249392,33.869439],[-84.246188,33.870745],[-84.245151,33.870651],[-84.24428,33.870459],[-84.242203,33.869191],[-84.241298,33.869188],[-84.2413,33.868698],[-84.240882,33.868569],[-84.241022,33.867872],[-84.23973,33.867569],[-84.235985,33.868686],[-84.23312,33.869056],[-84.232742,33.869518],[-84.230197,33.870721],[-84.228034,33.873352],[-84.22916,33.873453],[-84.228991,33.876506],[-84.230673,33.876902],[-84.230134,33.877715],[-84.227305,33.87761],[-84.227063,33.88017],[-84.230604,33.881068],[-84.232202,33.882981],[-84.234335,33.884409],[-84.238098,33.885024],[-84.239367,33.884842],[-84.243289,33.883134],[-84.244778,33.883152],[-84.247642,33.879503],[-84.250391,33.878318],[-84.252213,33.876781],[-84.252739,33.875652]]]}},{"type":"Feature","properties":{"geoid":"13089021812","name":"Census Tract 218.12, DeKalb County","county":"DeKalb","score_per1000":3.1,"score_drive_per1000":3.1,"score_transit_per1000":0.2,"score_walk_per1000":0,"pop":2857,"med_hh_income":75000,"pct_no_vehicle":9.4,"pct_black":22.6,"pct_hispanic":30.7,"pct_65plus":14.7,"pct_drive":97.36,"pct_transit":2.16,"pct_walk":0.48,"min_drive_time":10.21,"min_walk_time":146.65,"min_transit_time":52.21},"geometry":{"type":"Polygon","coordinates":[[[-84.250711,33.897264],[-84.250451,33.891067],[-84.247883,33.885575],[-84.247125,33.885244],[-84.245093,33.883297],[-84.243289,33.883134],[-84.240003,33.884623],[-84.238098,33.885024],[-84.233951,33.884259],[-84.232202,33.882981],[-84.230941,33.881273],[-84.228313,33.880287],[-84.223891,33.880306],[-84.219186,33.881018],[-84.219786,33.883053],[-84.220479,33.884069],[-84.22416,33.88618],[-84.229309,33.886027],[-84.230099,33.88637],[-84.230419,33.888357],[-84.232346,33.889105],[-84.232613,33.890512],[-84.233176,33.890602],[-84.234224,33.891842],[-84.237298,33.891871],[-84.237836,33.890137],[-84.239544,33.889295],[-84.241825,33.889268],[-84.24275,33.889641],[-84.244581,33.891788],[-84.246225,33.892923],[-84.247014,33.893111],[-84.246712,33.893854],[-84.246732,33.895938],[-84.246962,33.896198],[-84.242847,33.89778],[-84.244204,33.901323],[-84.250711,33.897264]]]}},{"type":"Feature","properties":{"geoid":"13089021813","name":"Census Tract 218.13, DeKalb County","county":"DeKalb","score_per1000":3.1,"score_drive_per1000":3.1,"score_transit_per1000":0,"score_walk_per1000":0,"pop":2157,"med_hh_income":59943,"pct_no_vehicle":4.2,"pct_black":44.6,"pct_hispanic":43.1,"pct_65plus":3.8,"pct_drive":98.3,"pct_transit":0,"pct_walk":1.7,"min_drive_time":10.17,"min_walk_time":171.04,"min_transit_time":83.0},"geometry":{"type":"Polygon","coordinates":[[[-84.244204,33.901323],[-84.242847,33.89778],[-84.239898,33.898464],[-84.238384,33.898287],[-84.235757,33.898822],[-84.23337,33.900424],[-84.232208,33.901989],[-84.238077,33.905076],[-84.244204,33.901323]]]}},{"type":"Feature","properties":{"geoid":"13089021815","name":"Census Tract 218.15, DeKalb County","county":"DeKalb","score_per1000":2.3,"score_drive_per1000":2.9,"score_transit_per1000":0,"score_walk_per1000":0,"pop":4307,"med_hh_income":50274,"pct_no_vehicle":19.5,"pct_black":50.2,"pct_hispanic":44.4,"pct_65plus":4.3,"pct_drive":81.14,"pct_transit":18.07,"pct_walk":0.8,"min_drive_time":11.08,"min_walk_time":172.26,"min_transit_time":83.0},"geometry":{"type":"Polygon","coordinates":[[[-84.242847,33.89778],[-84.242247,33.896595],[-84.241008,33.895729],[-84.236882,33.89482],[-84.234212,33.893295],[-84.229354,33.892052],[-84.228408,33.891516],[-84.227649,33.890538],[-84.226428,33.891033],[-84.226356,33.891646],[-84.224992,33.891298],[-84.221938,33.891263],[-84.222724,33.892108],[-84.224224,33.892108],[-84.232208,33.901989],[-84.23337,33.900424],[-84.235757,33.898822],[-84.238384,33.898287],[-84.239898,33.898464],[-84.242847,33.89778]]]}},{"type":"Feature","properties":{"geoid":"13089021816","name":"Census Tract 218.16, DeKalb County","county":"DeKalb","score_per1000":2.4,"score_drive_per1000":2.9,"score_transit_per1000":0,"score_walk_per1000":0,"pop":2694,"med_hh_income":0,"pct_no_vehicle":4.2,"pct_black":25.4,"pct_hispanic":29.8,"pct_65plus":8.7,"pct_drive":84.5,"pct_transit":15.28,"pct_walk":0.22,"min_drive_time":10.86,"min_walk_time":162.89,"min_transit_time":83.0},"geometry":{"type":"Polygon","coordinates":[[[-84.246712,33.893854],[-84.247014,33.893111],[-84.246225,33.892923],[-84.244581,33.891788],[-84.242311,33.889364],[-84.239807,33.889258],[-84.238761,33.889601],[-84.237704,33.890296],[-84.237298,33.891871],[-84.234224,33.891842],[-84.233176,33.890602],[-84.232613,33.890512],[-84.232346,33.889105],[-84.230419,33.888357],[-84.230244,33.886613],[-84.229553,33.886084],[-84.22416,33.88618],[-84.220479,33.884069],[-84.219622,33.882401],[-84.215482,33.883115],[-84.213355,33.882857],[-84.216324,33.884208],[-84.216634,33.884982],[-84.221938,33.891263],[-84.224992,33.891298],[-84.226356,33.891646],[-84.226428,33.891033],[-84.227649,33.890538],[-84.228408,33.891516],[-84.229354,33.892052],[-84.234212,33.893295],[-84.236882,33.89482],[-84.241008,33.895729],[-84.242247,33.896595],[-84.242847,33.89778],[-84.246962,33.896198],[-84.246732,33.895938],[-84.246712,33.893854]]]}},{"type":"Feature","properties":{"geoid":"13089021817","name":"Census Tract 218.17, DeKalb County","county":"DeKalb","score_per1000":3.2,"score_drive_per1000":3.3,"score_transit_per1000":0.0,"score_walk_per1000":0,"pop":2545,"med_hh_income":90393,"pct_no_vehicle":5.4,"pct_black":36,"pct_hispanic":13.6,"pct_65plus":13.8,"pct_drive":97.06,"pct_transit":2.94,"pct_walk":0,"min_drive_time":7.62,"min_walk_time":108.91,"min_transit_time":52.0},"geometry":{"type":"Polygon","coordinates":[[[-84.233508,33.825303],[-84.232796,33.824233],[-84.231912,33.825008],[-84.22789,33.825614],[-84.227138,33.82517],[-84.227069,33.824228],[-84.226329,33.823242],[-84.225836,33.822881],[-84.224233,33.822854],[-84.224241,33.822413],[-84.223734,33.822039],[-84.221393,33.822779],[-84.218974,33.822369],[-84.217723,33.822508],[-84.216517,33.822878],[-84.214221,33.82454],[-84.212016,33.824954],[-84.20978,33.826316],[-84.207163,33.829774],[-84.206644,33.830967],[-84.206528,33.83264],[-84.199564,33.831978],[-84.198232,33.832142],[-84.19955,33.83366],[-84.200153,33.834878],[-84.213769,33.834418],[-84.213673,33.834667],[-84.216417,33.833877],[-84.233508,33.825303]]]}},{"type":"Feature","properties":{"geoid":"13089021818","name":"Census Tract 218.18, DeKalb County","county":"DeKalb","score_per1000":3.2,"score_drive_per1000":3.4,"score_transit_per1000":0,"score_walk_per1000":0,"pop":4263,"med_hh_income":73000,"pct_no_vehicle":3.8,"pct_black":25.8,"pct_hispanic":20.6,"pct_65plus":20.6,"pct_drive":96.67,"pct_transit":1.47,"pct_walk":1.87,"min_drive_time":7.11,"min_walk_time":109.42,"min_transit_time":77.05},"geometry":{"type":"Polygon","coordinates":[[[-84.237639,33.837787],[-84.236884,33.828853],[-84.233508,33.825303],[-84.216417,33.833877],[-84.213673,33.834667],[-84.213339,33.835961],[-84.213246,33.842923],[-84.213267,33.849961],[-84.213508,33.850955],[-84.217001,33.850062],[-84.22236,33.849743],[-84.225927,33.848266],[-84.230969,33.84488],[-84.232706,33.84317],[-84.234877,33.840235],[-84.237639,33.837787]]]}},{"type":"Feature","properties":{"geoid":"13089021819","name":"Census Tract 218.19, DeKalb County","county":"DeKalb","score_per1000":3.2,"score_drive_per1000":3.4,"score_transit_per1000":0,"score_walk_per1000":0,"pop":3556,"med_hh_income":123514,"pct_no_vehicle":2.8,"pct_black":16.6,"pct_hispanic":9,"pct_65plus":22.5,"pct_drive":93.27,"pct_transit":6.58,"pct_walk":0.15,"min_drive_time":8.44,"min_walk_time":125.35,"min_transit_time":77.05},"geometry":{"type":"Polygon","coordinates":[[[-84.244851,33.867575],[-84.249521,33.867815],[-84.249275,33.866535],[-84.246586,33.85509],[-84.2465,33.852778],[-84.247278,33.846417],[-84.244612,33.846907],[-84.244591,33.844602],[-84.244248,33.843631],[-84.240879,33.839406],[-84.240126,33.838891],[-84.238318,33.838427],[-84.237639,33.837787],[-84.234877,33.840235],[-84.232706,33.84317],[-84.230615,33.845177],[-84.225927,33.848266],[-84.223147,33.849525],[-84.223237,33.855],[-84.227217,33.858114],[-84.229475,33.861688],[-84.234497,33.864443],[-84.238875,33.866295],[-84.244851,33.867575]]]}},{"type":"Feature","properties":{"geoid":"13089021820","name":"Census Tract 218.20, DeKalb County","county":"DeKalb","score_per1000":3.5,"score_drive_per1000":3.6,"score_transit_per1000":0.2,"score_walk_per1000":0,"pop":2239,"med_hh_income":56833,"pct_no_vehicle":4.4,"pct_black":55.4,"pct_hispanic":0.9,"pct_65plus":13.6,"pct_drive":97.83,"pct_transit":0,"pct_walk":2.17,"min_drive_time":7.63,"min_walk_time":111.16,"min_transit_time":52.21},"geometry":{"type":"Polygon","coordinates":[[[-84.259375,33.85419],[-84.25883,33.851545],[-84.258249,33.850448],[-84.256864,33.848868],[-84.253461,33.846483],[-84.247278,33.846417],[-84.2465,33.852778],[-84.246586,33.85509],[-84.249521,33.867815],[-84.250559,33.867817],[-84.250708,33.866473],[-84.251712,33.864193],[-84.251324,33.861868],[-84.251835,33.860639],[-84.255362,33.857422],[-84.258757,33.85546],[-84.259375,33.85419]]]}},{"type":"Feature","properties":{"geoid":"13089021821","name":"Census Tract 218.21, DeKalb County","county":"DeKalb","score_per1000":2.4,"score_drive_per1000":2.4,"score_transit_per1000":0,"score_walk_per1000":0,"pop":3162,"med_hh_income":161205,"pct_no_vehicle":2.9,"pct_black":7.6,"pct_hispanic":7.4,"pct_65plus":25.4,"pct_drive":99.03,"pct_transit":0,"pct_walk":0.97,"min_drive_time":11.19,"min_walk_time":152.01,"min_transit_time":91.63},"geometry":{"type":"Polygon","coordinates":[[[-84.250613,33.871244],[-84.250559,33.867817],[-84.244851,33.867575],[-84.237699,33.865957],[-84.229475,33.861688],[-84.227217,33.858114],[-84.223421,33.855275],[-84.223123,33.854457],[-84.217257,33.854789],[-84.218234,33.858395],[-84.218999,33.859485],[-84.219246,33.860607],[-84.218143,33.8644],[-84.217811,33.867822],[-84.216546,33.871671],[-84.217965,33.874529],[-84.218367,33.878401],[-84.219186,33.881018],[-84.223333,33.880362],[-84.227063,33.88017],[-84.227305,33.87761],[-84.230134,33.877715],[-84.230673,33.876902],[-84.228991,33.876506],[-84.22916,33.873453],[-84.228034,33.873352],[-84.230197,33.870721],[-84.232742,33.869518],[-84.23312,33.869056],[-84.235985,33.868686],[-84.240395,33.867545],[-84.241022,33.867872],[-84.240882,33.868569],[-84.2413,33.868698],[-84.241298,33.869188],[-84.242203,33.869191],[-84.24428,33.870459],[-84.246188,33.870745],[-84.247991,33.870152],[-84.249223,33.86937],[-84.249691,33.869838],[-84.249823,33.870578],[-84.250613,33.871244]]]}},{"type":"Feature","properties":{"geoid":"13089021822","name":"Census Tract 218.22, DeKalb County","county":"DeKalb","score_per1000":2.7,"score_drive_per1000":2.7,"score_transit_per1000":0,"score_walk_per1000":0,"pop":4436,"med_hh_income":98132,"pct_no_vehicle":1.8,"pct_black":17.1,"pct_hispanic":17.1,"pct_65plus":28.1,"pct_drive":100,"pct_transit":0,"pct_walk":0,"min_drive_time":10.92,"min_walk_time":152.35,"min_transit_time":91.63},"geometry":{"type":"Polygon","coordinates":[[[-84.223123,33.854457],[-84.223147,33.849525],[-84.221096,33.849977],[-84.217001,33.850062],[-84.210227,33.851853],[-84.20932,33.855573],[-84.208733,33.85649],[-84.203631,33.858422],[-84.200807,33.86035],[-84.197291,33.864385],[-84.190873,33.86721],[-84.193407,33.867824],[-84.196292,33.870988],[-84.198817,33.871811],[-84.199823,33.871609],[-84.200923,33.871909],[-84.203523,33.873009],[-84.203523,33.873488],[-84.204592,33.874483],[-84.2047,33.875117],[-84.204948,33.875088],[-84.205029,33.875595],[-84.204651,33.875647],[-84.205091,33.876808],[-84.207162,33.877464],[-84.213355,33.882857],[-84.215482,33.883115],[-84.219622,33.882401],[-84.218469,33.878896],[-84.217965,33.874529],[-84.216546,33.871671],[-84.217811,33.867822],[-84.218143,33.8644],[-84.219246,33.860607],[-84.218999,33.859485],[-84.218234,33.858395],[-84.217257,33.854789],[-84.223123,33.854457]]]}},{"type":"Feature","properties":{"geoid":"13089021823","name":"Census Tract 218.23, DeKalb County","county":"DeKalb","score_per1000":2.8,"score_drive_per1000":2.9,"score_transit_per1000":0,"score_walk_per1000":0,"pop":3441,"med_hh_income":103588,"pct_no_vehicle":1.4,"pct_black":31.6,"pct_hispanic":8.5,"pct_65plus":25.4,"pct_drive":99.24,"pct_transit":0.76,"pct_walk":0,"min_drive_time":10.06,"min_walk_time":156.97,"min_transit_time":77.05},"geometry":{"type":"Polygon","coordinates":[[[-84.208733,33.85649],[-84.20983,33.853556],[-84.202182,33.855675],[-84.199991,33.855896],[-84.200858,33.854069],[-84.20086,33.83758],[-84.199852,33.83417],[-84.196872,33.830502],[-84.196197,33.829041],[-84.188817,33.829034],[-84.188874,33.833146],[-84.182775,33.831338],[-84.17815,33.828869],[-84.177937,33.830337],[-84.176927,33.83169],[-84.17775,33.833299],[-84.181952,33.83333],[-84.1831,33.834327],[-84.182149,33.836925],[-84.182215,33.842161],[-84.183045,33.844237],[-84.182115,33.845569],[-84.181565,33.848353],[-84.175934,33.846665],[-84.16945,33.84801],[-84.166286,33.849654],[-84.165564,33.852711],[-84.163792,33.855046],[-84.167347,33.856822],[-84.171121,33.85711],[-84.173022,33.858009],[-84.176089,33.860731],[-84.179319,33.864288],[-84.184422,33.865909],[-84.18632,33.86611],[-84.187009,33.865521],[-84.190873,33.86721],[-84.197291,33.864385],[-84.201277,33.859943],[-84.204759,33.857819],[-84.208733,33.85649]]]}},{"type":"Feature","properties":{"geoid":"13089021824","name":"Census Tract 218.24, DeKalb County","county":"DeKalb","score_per1000":2.9,"score_drive_per1000":3.0,"score_transit_per1000":0,"score_walk_per1000":0,"pop":2362,"med_hh_income":46516,"pct_no_vehicle":16.8,"pct_black":45.9,"pct_hispanic":35.6,"pct_65plus":11.6,"pct_drive":94.51,"pct_transit":2.17,"pct_walk":3.32,"min_drive_time":9.36,"min_walk_time":140.14,"min_transit_time":77.05},"geometry":{"type":"Polygon","coordinates":[[[-84.213339,33.835961],[-84.213769,33.834418],[-84.200153,33.834878],[-84.20092,33.838215],[-84.200882,33.85353],[-84.200709,33.854703],[-84.199991,33.855896],[-84.202182,33.855675],[-84.20983,33.853556],[-84.210227,33.851853],[-84.213508,33.850955],[-84.213267,33.849961],[-84.213246,33.842923],[-84.213339,33.835961]]]}},{"type":"Feature","properties":{"geoid":"13089021906","name":"Census Tract 219.06, DeKalb County","county":"DeKalb","score_per1000":1.5,"score_drive_per1000":1.8,"score_transit_per1000":0.0,"score_walk_per1000":0,"pop":6231,"med_hh_income":49482,"pct_no_vehicle":9.4,"pct_black":82.9,"pct_hispanic":2.2,"pct_65plus":12.1,"pct_drive":86.1,"pct_transit":13.04,"pct_walk":0.86,"min_drive_time":11.12,"min_walk_time":143.37,"min_transit_time":52.0},"geometry":{"type":"Polygon","coordinates":[[[-84.187078,33.806178],[-84.186542,33.803343],[-84.18657,33.799791],[-84.18566,33.797476],[-84.184671,33.796161],[-84.182235,33.794676],[-84.184541,33.794005],[-84.185013,33.793575],[-84.185597,33.792414],[-84.1859,33.789042],[-84.182405,33.789956],[-84.173168,33.790623],[-84.170808,33.790057],[-84.166101,33.787339],[-84.163107,33.786767],[-84.169113,33.798507],[-84.169804,33.800778],[-84.17103,33.808082],[-84.173322,33.807746],[-84.175387,33.806693],[-84.178221,33.806492],[-84.180996,33.806981],[-84.183109,33.806995],[-84.185232,33.806764],[-84.187078,33.806178]]]}},{"type":"Feature","properties":{"geoid":"13089021908","name":"Census Tract 219.08, DeKalb County","county":"DeKalb","score_per1000":2.3,"score_drive_per1000":2.5,"score_transit_per1000":0.2,"score_walk_per1000":0,"pop":6354,"med_hh_income":39921,"pct_no_vehicle":17.2,"pct_black":80.4,"pct_hispanic":4.8,"pct_65plus":10.1,"pct_drive":92.46,"pct_transit":7.54,"pct_walk":0,"min_drive_time":8.16,"min_walk_time":114.97,"min_transit_time":41.48},"geometry":{"type":"Polygon","coordinates":[[[-84.206196,33.811686],[-84.205288,33.810016],[-84.205377,33.806758],[-84.206093,33.80116],[-84.197974,33.800245],[-84.196015,33.800793],[-84.193644,33.802452],[-84.193809,33.795378],[-84.195486,33.789858],[-84.195713,33.787074],[-84.189323,33.788134],[-84.1859,33.789042],[-84.185597,33.792414],[-84.185013,33.793575],[-84.184541,33.794005],[-84.182235,33.794676],[-84.184671,33.796161],[-84.18566,33.797476],[-84.18657,33.799791],[-84.186542,33.803343],[-84.187078,33.806178],[-84.182011,33.810496],[-84.18239,33.810829],[-84.182452,33.811552],[-84.198474,33.811641],[-84.201238,33.812297],[-84.203623,33.811677],[-84.206196,33.811686]]]}},{"type":"Feature","properties":{"geoid":"13089021910","name":"Census Tract 219.10, DeKalb County","county":"DeKalb","score_per1000":2.3,"score_drive_per1000":2.4,"score_transit_per1000":0.2,"score_walk_per1000":0,"pop":7910,"med_hh_income":85823,"pct_no_vehicle":5.1,"pct_black":68.3,"pct_hispanic":6.9,"pct_65plus":9.9,"pct_drive":94.07,"pct_transit":5.93,"pct_walk":0,"min_drive_time":8.83,"min_walk_time":110.89,"min_transit_time":41.48},"geometry":{"type":"Polygon","coordinates":[[[-84.223111,33.822104],[-84.22276,33.818429],[-84.216211,33.817479],[-84.21348,33.817784],[-84.21126,33.818613],[-84.206196,33.811686],[-84.203623,33.811677],[-84.201238,33.812297],[-84.198667,33.811655],[-84.193686,33.81155],[-84.193701,33.819758],[-84.195742,33.824352],[-84.196197,33.829041],[-84.196872,33.830502],[-84.198232,33.832142],[-84.199564,33.831978],[-84.206528,33.83264],[-84.206644,33.830967],[-84.207163,33.829774],[-84.20978,33.826316],[-84.212016,33.824954],[-84.214495,33.824404],[-84.217128,33.822643],[-84.218974,33.822369],[-84.221393,33.822779],[-84.223111,33.822104]]]}},{"type":"Feature","properties":{"geoid":"13089021911","name":"Census Tract 219.11, DeKalb County","county":"DeKalb","score_per1000":2.3,"score_drive_per1000":2.4,"score_transit_per1000":0.2,"score_walk_per1000":0,"pop":3210,"med_hh_income":47115,"pct_no_vehicle":18.9,"pct_black":86.3,"pct_hispanic":5.6,"pct_65plus":3.8,"pct_drive":96.75,"pct_transit":3.25,"pct_walk":0,"min_drive_time":9.71,"min_walk_time":129.96,"min_transit_time":41.48},"geometry":{"type":"Polygon","coordinates":[[[-84.196197,33.829041],[-84.195742,33.824352],[-84.193701,33.819758],[-84.193686,33.81155],[-84.189203,33.811585],[-84.189097,33.814799],[-84.188366,33.815223],[-84.188544,33.816176],[-84.188102,33.81733],[-84.18888,33.819346],[-84.188741,33.822558],[-84.190588,33.8238],[-84.190505,33.829059],[-84.196197,33.829041]]]}},{"type":"Feature","properties":{"geoid":"13089021912","name":"Census Tract 219.12, DeKalb County","county":"DeKalb","score_per1000":1.7,"score_drive_per1000":1.8,"score_transit_per1000":0,"score_walk_per1000":0,"pop":3362,"med_hh_income":161364,"pct_no_vehicle":0.5,"pct_black":46.3,"pct_hispanic":4.2,"pct_65plus":25.2,"pct_drive":98.87,"pct_transit":0,"pct_walk":1.13,"min_drive_time":13.47,"min_walk_time":201.99,"min_transit_time":107.05},"geometry":{"type":"Polygon","coordinates":[[[-84.1831,33.834327],[-84.181952,33.83333],[-84.17775,33.833299],[-84.176927,33.83169],[-84.178007,33.830167],[-84.178133,33.828606],[-84.175252,33.826314],[-84.171424,33.821948],[-84.167903,33.820662],[-84.1657,33.820719],[-84.159092,33.822832],[-84.152477,33.824099],[-84.138516,33.823655],[-84.134297,33.824144],[-84.130748,33.823379],[-84.126107,33.822876],[-84.12792,33.825312],[-84.132124,33.829361],[-84.133387,33.831311],[-84.13338,33.83234],[-84.13397,33.833974],[-84.135578,33.835671],[-84.14127,33.838951],[-84.143228,33.839316],[-84.144408,33.839195],[-84.145432,33.839909],[-84.146362,33.841163],[-84.148341,33.84257],[-84.151372,33.846885],[-84.153046,33.847881],[-84.154039,33.848113],[-84.15761,33.853021],[-84.161381,33.853979],[-84.163792,33.855046],[-84.165564,33.852711],[-84.166286,33.849654],[-84.16945,33.84801],[-84.175934,33.846665],[-84.181565,33.848353],[-84.182115,33.845569],[-84.183045,33.844237],[-84.182215,33.842161],[-84.182149,33.836925],[-84.1831,33.834327]]]}},{"type":"Feature","properties":{"geoid":"13089021913","name":"Census Tract 219.13, DeKalb County","county":"DeKalb","score_per1000":1.9,"score_drive_per1000":2.0,"score_transit_per1000":0,"score_walk_per1000":0,"pop":5035,"med_hh_income":37584,"pct_no_vehicle":21.7,"pct_black":77.9,"pct_hispanic":10.5,"pct_65plus":7,"pct_drive":98.91,"pct_transit":1.09,"pct_walk":0,"min_drive_time":10.95,"min_walk_time":147.14,"min_transit_time":77.05},"geometry":{"type":"Polygon","coordinates":[[[-84.190505,33.829059],[-84.190588,33.8238],[-84.188741,33.822558],[-84.18888,33.819346],[-84.188102,33.81733],[-84.188544,33.816176],[-84.188366,33.815223],[-84.189097,33.814799],[-84.189203,33.811585],[-84.182452,33.811552],[-84.18239,33.810829],[-84.182011,33.810496],[-84.174226,33.816731],[-84.17178,33.818182],[-84.165284,33.820877],[-84.167903,33.820662],[-84.171206,33.821794],[-84.175252,33.826314],[-84.178625,33.829215],[-84.182775,33.831338],[-84.188874,33.833146],[-84.188817,33.829034],[-84.190505,33.829059]]]}},{"type":"Feature","properties":{"geoid":"13089021914","name":"Census Tract 219.14, DeKalb County","county":"DeKalb","score_per1000":1.7,"score_drive_per1000":1.8,"score_transit_per1000":0,"score_walk_per1000":0,"pop":3794,"med_hh_income":40690,"pct_no_vehicle":8.1,"pct_black":64.3,"pct_hispanic":9.8,"pct_65plus":15.7,"pct_drive":98.66,"pct_transit":1.34,"pct_walk":0,"min_drive_time":11.03,"min_walk_time":155.15,"min_transit_time":77.05},"geometry":{"type":"Polygon","coordinates":[[[-84.174226,33.816731],[-84.187008,33.806225],[-84.183109,33.806995],[-84.180996,33.806981],[-84.178221,33.806492],[-84.175387,33.806693],[-84.173322,33.807746],[-84.17103,33.808082],[-84.169804,33.800778],[-84.169113,33.798507],[-84.163107,33.786767],[-84.159767,33.786372],[-84.153356,33.788506],[-84.145651,33.789098],[-84.14325,33.79157],[-84.140785,33.792233],[-84.135853,33.794722],[-84.133596,33.795411],[-84.134422,33.795594],[-84.136962,33.795217],[-84.139416,33.795604],[-84.141874,33.795373],[-84.143171,33.795714],[-84.145603,33.795268],[-84.147041,33.796227],[-84.14892,33.796481],[-84.150876,33.797729],[-84.15111,33.798193],[-84.150899,33.799561],[-84.153637,33.800629],[-84.155438,33.80307],[-84.159904,33.805352],[-84.16264,33.8057],[-84.163323,33.806053],[-84.164231,33.807304],[-84.164401,33.808425],[-84.16343,33.809435],[-84.16298,33.811249],[-84.162231,33.811859],[-84.161173,33.81211],[-84.16227,33.812734],[-84.165395,33.81288],[-84.165422,33.817342],[-84.166442,33.819092],[-84.166548,33.82033],[-84.17178,33.818182],[-84.174226,33.816731]]]}},{"type":"Feature","properties":{"geoid":"13089021915","name":"Census Tract 219.15, DeKalb County","county":"DeKalb","score_per1000":1.8,"score_drive_per1000":1.8,"score_transit_per1000":0,"score_walk_per1000":0,"pop":4139,"med_hh_income":136875,"pct_no_vehicle":3.2,"pct_black":73.6,"pct_hispanic":2.9,"pct_65plus":23.1,"pct_drive":100,"pct_transit":0,"pct_walk":0,"min_drive_time":15.09,"min_walk_time":200.12,"min_transit_time":107.05},"geometry":{"type":"Polygon","coordinates":[[[-84.166548,33.82033],[-84.166442,33.819092],[-84.165422,33.817342],[-84.165395,33.81288],[-84.16227,33.812734],[-84.161173,33.81211],[-84.162231,33.811859],[-84.16298,33.811249],[-84.16343,33.809435],[-84.164401,33.808425],[-84.164231,33.807304],[-84.163323,33.806053],[-84.16264,33.8057],[-84.159904,33.805352],[-84.155438,33.80307],[-84.153637,33.800629],[-84.150899,33.799561],[-84.15111,33.798193],[-84.150876,33.797729],[-84.14892,33.796481],[-84.147041,33.796227],[-84.145603,33.795268],[-84.143171,33.795714],[-84.141874,33.795373],[-84.139416,33.795604],[-84.136962,33.795217],[-84.134422,33.795594],[-84.133596,33.795411],[-84.135853,33.794722],[-84.140785,33.792233],[-84.14325,33.79157],[-84.145651,33.789098],[-84.142296,33.788617],[-84.137787,33.786165],[-84.129543,33.784789],[-84.126496,33.785335],[-84.124268,33.784964],[-84.120787,33.785625],[-84.113008,33.786242],[-84.106954,33.78586],[-84.102126,33.785127],[-84.101855,33.786286],[-84.100262,33.788239],[-84.099853,33.79141],[-84.097125,33.794451],[-84.097221,33.798377],[-84.097919,33.799512],[-84.100852,33.800823],[-84.103548,33.80145],[-84.104611,33.802273],[-84.104993,33.803145],[-84.113419,33.807511],[-84.120601,33.81681],[-84.120182,33.817079],[-84.123029,33.81854],[-84.122688,33.818803],[-84.126107,33.822876],[-84.130748,33.823379],[-84.134297,33.824144],[-84.138516,33.823655],[-84.152477,33.824099],[-84.159092,33.822832],[-84.166548,33.82033]]]}},{"type":"Feature","properties":{"geoid":"13089021916","name":"Census Tract 219.16, DeKalb County","county":"DeKalb","score_per1000":2.7,"score_drive_per1000":2.7,"score_transit_per1000":0.2,"score_walk_per1000":0,"pop":2651,"med_hh_income":53750,"pct_no_vehicle":12.1,"pct_black":68.5,"pct_hispanic":3.7,"pct_65plus":8.4,"pct_drive":100,"pct_transit":0,"pct_walk":0,"min_drive_time":7.02,"min_walk_time":91.92,"min_transit_time":41.48},"geometry":{"type":"Polygon","coordinates":[[[-84.222621,33.789828],[-84.224745,33.785747],[-84.22419,33.785772],[-84.214183,33.787072],[-84.209983,33.787081],[-84.206255,33.786333],[-84.203572,33.786376],[-84.203601,33.786976],[-84.203949,33.787031],[-84.203963,33.790195],[-84.204345,33.792386],[-84.204656,33.792636],[-84.207319,33.792998],[-84.209206,33.792448],[-84.21207,33.793332],[-84.213858,33.793255],[-84.213108,33.794332],[-84.210769,33.795185],[-84.209185,33.797417],[-84.206599,33.798399],[-84.206182,33.799232],[-84.206093,33.80116],[-84.214854,33.800529],[-84.215615,33.797877],[-84.215868,33.79528],[-84.216988,33.794706],[-84.217416,33.794111],[-84.217904,33.792314],[-84.217694,33.790398],[-84.218455,33.790136],[-84.221675,33.790849],[-84.222621,33.789828]]]}},{"type":"Feature","properties":{"geoid":"13089021917","name":"Census Tract 219.17, DeKalb County","county":"DeKalb","score_per1000":2.2,"score_drive_per1000":2.5,"score_transit_per1000":0.2,"score_walk_per1000":0,"pop":2927,"med_hh_income":41337,"pct_no_vehicle":7.4,"pct_black":67.4,"pct_hispanic":7.7,"pct_65plus":13.8,"pct_drive":88.18,"pct_transit":11.82,"pct_walk":0,"min_drive_time":8.52,"min_walk_time":109.35,"min_transit_time":41.48},"geometry":{"type":"Polygon","coordinates":[[[-84.213817,33.793401],[-84.211547,33.793228],[-84.209206,33.792448],[-84.207319,33.792998],[-84.204656,33.792636],[-84.204345,33.792386],[-84.203963,33.790195],[-84.203949,33.787031],[-84.203601,33.786976],[-84.203572,33.786376],[-84.199918,33.786441],[-84.197714,33.786985],[-84.195713,33.787074],[-84.195486,33.789858],[-84.193809,33.795378],[-84.193644,33.802452],[-84.196015,33.800793],[-84.197974,33.800245],[-84.206093,33.80116],[-84.206182,33.799232],[-84.206599,33.798399],[-84.209185,33.797417],[-84.210769,33.795185],[-84.213108,33.794332],[-84.213817,33.793401]]]}},{"type":"Feature","properties":{"geoid":"13089022001","name":"Census Tract 220.01, DeKalb County","county":"DeKalb","score_per1000":3.8,"score_drive_per1000":3.8,"score_transit_per1000":0.2,"score_walk_per1000":0,"pop":5047,"med_hh_income":111693,"pct_no_vehicle":3.5,"pct_black":17.7,"pct_hispanic":24.5,"pct_65plus":15.6,"pct_drive":97.78,"pct_transit":2.22,"pct_walk":0,"min_drive_time":4.5,"min_walk_time":76.94,"min_transit_time":41.48},"geometry":{"type":"Polygon","coordinates":[[[-84.261098,33.823811],[-84.262928,33.822593],[-84.261018,33.822092],[-84.260583,33.821214],[-84.260628,33.811134],[-84.259628,33.807568],[-84.259618,33.805301],[-84.260093,33.804112],[-84.260086,33.800439],[-84.259792,33.799929],[-84.257676,33.799444],[-84.253341,33.802202],[-84.250266,33.802972],[-84.251747,33.815988],[-84.233508,33.825303],[-84.236884,33.828853],[-84.237639,33.837787],[-84.241277,33.835536],[-84.244661,33.832653],[-84.247619,33.83075],[-84.2515,33.82761],[-84.256405,33.825865],[-84.261098,33.823811]]]}},{"type":"Feature","properties":{"geoid":"13089022005","name":"Census Tract 220.05, DeKalb County","county":"DeKalb","score_per1000":3.4,"score_drive_per1000":3.6,"score_transit_per1000":0.4,"score_walk_per1000":0,"pop":5459,"med_hh_income":64950,"pct_no_vehicle":10.1,"pct_black":78.4,"pct_hispanic":2.3,"pct_65plus":6.8,"pct_drive":91.66,"pct_transit":6.09,"pct_walk":2.25,"min_drive_time":4.93,"min_walk_time":66.54,"min_transit_time":22.0},"geometry":{"type":"Polygon","coordinates":[[[-84.247833,33.78583],[-84.248542,33.783207],[-84.246091,33.783246],[-84.241724,33.782228],[-84.239179,33.782678],[-84.237356,33.784598],[-84.235188,33.78635],[-84.234251,33.786736],[-84.228375,33.78687],[-84.224745,33.785747],[-84.222621,33.789828],[-84.221675,33.790849],[-84.218455,33.790136],[-84.217694,33.790398],[-84.217904,33.792314],[-84.217416,33.794111],[-84.216988,33.794706],[-84.215868,33.79528],[-84.215615,33.797877],[-84.214854,33.800529],[-84.222071,33.798342],[-84.224176,33.797032],[-84.226292,33.794955],[-84.227857,33.795769],[-84.236399,33.795798],[-84.236472,33.796663],[-84.244379,33.796487],[-84.246327,33.795992],[-84.246365,33.789467],[-84.245799,33.786696],[-84.246959,33.787273],[-84.247833,33.78583]]]}},{"type":"Feature","properties":{"geoid":"13089022007","name":"Census Tract 220.07, DeKalb County","county":"DeKalb","score_per1000":3.7,"score_drive_per1000":3.8,"score_transit_per1000":0.2,"score_walk_per1000":0,"pop":4873,"med_hh_income":45665,"pct_no_vehicle":9,"pct_black":65,"pct_hispanic":4,"pct_65plus":2.9,"pct_drive":95.86,"pct_transit":4.14,"pct_walk":0,"min_drive_time":4.32,"min_walk_time":54.82,"min_transit_time":41.48},"geometry":{"type":"Polygon","coordinates":[[[-84.251747,33.815988],[-84.250266,33.802972],[-84.245243,33.803884],[-84.242989,33.805045],[-84.239652,33.809434],[-84.241565,33.810256],[-84.241682,33.811823],[-84.242888,33.812896],[-84.245676,33.817457],[-84.246838,33.818412],[-84.251747,33.815988]]]}},{"type":"Feature","properties":{"geoid":"13089022010","name":"Census Tract 220.10, DeKalb County","county":"DeKalb","score_per1000":3.3,"score_drive_per1000":3.4,"score_transit_per1000":0.2,"score_walk_per1000":0,"pop":1966,"med_hh_income":78906,"pct_no_vehicle":11.9,"pct_black":45.5,"pct_hispanic":4.4,"pct_65plus":9.7,"pct_drive":99.14,"pct_transit":0.61,"pct_walk":0.25,"min_drive_time":6.44,"min_walk_time":83.09,"min_transit_time":41.48},"geometry":{"type":"Polygon","coordinates":[[[-84.239652,33.809434],[-84.238028,33.808703],[-84.237243,33.809798],[-84.233653,33.808018],[-84.23126,33.807725],[-84.23124,33.807472],[-84.228396,33.807987],[-84.225568,33.807948],[-84.224544,33.811748],[-84.224456,33.817916],[-84.226352,33.818161],[-84.226443,33.818625],[-84.229517,33.818921],[-84.231433,33.81866],[-84.232792,33.818098],[-84.234477,33.81679],[-84.239652,33.809434]]]}},{"type":"Feature","properties":{"geoid":"13089022011","name":"Census Tract 220.11, DeKalb County","county":"DeKalb","score_per1000":2.4,"score_drive_per1000":2.7,"score_transit_per1000":0.0,"score_walk_per1000":0,"pop":6236,"med_hh_income":47875,"pct_no_vehicle":17.1,"pct_black":72.6,"pct_hispanic":0,"pct_65plus":5.4,"pct_drive":89.54,"pct_transit":6.21,"pct_walk":4.25,"min_drive_time":7.06,"min_walk_time":87.15,"min_transit_time":52.0},"geometry":{"type":"Polygon","coordinates":[[[-84.240001,33.805824],[-84.239145,33.804758],[-84.238305,33.801566],[-84.236536,33.797007],[-84.236399,33.795798],[-84.228528,33.795802],[-84.228644,33.798213],[-84.228347,33.800256],[-84.22915,33.801552],[-84.229035,33.801891],[-84.227296,33.803184],[-84.225174,33.805607],[-84.224712,33.807017],[-84.224049,33.807903],[-84.228396,33.807987],[-84.23124,33.807472],[-84.23126,33.807725],[-84.233653,33.808018],[-84.237243,33.809798],[-84.240001,33.805824]]]}},{"type":"Feature","properties":{"geoid":"13089022012","name":"Census Tract 220.12, DeKalb County","county":"DeKalb","score_per1000":3.4,"score_drive_per1000":3.6,"score_transit_per1000":0.2,"score_walk_per1000":0,"pop":3999,"med_hh_income":46087,"pct_no_vehicle":22.1,"pct_black":29.4,"pct_hispanic":11.1,"pct_65plus":2.8,"pct_drive":94.33,"pct_transit":3.01,"pct_walk":2.66,"min_drive_time":4.51,"min_walk_time":57.84,"min_transit_time":41.48},"geometry":{"type":"Polygon","coordinates":[[[-84.247453,33.803243],[-84.247442,33.797708],[-84.246327,33.795992],[-84.244379,33.796487],[-84.236472,33.796663],[-84.238305,33.801566],[-84.239145,33.804758],[-84.240001,33.805824],[-84.238028,33.808703],[-84.239652,33.809434],[-84.242989,33.805045],[-84.244794,33.804013],[-84.247453,33.803243]]]}},{"type":"Feature","properties":{"geoid":"13089022013","name":"Census Tract 220.13, DeKalb County","county":"DeKalb","score_per1000":3.6,"score_drive_per1000":3.8,"score_transit_per1000":0.2,"score_walk_per1000":0,"pop":3202,"med_hh_income":52917,"pct_no_vehicle":8.5,"pct_black":87.5,"pct_hispanic":2.8,"pct_65plus":3.3,"pct_drive":92.77,"pct_transit":7.23,"pct_walk":0,"min_drive_time":5.82,"min_walk_time":81.86,"min_transit_time":41.48},"geometry":{"type":"Polygon","coordinates":[[[-84.241961,33.820991],[-84.240564,33.819953],[-84.239954,33.817408],[-84.239038,33.817551],[-84.238644,33.818533],[-84.237128,33.81857],[-84.236584,33.818538],[-84.236118,33.817597],[-84.234193,33.817087],[-84.232115,33.818422],[-84.229517,33.818921],[-84.220756,33.817939],[-84.22073,33.818221],[-84.22276,33.818429],[-84.223111,33.822104],[-84.224092,33.822195],[-84.224233,33.822854],[-84.225836,33.822881],[-84.226244,33.823179],[-84.227069,33.824228],[-84.227138,33.82517],[-84.22789,33.825614],[-84.231912,33.825008],[-84.232796,33.824233],[-84.233508,33.825303],[-84.241961,33.820991]]]}},{"type":"Feature","properties":{"geoid":"13089022014","name":"Census Tract 220.14, DeKalb County","county":"DeKalb","score_per1000":3.0,"score_drive_per1000":3.4,"score_transit_per1000":0.2,"score_walk_per1000":0,"pop":2883,"med_hh_income":44273,"pct_no_vehicle":10.8,"pct_black":93.9,"pct_hispanic":0,"pct_65plus":2,"pct_drive":88.08,"pct_transit":11.92,"pct_walk":0,"min_drive_time":6.43,"min_walk_time":82.05,"min_transit_time":41.48},"geometry":{"type":"Polygon","coordinates":[[[-84.24671,33.818478],[-84.245223,33.816873],[-84.242739,33.812697],[-84.241682,33.811823],[-84.241565,33.810256],[-84.239652,33.809434],[-84.234193,33.817087],[-84.236118,33.817597],[-84.236584,33.818538],[-84.237128,33.81857],[-84.238644,33.818533],[-84.239038,33.817551],[-84.239954,33.817408],[-84.240564,33.819953],[-84.241961,33.820991],[-84.24671,33.818478]]]}},{"type":"Feature","properties":{"geoid":"13089022015","name":"Census Tract 220.15, DeKalb County","county":"DeKalb","score_per1000":2.5,"score_drive_per1000":3.4,"score_transit_per1000":0.0,"score_walk_per1000":0,"pop":2319,"med_hh_income":77396,"pct_no_vehicle":4.5,"pct_black":47.2,"pct_hispanic":0.3,"pct_65plus":13.6,"pct_drive":73.25,"pct_transit":24.83,"pct_walk":1.92,"min_drive_time":6.23,"min_walk_time":80.2,"min_transit_time":52.0},"geometry":{"type":"Polygon","coordinates":[[[-84.227296,33.803184],[-84.22915,33.801552],[-84.228347,33.800256],[-84.228644,33.798213],[-84.228528,33.795802],[-84.227349,33.795627],[-84.226292,33.794955],[-84.22384,33.797285],[-84.220802,33.798857],[-84.220584,33.800717],[-84.217944,33.807086],[-84.217623,33.80949],[-84.217592,33.817566],[-84.226443,33.818625],[-84.226352,33.818161],[-84.224456,33.817916],[-84.224544,33.811748],[-84.225568,33.807948],[-84.224049,33.807903],[-84.224712,33.807017],[-84.225174,33.805607],[-84.227296,33.803184]]]}},{"type":"Feature","properties":{"geoid":"13089022016","name":"Census Tract 220.16, DeKalb County","county":"DeKalb","score_per1000":2.6,"score_drive_per1000":2.7,"score_transit_per1000":0.0,"score_walk_per1000":0,"pop":3810,"med_hh_income":72096,"pct_no_vehicle":3.3,"pct_black":71.8,"pct_hispanic":1.1,"pct_65plus":11.8,"pct_drive":96.32,"pct_transit":3.68,"pct_walk":0,"min_drive_time":7.66,"min_walk_time":96.59,"min_transit_time":52.0},"geometry":{"type":"Polygon","coordinates":[[[-84.220272,33.801598],[-84.220802,33.798857],[-84.214561,33.800587],[-84.206093,33.80116],[-84.205377,33.806758],[-84.205312,33.810158],[-84.21126,33.818613],[-84.214386,33.817623],[-84.217592,33.817566],[-84.217623,33.80949],[-84.217944,33.807086],[-84.220272,33.801598]]]}},{"type":"Feature","properties":{"geoid":"13089022100","name":"Census Tract 221, DeKalb County","county":"DeKalb","score_per1000":3.6,"score_drive_per1000":3.8,"score_transit_per1000":1.0,"score_walk_per1000":0,"pop":3818,"med_hh_income":59083,"pct_no_vehicle":21.4,"pct_black":56.5,"pct_hispanic":4.5,"pct_65plus":15.8,"pct_drive":94.29,"pct_transit":2.33,"pct_walk":3.37,"min_drive_time":2.51,"min_walk_time":33.08,"min_transit_time":11.48},"geometry":{"type":"Polygon","coordinates":[[[-84.268194,33.779697],[-84.266897,33.777666],[-84.266215,33.778724],[-84.264385,33.779943],[-84.260229,33.779903],[-84.257918,33.780256],[-84.248542,33.783207],[-84.247833,33.78583],[-84.246959,33.787273],[-84.245799,33.786696],[-84.246365,33.789467],[-84.246217,33.79558],[-84.247442,33.797708],[-84.247453,33.803243],[-84.247131,33.803526],[-84.251832,33.802663],[-84.254082,33.801847],[-84.26268,33.795001],[-84.263636,33.793615],[-84.26435,33.791772],[-84.26455,33.783872],[-84.264944,33.782526],[-84.266054,33.781021],[-84.268194,33.779697]]]}},{"type":"Feature","properties":{"geoid":"13089022203","name":"Census Tract 222.03, DeKalb County","county":"DeKalb","score_per1000":3.4,"score_drive_per1000":3.8,"score_transit_per1000":1.0,"score_walk_per1000":0.3,"pop":2680,"med_hh_income":91861,"pct_no_vehicle":21.1,"pct_black":29.1,"pct_hispanic":1.6,"pct_65plus":18.5,"pct_drive":88.15,"pct_transit":3.28,"pct_walk":8.58,"min_drive_time":1.22,"min_walk_time":13.31,"min_transit_time":13.31},"geometry":{"type":"Polygon","coordinates":[[[-84.286157,33.790861],[-84.289555,33.787538],[-84.28362,33.787531],[-84.282489,33.784108],[-84.280401,33.78411],[-84.280391,33.784616],[-84.27934,33.784602],[-84.279393,33.780209],[-84.27891,33.77948],[-84.280485,33.777368],[-84.279904,33.775646],[-84.268101,33.77973],[-84.266847,33.780368],[-84.265641,33.781471],[-84.26455,33.783872],[-84.264447,33.791222],[-84.263636,33.793615],[-84.276947,33.793856],[-84.283036,33.79208],[-84.285271,33.792241],[-84.286157,33.790861]]]}},{"type":"Feature","properties":{"geoid":"13089022205","name":"Census Tract 222.05, DeKalb County","county":"DeKalb","score_per1000":3.8,"score_drive_per1000":3.8,"score_transit_per1000":0.2,"score_walk_per1000":0,"pop":4251,"med_hh_income":78158,"pct_no_vehicle":2.2,"pct_black":13.5,"pct_hispanic":23.4,"pct_65plus":6.6,"pct_drive":99.63,"pct_transit":0,"pct_walk":0.37,"min_drive_time":4.02,"min_walk_time":47.79,"min_transit_time":41.48},"geometry":{"type":"Polygon","coordinates":[[[-84.269013,33.815008],[-84.273035,33.810227],[-84.269898,33.80922],[-84.268639,33.808076],[-84.265523,33.798386],[-84.263771,33.796844],[-84.2628,33.79485],[-84.25667,33.799929],[-84.256835,33.800102],[-84.257676,33.799444],[-84.259792,33.799929],[-84.260086,33.800439],[-84.260093,33.804112],[-84.259618,33.805301],[-84.259642,33.807968],[-84.260628,33.811134],[-84.260583,33.821214],[-84.261018,33.822092],[-84.262928,33.822593],[-84.265043,33.819746],[-84.267329,33.817944],[-84.269013,33.815008]]]}},{"type":"Feature","properties":{"geoid":"13089022206","name":"Census Tract 222.06, DeKalb County","county":"DeKalb","score_per1000":3.8,"score_drive_per1000":3.8,"score_transit_per1000":0.4,"score_walk_per1000":0.1,"pop":3150,"med_hh_income":92143,"pct_no_vehicle":0,"pct_black":43.7,"pct_hispanic":1.5,"pct_65plus":10.7,"pct_drive":98.77,"pct_transit":1.23,"pct_walk":0,"min_drive_time":2.14,"min_walk_time":24.6,"min_transit_time":22.0},"geometry":{"type":"Polygon","coordinates":[[[-84.282889,33.794883],[-84.285271,33.792241],[-84.283036,33.79208],[-84.276947,33.793856],[-84.263636,33.793615],[-84.2628,33.79485],[-84.263771,33.796844],[-84.265523,33.798386],[-84.268305,33.807424],[-84.268901,33.80842],[-84.269898,33.80922],[-84.273035,33.810227],[-84.273421,33.80956],[-84.27384,33.807203],[-84.279448,33.801758],[-84.282155,33.798606],[-84.282889,33.794883]]]}},{"type":"Feature","properties":{"geoid":"13089022302","name":"Census Tract 223.02, DeKalb County","county":"DeKalb","score_per1000":3.8,"score_drive_per1000":3.9,"score_transit_per1000":0.2,"score_walk_per1000":0,"pop":3864,"med_hh_income":89539,"pct_no_vehicle":3.8,"pct_black":15.4,"pct_hispanic":7.2,"pct_65plus":13.9,"pct_drive":95.49,"pct_transit":3.67,"pct_walk":0.85,"min_drive_time":3.02,"min_walk_time":43.29,"min_transit_time":41.48},"geometry":{"type":"Polygon","coordinates":[[[-84.305194,33.804266],[-84.305856,33.801809],[-84.304145,33.801991],[-84.302892,33.802578],[-84.302369,33.803102],[-84.302193,33.803887],[-84.302764,33.804928],[-84.302724,33.805551],[-84.301731,33.805708],[-84.301445,33.805014],[-84.301046,33.805024],[-84.300865,33.805504],[-84.301501,33.806287],[-84.300798,33.806638],[-84.300055,33.806662],[-84.299192,33.806028],[-84.298035,33.805986],[-84.293567,33.804376],[-84.28966,33.805271],[-84.286883,33.807906],[-84.282171,33.80849],[-84.2814,33.808329],[-84.280458,33.807101],[-84.277836,33.805757],[-84.276342,33.804534],[-84.27384,33.807203],[-84.273238,33.809919],[-84.269013,33.815008],[-84.267525,33.8177],[-84.265043,33.819746],[-84.262928,33.822593],[-84.264823,33.824337],[-84.269693,33.824381],[-84.271037,33.825049],[-84.273048,33.825217],[-84.277206,33.820439],[-84.278651,33.81923],[-84.286705,33.815327],[-84.292162,33.811925],[-84.302768,33.806974],[-84.305194,33.804266]]]}},{"type":"Feature","properties":{"geoid":"13089022303","name":"Census Tract 223.03, DeKalb County","county":"DeKalb","score_per1000":3.9,"score_drive_per1000":4.0,"score_transit_per1000":0.7,"score_walk_per1000":0.3,"pop":3793,"med_hh_income":121094,"pct_no_vehicle":7.2,"pct_black":10.7,"pct_hispanic":11.7,"pct_65plus":19.8,"pct_drive":95.79,"pct_transit":4.21,"pct_walk":0,"min_drive_time":1.4,"min_walk_time":15.98,"min_transit_time":15.98},"geometry":{"type":"Polygon","coordinates":[[[-84.297342,33.793995],[-84.297089,33.793077],[-84.295775,33.793655],[-84.295768,33.787532],[-84.289555,33.787538],[-84.286157,33.790861],[-84.284915,33.79273],[-84.28304,33.794641],[-84.282151,33.797672],[-84.282155,33.798606],[-84.279448,33.801758],[-84.276342,33.804534],[-84.277836,33.805757],[-84.280458,33.807101],[-84.281096,33.808095],[-84.281768,33.808491],[-84.287003,33.807854],[-84.288688,33.806021],[-84.290073,33.805148],[-84.287238,33.803484],[-84.289116,33.801919],[-84.290612,33.801807],[-84.291268,33.802077],[-84.295106,33.800309],[-84.29709,33.800517],[-84.297148,33.798094],[-84.296894,33.797541],[-84.297195,33.797195],[-84.297342,33.793995]]]}},{"type":"Feature","properties":{"geoid":"13089022304","name":"Census Tract 223.04, DeKalb County","county":"DeKalb","score_per1000":3.3,"score_drive_per1000":4.0,"score_transit_per1000":0.7,"score_walk_per1000":0,"pop":3169,"med_hh_income":76694,"pct_no_vehicle":13,"pct_black":6.6,"pct_hispanic":11.3,"pct_65plus":21.6,"pct_drive":78.73,"pct_transit":18.73,"pct_walk":2.54,"min_drive_time":2.49,"min_walk_time":30.23,"min_transit_time":28.35},"geometry":{"type":"Polygon","coordinates":[[[-84.30943,33.787956],[-84.30662,33.787512],[-84.300482,33.787571],[-84.300585,33.791466],[-84.297,33.792921],[-84.297342,33.793995],[-84.297195,33.797195],[-84.296894,33.797541],[-84.297148,33.798094],[-84.29709,33.800517],[-84.295106,33.800309],[-84.291268,33.802077],[-84.289251,33.801836],[-84.287238,33.803484],[-84.290073,33.805148],[-84.293567,33.804376],[-84.298035,33.805986],[-84.299192,33.806028],[-84.300159,33.806686],[-84.301465,33.806371],[-84.300865,33.805504],[-84.301142,33.804983],[-84.301509,33.805086],[-84.301731,33.805708],[-84.302656,33.805621],[-84.302764,33.804928],[-84.302206,33.804029],[-84.302369,33.803102],[-84.304145,33.801991],[-84.305856,33.801809],[-84.307776,33.790804],[-84.30943,33.787956]]]}},{"type":"Feature","properties":{"geoid":"13089022401","name":"Census Tract 224.01, DeKalb County","county":"DeKalb","score_per1000":4.4,"score_drive_per1000":4.7,"score_transit_per1000":1.5,"score_walk_per1000":0.1,"pop":4064,"med_hh_income":111021,"pct_no_vehicle":1.5,"pct_black":5.8,"pct_hispanic":8.8,"pct_65plus":18.6,"pct_drive":92.43,"pct_transit":0.8,"pct_walk":6.77,"min_drive_time":2.4,"min_walk_time":27.82,"min_transit_time":17.67},"geometry":{"type":"Polygon","coordinates":[[[-84.348434,33.790525],[-84.34866,33.782972],[-84.347251,33.783056],[-84.347443,33.780244],[-84.345194,33.779334],[-84.33867,33.779265],[-84.337645,33.778473],[-84.337394,33.778692],[-84.338266,33.779274],[-84.334157,33.779251],[-84.3355,33.779722],[-84.337815,33.781598],[-84.335079,33.786289],[-84.332201,33.790024],[-84.331092,33.790507],[-84.328484,33.79073],[-84.329112,33.793111],[-84.330156,33.794128],[-84.330115,33.79574],[-84.330643,33.796111],[-84.331061,33.797104],[-84.332447,33.798238],[-84.334311,33.800838],[-84.3358,33.801525],[-84.337401,33.800187],[-84.338997,33.799763],[-84.341851,33.796115],[-84.342869,33.796123],[-84.342861,33.795492],[-84.343552,33.79462],[-84.342951,33.794275],[-84.343287,33.793713],[-84.343317,33.79219],[-84.343995,33.791278],[-84.34404,33.790567],[-84.348434,33.790525]]]}},{"type":"Feature","properties":{"geoid":"13089022403","name":"Census Tract 224.03, DeKalb County","county":"DeKalb","score_per1000":3.8,"score_drive_per1000":4.4,"score_transit_per1000":0.7,"score_walk_per1000":0.1,"pop":3730,"med_hh_income":205500,"pct_no_vehicle":0.8,"pct_black":0.8,"pct_hispanic":5.5,"pct_65plus":18.2,"pct_drive":85.24,"pct_transit":1.2,"pct_walk":13.55,"min_drive_time":1.86,"min_walk_time":21.77,"min_transit_time":21.77},"geometry":{"type":"Polygon","coordinates":[[[-84.337714,33.781669],[-84.3355,33.779722],[-84.334157,33.779251],[-84.332899,33.779712],[-84.332783,33.779203],[-84.333278,33.778601],[-84.332254,33.778077],[-84.331844,33.779255],[-84.330068,33.779259],[-84.330067,33.772531],[-84.330409,33.772751],[-84.33142,33.771654],[-84.328843,33.771636],[-84.32903,33.770559],[-84.328613,33.770563],[-84.328431,33.771465],[-84.328433,33.767854],[-84.326795,33.767847],[-84.326779,33.769673],[-84.322973,33.769633],[-84.322978,33.767765],[-84.319794,33.767564],[-84.319079,33.766135],[-84.316998,33.766139],[-84.316973,33.764183],[-84.315193,33.764829],[-84.312447,33.765107],[-84.312656,33.765733],[-84.312425,33.766814],[-84.312778,33.767003],[-84.312562,33.767412],[-84.311645,33.767603],[-84.311373,33.768214],[-84.312906,33.770318],[-84.311541,33.771252],[-84.311069,33.773084],[-84.31277,33.773853],[-84.312426,33.774451],[-84.31294,33.774647],[-84.312396,33.775017],[-84.312315,33.776342],[-84.312671,33.776679],[-84.312307,33.77649],[-84.312282,33.776965],[-84.313106,33.777],[-84.313007,33.777466],[-84.313783,33.777556],[-84.313356,33.779473],[-84.313977,33.779482],[-84.313937,33.780144],[-84.313093,33.782284],[-84.307796,33.790757],[-84.312425,33.792284],[-84.313405,33.792339],[-84.316004,33.791432],[-84.319583,33.789304],[-84.323716,33.788244],[-84.32618,33.788478],[-84.328484,33.79073],[-84.331684,33.790368],[-84.334813,33.78668],[-84.337714,33.781669]]]}},{"type":"Feature","properties":{"geoid":"13089022404","name":"Census Tract 224.04, DeKalb County","county":"DeKalb","score_per1000":2.8,"score_drive_per1000":4.6,"score_transit_per1000":1.0,"score_walk_per1000":0.4,"pop":3180,"med_hh_income":0,"pct_no_vehicle":34.9,"pct_black":27.8,"pct_hispanic":3.2,"pct_65plus":10.3,"pct_drive":55.79,"pct_transit":2.84,"pct_walk":41.37,"min_drive_time":1.04,"min_walk_time":11.08,"min_transit_time":11.08},"geometry":{"type":"Polygon","coordinates":[[[-84.336111,33.802895],[-84.335736,33.801504],[-84.334311,33.800838],[-84.332447,33.798238],[-84.330944,33.79695],[-84.33075,33.796266],[-84.330115,33.79574],[-84.330156,33.794128],[-84.329112,33.793111],[-84.328484,33.79073],[-84.32618,33.788478],[-84.323716,33.788244],[-84.32095,33.788817],[-84.314467,33.792049],[-84.316001,33.792531],[-84.318378,33.794014],[-84.319723,33.795268],[-84.321252,33.795251],[-84.322324,33.797137],[-84.323788,33.798565],[-84.322751,33.799414],[-84.322926,33.802891],[-84.322424,33.804061],[-84.32452,33.804569],[-84.324728,33.804196],[-84.324054,33.803145],[-84.325368,33.803021],[-84.327831,33.803701],[-84.328806,33.805644],[-84.329706,33.805325],[-84.33044,33.804141],[-84.331124,33.803929],[-84.332472,33.804198],[-84.333433,33.805515],[-84.333875,33.805272],[-84.333601,33.804161],[-84.333967,33.803597],[-84.336111,33.802895]]]}},{"type":"Feature","properties":{"geoid":"13089022405","name":"Census Tract 224.05, DeKalb County","county":"DeKalb","score_per1000":3.3,"score_drive_per1000":4.4,"score_transit_per1000":1.2,"score_walk_per1000":0.7,"pop":2442,"med_hh_income":75521,"pct_no_vehicle":7.9,"pct_black":22.1,"pct_hispanic":5.2,"pct_65plus":4.5,"pct_drive":68.82,"pct_transit":5.03,"pct_walk":26.15,"min_drive_time":0.96,"min_walk_time":9.87,"min_transit_time":9.87},"geometry":{"type":"Polygon","coordinates":[[[-84.323788,33.798565],[-84.322324,33.797137],[-84.321252,33.795251],[-84.319543,33.79518],[-84.318378,33.794014],[-84.315692,33.792355],[-84.314467,33.792049],[-84.312425,33.792284],[-84.307796,33.790757],[-84.305856,33.801809],[-84.30842,33.801144],[-84.310642,33.800073],[-84.311815,33.79998],[-84.314011,33.800707],[-84.315416,33.802122],[-84.318542,33.804335],[-84.320462,33.804418],[-84.322424,33.804061],[-84.322861,33.803363],[-84.322751,33.799414],[-84.323788,33.798565]]]}},{"type":"Feature","properties":{"geoid":"13089022501","name":"Census Tract 225.01, DeKalb County","county":"DeKalb","score_per1000":3.5,"score_drive_per1000":4.3,"score_transit_per1000":0.9,"score_walk_per1000":0,"pop":4239,"med_hh_income":131387,"pct_no_vehicle":9.1,"pct_black":19.7,"pct_hispanic":20,"pct_65plus":16,"pct_drive":79.12,"pct_transit":10.52,"pct_walk":10.36,"min_drive_time":3.52,"min_walk_time":45.47,"min_transit_time":27.41},"geometry":{"type":"Polygon","coordinates":[[[-84.312906,33.770318],[-84.311373,33.768214],[-84.311645,33.767603],[-84.312562,33.767412],[-84.312778,33.767003],[-84.312425,33.766814],[-84.312656,33.765733],[-84.312447,33.765107],[-84.308809,33.765668],[-84.296506,33.769919],[-84.296527,33.77461],[-84.296907,33.774612],[-84.296929,33.775585],[-84.296558,33.77559],[-84.296474,33.777921],[-84.298545,33.777746],[-84.29994,33.778445],[-84.30005,33.777188],[-84.303819,33.77721],[-84.304007,33.775534],[-84.306277,33.773216],[-84.3077,33.772706],[-84.311069,33.773084],[-84.311541,33.771252],[-84.312906,33.770318]]]}},{"type":"Feature","properties":{"geoid":"13089022502","name":"Census Tract 225.02, DeKalb County","county":"DeKalb","score_per1000":3.5,"score_drive_per1000":4.3,"score_transit_per1000":0.9,"score_walk_per1000":0,"pop":2548,"med_hh_income":199375,"pct_no_vehicle":1,"pct_black":0,"pct_hispanic":0,"pct_65plus":19.1,"pct_drive":79.78,"pct_transit":3.49,"pct_walk":16.74,"min_drive_time":2.84,"min_walk_time":34.22,"min_transit_time":27.41},"geometry":{"type":"Polygon","coordinates":[[[-84.313093,33.782284],[-84.313977,33.779482],[-84.313356,33.779473],[-84.313783,33.777556],[-84.313007,33.777466],[-84.313106,33.777],[-84.312282,33.776965],[-84.312307,33.77649],[-84.312671,33.776679],[-84.312315,33.776342],[-84.312396,33.775017],[-84.31294,33.774647],[-84.312426,33.774451],[-84.31277,33.773853],[-84.31137,33.77315],[-84.308034,33.772714],[-84.306277,33.773216],[-84.304007,33.775534],[-84.303819,33.77721],[-84.30005,33.777188],[-84.29994,33.778445],[-84.298545,33.777746],[-84.296474,33.777921],[-84.296416,33.778503],[-84.297055,33.780063],[-84.298271,33.781299],[-84.304001,33.784866],[-84.306258,33.786666],[-84.306758,33.787673],[-84.309081,33.787711],[-84.30943,33.787956],[-84.313093,33.782284]]]}},{"type":"Feature","properties":{"geoid":"13089022601","name":"Census Tract 226.01, DeKalb County","county":"DeKalb","score_per1000":3.8,"score_drive_per1000":4.3,"score_transit_per1000":0.9,"score_walk_per1000":0.1,"pop":4710,"med_hh_income":76750,"pct_no_vehicle":24.3,"pct_black":7.1,"pct_hispanic":6.6,"pct_65plus":24.5,"pct_drive":85.6,"pct_transit":10.56,"pct_walk":3.84,"min_drive_time":1.71,"min_walk_time":22.77,"min_transit_time":22.77},"geometry":{"type":"Polygon","coordinates":[[[-84.306758,33.787673],[-84.306385,33.786812],[-84.305271,33.785841],[-84.29876,33.781658],[-84.297055,33.780063],[-84.296419,33.778706],[-84.296558,33.77559],[-84.296929,33.775585],[-84.296907,33.774612],[-84.296527,33.77461],[-84.296506,33.769919],[-84.279924,33.775685],[-84.280305,33.776449],[-84.28777,33.775676],[-84.287806,33.777276],[-84.289153,33.779469],[-84.288752,33.782883],[-84.289312,33.784678],[-84.288929,33.786154],[-84.290142,33.78665],[-84.290102,33.787538],[-84.295768,33.787532],[-84.295775,33.793655],[-84.297872,33.792455],[-84.300585,33.791466],[-84.300482,33.787571],[-84.306758,33.787673]]]}},{"type":"Feature","properties":{"geoid":"13089022602","name":"Census Tract 226.02, DeKalb County","county":"DeKalb","score_per1000":3.3,"score_drive_per1000":3.8,"score_transit_per1000":0.9,"score_walk_per1000":0.1,"pop":2376,"med_hh_income":143073,"pct_no_vehicle":12.9,"pct_black":7.4,"pct_hispanic":7.3,"pct_65plus":16.2,"pct_drive":84.41,"pct_transit":8.82,"pct_walk":6.76,"min_drive_time":2.07,"min_walk_time":21.74,"min_transit_time":17.05},"geometry":{"type":"Polygon","coordinates":[[[-84.290078,33.78675],[-84.288929,33.786154],[-84.289312,33.784678],[-84.288752,33.782883],[-84.289153,33.779469],[-84.287806,33.777276],[-84.28777,33.775676],[-84.280305,33.776449],[-84.280439,33.777536],[-84.27891,33.77948],[-84.279393,33.780209],[-84.27934,33.784602],[-84.280391,33.784616],[-84.280401,33.78411],[-84.282489,33.784108],[-84.28362,33.787531],[-84.290102,33.787538],[-84.290078,33.78675]]]}},{"type":"Feature","properties":{"geoid":"13089022700","name":"Census Tract 227, DeKalb County","county":"DeKalb","score_per1000":3.9,"score_drive_per1000":4.4,"score_transit_per1000":0.4,"score_walk_per1000":0,"pop":5305,"med_hh_income":193036,"pct_no_vehicle":2.5,"pct_black":16.4,"pct_hispanic":10.6,"pct_65plus":7.4,"pct_drive":88.02,"pct_transit":4.13,"pct_walk":7.86,"min_drive_time":4.74,"min_walk_time":57.47,"min_transit_time":40.46},"geometry":{"type":"Polygon","coordinates":[[[-84.312447,33.765107],[-84.312315,33.755306],[-84.310447,33.75531],[-84.309832,33.754151],[-84.311262,33.753035],[-84.311223,33.752431],[-84.304675,33.752387],[-84.304015,33.753558],[-84.302514,33.753559],[-84.302477,33.754762],[-84.297205,33.754315],[-84.295996,33.753644],[-84.296375,33.758645],[-84.296506,33.769919],[-84.308809,33.765668],[-84.312447,33.765107]]]}},{"type":"Feature","properties":{"geoid":"13089022800","name":"Census Tract 228, DeKalb County","county":"DeKalb","score_per1000":3.7,"score_drive_per1000":4.3,"score_transit_per1000":0.9,"score_walk_per1000":0,"pop":4209,"med_hh_income":180278,"pct_no_vehicle":5.3,"pct_black":14.3,"pct_hispanic":4.3,"pct_65plus":10.2,"pct_drive":84.78,"pct_transit":7.25,"pct_walk":7.97,"min_drive_time":4.03,"min_walk_time":52.11,"min_transit_time":27.41},"geometry":{"type":"Polygon","coordinates":[[[-84.296506,33.769919],[-84.296375,33.758645],[-84.295996,33.753644],[-84.290653,33.753149],[-84.290901,33.751009],[-84.284047,33.750975],[-84.284065,33.751946],[-84.285285,33.752173],[-84.286068,33.752723],[-84.287291,33.754737],[-84.286846,33.756324],[-84.287438,33.757324],[-84.28737,33.759225],[-84.286724,33.759885],[-84.286572,33.761004],[-84.28628,33.761107],[-84.285909,33.762148],[-84.28416,33.761819],[-84.278836,33.763155],[-84.280865,33.765864],[-84.286329,33.769424],[-84.284457,33.770499],[-84.282435,33.770546],[-84.282806,33.774632],[-84.296506,33.769919]]]}},{"type":"Feature","properties":{"geoid":"13089022900","name":"Census Tract 229, DeKalb County","county":"DeKalb","score_per1000":3.3,"score_drive_per1000":3.6,"score_transit_per1000":0.2,"score_walk_per1000":0,"pop":4353,"med_hh_income":118462,"pct_no_vehicle":4.7,"pct_black":21,"pct_hispanic":5.3,"pct_65plus":14.9,"pct_drive":91.24,"pct_transit":7.63,"pct_walk":1.13,"min_drive_time":4.5,"min_walk_time":53.09,"min_transit_time":46.85},"geometry":{"type":"Polygon","coordinates":[[[-84.29093,33.751009],[-84.290811,33.74707],[-84.286753,33.747115],[-84.281461,33.747926],[-84.27762,33.749212],[-84.274677,33.750669],[-84.274429,33.750259],[-84.264021,33.750108],[-84.267153,33.754451],[-84.271971,33.757254],[-84.271686,33.757919],[-84.27151,33.764085],[-84.271134,33.764796],[-84.271181,33.768076],[-84.27049,33.768813],[-84.27053,33.769803],[-84.271218,33.771077],[-84.274354,33.771121],[-84.27473,33.771687],[-84.275266,33.771699],[-84.276312,33.775009],[-84.276059,33.775012],[-84.276543,33.776791],[-84.282806,33.774632],[-84.282435,33.770546],[-84.284457,33.770499],[-84.286329,33.769424],[-84.280865,33.765864],[-84.278836,33.763155],[-84.28416,33.761819],[-84.285909,33.762148],[-84.28628,33.761107],[-84.286572,33.761004],[-84.286724,33.759885],[-84.28737,33.759225],[-84.287438,33.757324],[-84.286846,33.756324],[-84.287291,33.754737],[-84.286068,33.752723],[-84.285285,33.752173],[-84.284065,33.751946],[-84.284047,33.750975],[-84.29093,33.751009]]]}},{"type":"Feature","properties":{"geoid":"13089023000","name":"Census Tract 230, DeKalb County","county":"DeKalb","score_per1000":3.5,"score_drive_per1000":3.6,"score_transit_per1000":0.3,"score_walk_per1000":0,"pop":2253,"med_hh_income":127865,"pct_no_vehicle":3.3,"pct_black":12.3,"pct_hispanic":3.9,"pct_65plus":23.6,"pct_drive":94.97,"pct_transit":0,"pct_walk":5.03,"min_drive_time":4.14,"min_walk_time":46.03,"min_transit_time":41.48},"geometry":{"type":"Polygon","coordinates":[[[-84.276543,33.776791],[-84.276059,33.775012],[-84.276312,33.775009],[-84.275266,33.771699],[-84.27473,33.771687],[-84.274354,33.771121],[-84.271218,33.771077],[-84.27053,33.769803],[-84.27049,33.768813],[-84.271181,33.768076],[-84.271134,33.764796],[-84.27151,33.764085],[-84.271686,33.757919],[-84.271971,33.757254],[-84.270649,33.756506],[-84.268974,33.758269],[-84.268135,33.761116],[-84.266278,33.76383],[-84.266274,33.764903],[-84.26475,33.765089],[-84.261637,33.766567],[-84.261859,33.767046],[-84.261836,33.771431],[-84.260665,33.772952],[-84.260071,33.774443],[-84.267476,33.776301],[-84.266897,33.777666],[-84.268194,33.779697],[-84.276543,33.776791]]]}},{"type":"Feature","properties":{"geoid":"13089023101","name":"Census Tract 231.01, DeKalb County","county":"DeKalb","score_per1000":2.9,"score_drive_per1000":3.0,"score_transit_per1000":0.1,"score_walk_per1000":0,"pop":3596,"med_hh_income":58413,"pct_no_vehicle":8.4,"pct_black":53.6,"pct_hispanic":2.1,"pct_65plus":11.5,"pct_drive":96.51,"pct_transit":3.24,"pct_walk":0.25,"min_drive_time":7.76,"min_walk_time":88.19,"min_transit_time":47.05},"geometry":{"type":"Polygon","coordinates":[[[-84.289564,33.74471],[-84.290978,33.744764],[-84.289702,33.742158],[-84.290245,33.741933],[-84.290272,33.739715],[-84.289818,33.739721],[-84.290277,33.739562],[-84.2903,33.738872],[-84.251995,33.73794],[-84.253773,33.741496],[-84.25676,33.742686],[-84.260767,33.74521],[-84.262569,33.748351],[-84.264021,33.750108],[-84.274429,33.750259],[-84.274677,33.750669],[-84.27762,33.749212],[-84.281802,33.747834],[-84.286363,33.747138],[-84.290577,33.747071],[-84.289564,33.74471]]]}},{"type":"Feature","properties":{"geoid":"13089023102","name":"Census Tract 231.02, DeKalb County","county":"DeKalb","score_per1000":3.0,"score_drive_per1000":3.3,"score_transit_per1000":0.5,"score_walk_per1000":0,"pop":2826,"med_hh_income":54258,"pct_no_vehicle":23.1,"pct_black":37.4,"pct_hispanic":1.7,"pct_65plus":14.9,"pct_drive":88.76,"pct_transit":8.36,"pct_walk":2.88,"min_drive_time":5.7,"min_walk_time":73.62,"min_transit_time":41.48},"geometry":{"type":"Polygon","coordinates":[[[-84.270568,33.756569],[-84.26781,33.754941],[-84.266111,33.755986],[-84.26521,33.755093],[-84.264396,33.754914],[-84.254057,33.754845],[-84.251839,33.755226],[-84.25133,33.767377],[-84.252101,33.769533],[-84.256669,33.773193],[-84.260071,33.774443],[-84.260665,33.772952],[-84.261836,33.771431],[-84.261859,33.767046],[-84.261637,33.766567],[-84.26475,33.765089],[-84.266274,33.764903],[-84.266278,33.76383],[-84.268135,33.761116],[-84.268974,33.758269],[-84.270568,33.756569]]]}},{"type":"Feature","properties":{"geoid":"13089023107","name":"Census Tract 231.07, DeKalb County","county":"DeKalb","score_per1000":2.5,"score_drive_per1000":3.0,"score_transit_per1000":0.3,"score_walk_per1000":0,"pop":4708,"med_hh_income":85442,"pct_no_vehicle":1.9,"pct_black":62.8,"pct_hispanic":5.9,"pct_65plus":11.4,"pct_drive":81.78,"pct_transit":12.08,"pct_walk":6.14,"min_drive_time":7.27,"min_walk_time":90.13,"min_transit_time":41.48},"geometry":{"type":"Polygon","coordinates":[[[-84.26781,33.754941],[-84.266586,33.753821],[-84.262569,33.748351],[-84.260767,33.74521],[-84.25676,33.742686],[-84.253773,33.741496],[-84.251995,33.73794],[-84.242018,33.737668],[-84.241899,33.738874],[-84.242885,33.739344],[-84.243034,33.740387],[-84.243788,33.740844],[-84.243805,33.743489],[-84.242977,33.747223],[-84.242047,33.748141],[-84.24075,33.748196],[-84.240615,33.74925],[-84.241721,33.749477],[-84.241618,33.751419],[-84.24102,33.752724],[-84.241142,33.754586],[-84.242574,33.756968],[-84.243664,33.757051],[-84.243481,33.760546],[-84.248811,33.762122],[-84.250152,33.762988],[-84.251339,33.765008],[-84.251839,33.755226],[-84.254057,33.754845],[-84.264396,33.754914],[-84.26521,33.755093],[-84.266111,33.755986],[-84.26781,33.754941]]]}},{"type":"Feature","properties":{"geoid":"13089023108","name":"Census Tract 231.08, DeKalb County","county":"DeKalb","score_per1000":2.6,"score_drive_per1000":2.8,"score_transit_per1000":0.2,"score_walk_per1000":0,"pop":3348,"med_hh_income":45956,"pct_no_vehicle":11.2,"pct_black":83.3,"pct_hispanic":1.3,"pct_65plus":25,"pct_drive":94.9,"pct_transit":4.43,"pct_walk":0.67,"min_drive_time":7.74,"min_walk_time":106.77,"min_transit_time":47.05},"geometry":{"type":"Polygon","coordinates":[[[-84.243822,33.741056],[-84.243535,33.740525],[-84.243034,33.740387],[-84.242885,33.739344],[-84.241899,33.738874],[-84.242018,33.737668],[-84.216773,33.736842],[-84.217726,33.738776],[-84.218788,33.74407],[-84.219839,33.745695],[-84.236794,33.755444],[-84.241078,33.759428],[-84.243481,33.760546],[-84.243664,33.757051],[-84.242574,33.756968],[-84.241142,33.754586],[-84.24102,33.752724],[-84.241618,33.751419],[-84.241721,33.749477],[-84.240615,33.74925],[-84.24075,33.748196],[-84.242047,33.748141],[-84.242977,33.747223],[-84.243805,33.743489],[-84.243822,33.741056]]]}},{"type":"Feature","properties":{"geoid":"13089023111","name":"Census Tract 231.11, DeKalb County","county":"DeKalb","score_per1000":2.6,"score_drive_per1000":2.7,"score_transit_per1000":0.5,"score_walk_per1000":0,"pop":1753,"med_hh_income":56875,"pct_no_vehicle":6.9,"pct_black":78.8,"pct_hispanic":11.7,"pct_65plus":22.2,"pct_drive":94.28,"pct_transit":5.72,"pct_walk":0,"min_drive_time":6.75,"min_walk_time":101.16,"min_transit_time":40.46},"geometry":{"type":"Polygon","coordinates":[[[-84.233286,33.770924],[-84.232538,33.767725],[-84.232456,33.757173],[-84.231963,33.752669],[-84.222333,33.747207],[-84.219945,33.751531],[-84.220528,33.754525],[-84.219729,33.756277],[-84.219921,33.75683],[-84.221841,33.758167],[-84.223113,33.759666],[-84.223252,33.763805],[-84.220335,33.763332],[-84.219925,33.764842],[-84.221878,33.766064],[-84.223201,33.767635],[-84.223511,33.768435],[-84.222538,33.768685],[-84.222446,33.768954],[-84.223473,33.769301],[-84.223784,33.770268],[-84.225528,33.771035],[-84.226029,33.771716],[-84.229603,33.770909],[-84.233286,33.770924]]]}},{"type":"Feature","properties":{"geoid":"13089023112","name":"Census Tract 231.12, DeKalb County","county":"DeKalb","score_per1000":2.5,"score_drive_per1000":3.0,"score_transit_per1000":0.2,"score_walk_per1000":0,"pop":3652,"med_hh_income":44946,"pct_no_vehicle":29.3,"pct_black":77.7,"pct_hispanic":5,"pct_65plus":10,"pct_drive":81.78,"pct_transit":15.39,"pct_walk":2.83,"min_drive_time":6.43,"min_walk_time":82.54,"min_transit_time":41.48},"geometry":{"type":"Polygon","coordinates":[[[-84.251464,33.771716],[-84.254571,33.771701],[-84.252373,33.769868],[-84.251667,33.768839],[-84.251375,33.768061],[-84.251339,33.765008],[-84.250152,33.762988],[-84.248022,33.76177],[-84.241921,33.759979],[-84.237379,33.755837],[-84.231963,33.752669],[-84.232456,33.757173],[-84.232538,33.767725],[-84.233397,33.770923],[-84.235997,33.770942],[-84.236897,33.770675],[-84.239495,33.771618],[-84.242175,33.771035],[-84.248007,33.772231],[-84.251464,33.771716]]]}},{"type":"Feature","properties":{"geoid":"13089023113","name":"Census Tract 231.13, DeKalb County","county":"DeKalb","score_per1000":3.2,"score_drive_per1000":3.5,"score_transit_per1000":0.2,"score_walk_per1000":0,"pop":3391,"med_hh_income":56327,"pct_no_vehicle":7.4,"pct_black":32.1,"pct_hispanic":2.5,"pct_65plus":6.7,"pct_drive":92.82,"pct_transit":5.54,"pct_walk":1.64,"min_drive_time":5.28,"min_walk_time":65.84,"min_transit_time":41.48},"geometry":{"type":"Polygon","coordinates":[[[-84.266215,33.778724],[-84.267476,33.776301],[-84.257789,33.773701],[-84.254571,33.771701],[-84.251464,33.771716],[-84.249316,33.772086],[-84.247893,33.774095],[-84.2464,33.775408],[-84.239612,33.779036],[-84.233836,33.786716],[-84.235188,33.78635],[-84.239322,33.782622],[-84.242149,33.782229],[-84.246091,33.783246],[-84.249382,33.783093],[-84.257918,33.780256],[-84.260229,33.779903],[-84.264385,33.779943],[-84.266215,33.778724]]]}},{"type":"Feature","properties":{"geoid":"13089023114","name":"Census Tract 231.14, DeKalb County","county":"DeKalb","score_per1000":2.7,"score_drive_per1000":3.0,"score_transit_per1000":0.3,"score_walk_per1000":0,"pop":4066,"med_hh_income":55781,"pct_no_vehicle":11.5,"pct_black":69.2,"pct_hispanic":8.1,"pct_65plus":11.8,"pct_drive":88.44,"pct_transit":11.56,"pct_walk":0,"min_drive_time":6.09,"min_walk_time":78.29,"min_transit_time":41.48},"geometry":{"type":"Polygon","coordinates":[[[-84.241373,33.778115],[-84.235773,33.774123],[-84.234387,33.772627],[-84.233397,33.770923],[-84.229603,33.770909],[-84.226029,33.771716],[-84.225528,33.771035],[-84.223784,33.770268],[-84.223552,33.771392],[-84.223076,33.772047],[-84.223287,33.772898],[-84.222357,33.774618],[-84.221314,33.775098],[-84.220814,33.776296],[-84.220888,33.777878],[-84.220406,33.778682],[-84.220847,33.779471],[-84.220765,33.780045],[-84.219606,33.781532],[-84.219563,33.782547],[-84.219761,33.782919],[-84.220292,33.783027],[-84.223133,33.783069],[-84.224212,33.784075],[-84.224745,33.785747],[-84.227956,33.786786],[-84.233836,33.786716],[-84.239445,33.779219],[-84.241373,33.778115]]]}},{"type":"Feature","properties":{"geoid":"13089023115","name":"Census Tract 231.15, DeKalb County","county":"DeKalb","score_per1000":null,"score_drive_per1000":3.6,"score_transit_per1000":0.3,"score_walk_per1000":0,"pop":1519,"med_hh_income":0,"pct_no_vehicle":0,"pct_black":58.5,"pct_hispanic":15.1,"pct_65plus":1.4,"pct_drive":0,"pct_transit":0,"pct_walk":0,"min_drive_time":4.88,"min_walk_time":66.51,"min_transit_time":41.48},"geometry":{"type":"Polygon","coordinates":[[[-84.249299,33.772111],[-84.247674,33.772198],[-84.242175,33.771035],[-84.239495,33.771618],[-84.236897,33.770675],[-84.235997,33.770942],[-84.233397,33.770923],[-84.234387,33.772627],[-84.235773,33.774123],[-84.241262,33.778039],[-84.2464,33.775408],[-84.247893,33.774095],[-84.249299,33.772111]]]}},{"type":"Feature","properties":{"geoid":"13089023209","name":"Census Tract 232.09, DeKalb County","county":"DeKalb","score_per1000":1.7,"score_drive_per1000":1.8,"score_transit_per1000":0.0,"score_walk_per1000":0,"pop":5636,"med_hh_income":84360,"pct_no_vehicle":0,"pct_black":84.2,"pct_hispanic":2.8,"pct_65plus":12.4,"pct_drive":95.76,"pct_transit":4.24,"pct_walk":0,"min_drive_time":9.02,"min_walk_time":117.87,"min_transit_time":52.0},"geometry":{"type":"Polygon","coordinates":[[[-84.181132,33.774783],[-84.180734,33.773704],[-84.179921,33.772985],[-84.178011,33.768104],[-84.178418,33.759843],[-84.170059,33.759714],[-84.168513,33.758983],[-84.165414,33.755942],[-84.165328,33.759351],[-84.164298,33.761717],[-84.164411,33.764981],[-84.161516,33.782274],[-84.161845,33.784324],[-84.163107,33.786767],[-84.166101,33.787339],[-84.171523,33.790326],[-84.174927,33.790583],[-84.175078,33.789402],[-84.178,33.784696],[-84.179504,33.778717],[-84.180967,33.775774],[-84.181132,33.774783]]]}},{"type":"Feature","properties":{"geoid":"13089023211","name":"Census Tract 232.11, DeKalb County","county":"DeKalb","score_per1000":2.1,"score_drive_per1000":2.1,"score_transit_per1000":0,"score_walk_per1000":0,"pop":3883,"med_hh_income":81466,"pct_no_vehicle":3.3,"pct_black":80.9,"pct_hispanic":3.3,"pct_65plus":18.8,"pct_drive":100,"pct_transit":0,"pct_walk":0,"min_drive_time":7.48,"min_walk_time":93.36,"min_transit_time":67.76},"geometry":{"type":"Polygon","coordinates":[[[-84.197379,33.749473],[-84.195945,33.744595],[-84.196197,33.741625],[-84.194422,33.738552],[-84.194061,33.73299],[-84.194464,33.731211],[-84.188568,33.727982],[-84.186515,33.727379],[-84.183819,33.729697],[-84.183119,33.731705],[-84.181608,33.733063],[-84.182003,33.733433],[-84.184121,33.733997],[-84.184783,33.734948],[-84.184754,33.73648],[-84.185095,33.737392],[-84.184819,33.737519],[-84.184683,33.740846],[-84.184068,33.742502],[-84.183781,33.743157],[-84.182409,33.743766],[-84.179796,33.743779],[-84.181143,33.744209],[-84.18221,33.746601],[-84.183944,33.748197],[-84.186231,33.748919],[-84.188224,33.750014],[-84.194041,33.750254],[-84.197379,33.749473]]]}},{"type":"Feature","properties":{"geoid":"13089023212","name":"Census Tract 232.12, DeKalb County","county":"DeKalb","score_per1000":2.1,"score_drive_per1000":2.1,"score_transit_per1000":0.1,"score_walk_per1000":0,"pop":3961,"med_hh_income":71782,"pct_no_vehicle":5.1,"pct_black":86.7,"pct_hispanic":6.8,"pct_65plus":15.6,"pct_drive":97.13,"pct_transit":2.87,"pct_walk":0,"min_drive_time":5.14,"min_walk_time":65.41,"min_transit_time":39.36},"geometry":{"type":"Polygon","coordinates":[[[-84.183819,33.729697],[-84.186515,33.727379],[-84.18425,33.726983],[-84.181503,33.725422],[-84.178328,33.724443],[-84.174437,33.724146],[-84.16702,33.722955],[-84.167436,33.724738],[-84.166801,33.727034],[-84.16683,33.728752],[-84.167714,33.731355],[-84.168111,33.73405],[-84.169499,33.737435],[-84.169042,33.739096],[-84.166229,33.743004],[-84.16541,33.746143],[-84.165387,33.747563],[-84.171199,33.747515],[-84.17455,33.743825],[-84.176051,33.742988],[-84.179796,33.743779],[-84.182409,33.743766],[-84.183781,33.743157],[-84.184683,33.740846],[-84.184819,33.737519],[-84.185095,33.737392],[-84.184754,33.73648],[-84.184783,33.734948],[-84.184121,33.733997],[-84.182003,33.733433],[-84.181608,33.733063],[-84.183119,33.731705],[-84.183819,33.729697]]]}},{"type":"Feature","properties":{"geoid":"13089023213","name":"Census Tract 232.13, DeKalb County","county":"DeKalb","score_per1000":2.3,"score_drive_per1000":2.4,"score_transit_per1000":0.0,"score_walk_per1000":0,"pop":6125,"med_hh_income":75577,"pct_no_vehicle":2.5,"pct_black":90.8,"pct_hispanic":1,"pct_65plus":14.2,"pct_drive":97.65,"pct_transit":2.23,"pct_walk":0.12,"min_drive_time":6.56,"min_walk_time":92.42,"min_transit_time":50.44},"geometry":{"type":"Polygon","coordinates":[[[-84.217381,33.711635],[-84.209766,33.710162],[-84.197153,33.704641],[-84.196794,33.705028],[-84.197047,33.706534],[-84.196472,33.708708],[-84.196971,33.711228],[-84.194632,33.712925],[-84.193694,33.714003],[-84.193193,33.715043],[-84.193213,33.716124],[-84.193666,33.716916],[-84.194332,33.717332],[-84.197215,33.718114],[-84.199099,33.718082],[-84.200676,33.718534],[-84.200956,33.719003],[-84.200766,33.719753],[-84.199554,33.721411],[-84.197963,33.722186],[-84.19691,33.722187],[-84.194135,33.721445],[-84.193737,33.721637],[-84.192789,33.723967],[-84.191846,33.725178],[-84.191718,33.727262],[-84.189891,33.72873],[-84.191875,33.730013],[-84.196596,33.732119],[-84.208265,33.732896],[-84.213759,33.734547],[-84.214169,33.723531],[-84.215331,33.720751],[-84.21532,33.718128],[-84.215793,33.71506],[-84.217005,33.712984],[-84.217381,33.711635]]]}},{"type":"Feature","properties":{"geoid":"13089023214","name":"Census Tract 232.14, DeKalb County","county":"DeKalb","score_per1000":2.2,"score_drive_per1000":2.4,"score_transit_per1000":0.1,"score_walk_per1000":0,"pop":6222,"med_hh_income":84184,"pct_no_vehicle":10.5,"pct_black":83.2,"pct_hispanic":1.4,"pct_65plus":5.1,"pct_drive":91.83,"pct_transit":5.34,"pct_walk":2.83,"min_drive_time":3.9,"min_walk_time":51.2,"min_transit_time":19.58},"geometry":{"type":"Polygon","coordinates":[[[-84.200902,33.719278],[-84.200676,33.718534],[-84.200106,33.718282],[-84.197215,33.718114],[-84.194123,33.717253],[-84.193432,33.716594],[-84.193196,33.715965],[-84.193403,33.714387],[-84.194632,33.712925],[-84.196971,33.711228],[-84.196472,33.708708],[-84.196993,33.707099],[-84.19678,33.705306],[-84.197063,33.704731],[-84.194478,33.703585],[-84.191667,33.702812],[-84.188368,33.702643],[-84.17023,33.70351],[-84.168193,33.708901],[-84.166007,33.712376],[-84.165623,33.713486],[-84.165471,33.719997],[-84.16702,33.722955],[-84.179375,33.724707],[-84.181503,33.725422],[-84.18425,33.726983],[-84.187985,33.727736],[-84.189891,33.72873],[-84.191718,33.727262],[-84.191846,33.725178],[-84.192789,33.723967],[-84.193737,33.721637],[-84.194135,33.721445],[-84.19691,33.722187],[-84.197963,33.722186],[-84.200096,33.72092],[-84.200902,33.719278]]]}},{"type":"Feature","properties":{"geoid":"13089023215","name":"Census Tract 232.15, DeKalb County","county":"DeKalb","score_per1000":2.2,"score_drive_per1000":2.5,"score_transit_per1000":0,"score_walk_per1000":0,"pop":5336,"med_hh_income":50718,"pct_no_vehicle":15.5,"pct_black":73.5,"pct_hispanic":5.6,"pct_65plus":10.1,"pct_drive":87.51,"pct_transit":12.49,"pct_walk":0,"min_drive_time":8.29,"min_walk_time":117.46,"min_transit_time":63.68},"geometry":{"type":"Polygon","coordinates":[[[-84.223252,33.763805],[-84.223113,33.759666],[-84.221841,33.758167],[-84.219921,33.75683],[-84.219729,33.756277],[-84.220528,33.754525],[-84.219945,33.751531],[-84.222333,33.747207],[-84.219839,33.745695],[-84.218726,33.743815],[-84.218398,33.743926],[-84.216591,33.746953],[-84.21311,33.748514],[-84.208748,33.749497],[-84.207368,33.750252],[-84.20676,33.750281],[-84.206514,33.749804],[-84.205997,33.750769],[-84.205704,33.750384],[-84.203765,33.751119],[-84.202696,33.75114],[-84.20266,33.753001],[-84.197201,33.752931],[-84.197316,33.755419],[-84.19665,33.761836],[-84.202223,33.763582],[-84.208034,33.763709],[-84.213812,33.762369],[-84.217091,33.76254],[-84.221392,33.763661],[-84.223252,33.763805]]]}},{"type":"Feature","properties":{"geoid":"13089023216","name":"Census Tract 232.16, DeKalb County","county":"DeKalb","score_per1000":2.5,"score_drive_per1000":2.5,"score_transit_per1000":0.1,"score_walk_per1000":0,"pop":4367,"med_hh_income":71693,"pct_no_vehicle":6.3,"pct_black":87,"pct_hispanic":5.2,"pct_65plus":21.9,"pct_drive":99.1,"pct_transit":0.9,"pct_walk":0,"min_drive_time":8.06,"min_walk_time":107.77,"min_transit_time":47.05},"geometry":{"type":"Polygon","coordinates":[[[-84.218726,33.743815],[-84.217333,33.73777],[-84.216148,33.736135],[-84.21429,33.7348],[-84.208265,33.732896],[-84.197944,33.732361],[-84.194464,33.731211],[-84.194061,33.73299],[-84.194422,33.738552],[-84.19626,33.741901],[-84.195924,33.74443],[-84.197423,33.749712],[-84.197201,33.752931],[-84.20266,33.753001],[-84.202696,33.75114],[-84.203765,33.751119],[-84.205704,33.750384],[-84.205997,33.750769],[-84.206514,33.749804],[-84.20676,33.750281],[-84.207368,33.750252],[-84.208748,33.749497],[-84.21311,33.748514],[-84.216591,33.746953],[-84.218398,33.743926],[-84.218726,33.743815]]]}},{"type":"Feature","properties":{"geoid":"13089023217","name":"Census Tract 232.17, DeKalb County","county":"DeKalb","score_per1000":2.1,"score_drive_per1000":2.1,"score_transit_per1000":0,"score_walk_per1000":0,"pop":3868,"med_hh_income":73403,"pct_no_vehicle":3.3,"pct_black":84.8,"pct_hispanic":6.7,"pct_65plus":20,"pct_drive":95.73,"pct_transit":4.27,"pct_walk":0,"min_drive_time":8.19,"min_walk_time":106.98,"min_transit_time":63.68},"geometry":{"type":"Polygon","coordinates":[[[-84.189318,33.759951],[-84.188442,33.75718],[-84.185814,33.753927],[-84.186621,33.752436],[-84.187553,33.751778],[-84.187796,33.749823],[-84.186231,33.748919],[-84.183944,33.748197],[-84.18221,33.746601],[-84.181303,33.744471],[-84.180754,33.743936],[-84.176051,33.742988],[-84.17455,33.743825],[-84.171199,33.747515],[-84.165387,33.747563],[-84.165414,33.755942],[-84.169136,33.759363],[-84.17139,33.759869],[-84.189318,33.759951]]]}},{"type":"Feature","properties":{"geoid":"13089023218","name":"Census Tract 232.18, DeKalb County","county":"DeKalb","score_per1000":1.9,"score_drive_per1000":2.4,"score_transit_per1000":0,"score_walk_per1000":0,"pop":2482,"med_hh_income":45251,"pct_no_vehicle":14.1,"pct_black":72.6,"pct_hispanic":14.6,"pct_65plus":12.6,"pct_drive":82.61,"pct_transit":15.23,"pct_walk":2.16,"min_drive_time":7.96,"min_walk_time":110.58,"min_transit_time":63.68},"geometry":{"type":"Polygon","coordinates":[[[-84.197191,33.752309],[-84.197379,33.749473],[-84.194041,33.750254],[-84.189164,33.750177],[-84.187796,33.749823],[-84.187553,33.751778],[-84.186621,33.752436],[-84.185814,33.753927],[-84.188678,33.75757],[-84.189309,33.759128],[-84.189318,33.759951],[-84.192345,33.760092],[-84.19665,33.761836],[-84.197316,33.755419],[-84.197191,33.752309]]]}},{"type":"Feature","properties":{"geoid":"13089023219","name":"Census Tract 232.19, DeKalb County","county":"DeKalb","score_per1000":2.6,"score_drive_per1000":2.7,"score_transit_per1000":0.2,"score_walk_per1000":0,"pop":3783,"med_hh_income":75272,"pct_no_vehicle":0,"pct_black":84.9,"pct_hispanic":2.6,"pct_65plus":10.3,"pct_drive":94.49,"pct_transit":3.04,"pct_walk":2.47,"min_drive_time":7.25,"min_walk_time":90.62,"min_transit_time":41.48},"geometry":{"type":"Polygon","coordinates":[[[-84.224757,33.785711],[-84.224212,33.784075],[-84.223637,33.783361],[-84.222468,33.782862],[-84.22008,33.782994],[-84.219563,33.782547],[-84.219606,33.781532],[-84.220765,33.780045],[-84.220847,33.779471],[-84.220412,33.778593],[-84.220888,33.777878],[-84.220772,33.776627],[-84.221125,33.775436],[-84.221486,33.774949],[-84.222357,33.774618],[-84.22331,33.77281],[-84.223062,33.772136],[-84.223715,33.770879],[-84.223692,33.769661],[-84.223473,33.769301],[-84.222446,33.768954],[-84.22358,33.768286],[-84.223023,33.767439],[-84.22082,33.768261],[-84.217867,33.768428],[-84.214273,33.77015],[-84.210285,33.771193],[-84.208919,33.773223],[-84.20719,33.774561],[-84.206315,33.775766],[-84.203658,33.781676],[-84.203572,33.786376],[-84.206255,33.786333],[-84.209983,33.787081],[-84.215066,33.787051],[-84.224757,33.785711]]]}},{"type":"Feature","properties":{"geoid":"13089023220","name":"Census Tract 232.20, DeKalb County","county":"DeKalb","score_per1000":2.3,"score_drive_per1000":2.5,"score_transit_per1000":0.0,"score_walk_per1000":0,"pop":3873,"med_hh_income":85357,"pct_no_vehicle":6.6,"pct_black":65.3,"pct_hispanic":8.2,"pct_65plus":12.7,"pct_drive":91.74,"pct_transit":8.03,"pct_walk":0.24,"min_drive_time":9.0,"min_walk_time":118.23,"min_transit_time":52.0},"geometry":{"type":"Polygon","coordinates":[[[-84.223023,33.767439],[-84.221878,33.766064],[-84.219985,33.764958],[-84.219891,33.764281],[-84.220335,33.763332],[-84.217406,33.762589],[-84.213566,33.762373],[-84.208034,33.763709],[-84.20301,33.763626],[-84.200688,33.76327],[-84.19665,33.761836],[-84.196215,33.764288],[-84.194069,33.768163],[-84.194068,33.773518],[-84.192379,33.777576],[-84.193836,33.781453],[-84.194121,33.783394],[-84.195516,33.785511],[-84.195713,33.787074],[-84.197714,33.786985],[-84.199918,33.786441],[-84.203572,33.786376],[-84.203658,33.781676],[-84.205414,33.77733],[-84.207033,33.774739],[-84.208919,33.773223],[-84.210285,33.771193],[-84.214273,33.77015],[-84.217867,33.768428],[-84.22082,33.768261],[-84.223023,33.767439]]]}},{"type":"Feature","properties":{"geoid":"13089023221","name":"Census Tract 232.21, DeKalb County","county":"DeKalb","score_per1000":2.3,"score_drive_per1000":2.4,"score_transit_per1000":0.0,"score_walk_per1000":0,"pop":3140,"med_hh_income":70983,"pct_no_vehicle":2,"pct_black":56.3,"pct_hispanic":23.3,"pct_65plus":15.4,"pct_drive":98.02,"pct_transit":0.99,"pct_walk":0.99,"min_drive_time":9.24,"min_walk_time":122.51,"min_transit_time":56.48},"geometry":{"type":"Polygon","coordinates":[[[-84.189773,33.762642],[-84.189172,33.760918],[-84.189318,33.759951],[-84.178418,33.759843],[-84.178011,33.768104],[-84.179921,33.772985],[-84.181034,33.774284],[-84.181132,33.775253],[-84.179504,33.778717],[-84.178,33.784696],[-84.175078,33.789402],[-84.174927,33.790583],[-84.183211,33.789815],[-84.183993,33.78959],[-84.18404,33.789176],[-84.184974,33.7884],[-84.183891,33.785498],[-84.182265,33.783943],[-84.183297,33.782463],[-84.183021,33.781419],[-84.183157,33.780167],[-84.185166,33.777511],[-84.185672,33.775822],[-84.186848,33.774605],[-84.187666,33.771908],[-84.187233,33.769966],[-84.187815,33.76822],[-84.187643,33.767395],[-84.188761,33.764293],[-84.189773,33.762642]]]}},{"type":"Feature","properties":{"geoid":"13089023222","name":"Census Tract 232.22, DeKalb County","county":"DeKalb","score_per1000":2.3,"score_drive_per1000":2.5,"score_transit_per1000":0.2,"score_walk_per1000":0,"pop":3916,"med_hh_income":49445,"pct_no_vehicle":7.7,"pct_black":80.6,"pct_hispanic":1.8,"pct_65plus":13.4,"pct_drive":89.98,"pct_transit":10.02,"pct_walk":0,"min_drive_time":9.12,"min_walk_time":122.23,"min_transit_time":41.48},"geometry":{"type":"Polygon","coordinates":[[[-84.196215,33.764288],[-84.19665,33.761836],[-84.192559,33.760149],[-84.189318,33.759951],[-84.189172,33.760918],[-84.189773,33.762642],[-84.188761,33.764293],[-84.187643,33.767395],[-84.187815,33.76822],[-84.187233,33.769966],[-84.187642,33.771178],[-84.187599,33.77244],[-84.186809,33.774689],[-84.185672,33.775822],[-84.185166,33.777511],[-84.183157,33.780167],[-84.183021,33.781419],[-84.183297,33.782463],[-84.182265,33.783943],[-84.183891,33.785498],[-84.184879,33.7878],[-84.184974,33.7884],[-84.18404,33.789176],[-84.183993,33.78959],[-84.189323,33.788134],[-84.195713,33.787074],[-84.195516,33.785511],[-84.194121,33.783394],[-84.193836,33.781453],[-84.192379,33.777576],[-84.194068,33.773518],[-84.194069,33.768163],[-84.196215,33.764288]]]}},{"type":"Feature","properties":{"geoid":"13089023311","name":"Census Tract 233.11, DeKalb County","county":"DeKalb","score_per1000":0.9,"score_drive_per1000":1.0,"score_transit_per1000":0,"score_walk_per1000":0,"pop":4782,"med_hh_income":78518,"pct_no_vehicle":8.7,"pct_black":84.9,"pct_hispanic":5.4,"pct_65plus":10.9,"pct_drive":89.95,"pct_transit":9.93,"pct_walk":0.11,"min_drive_time":11.27,"min_walk_time":129.37,"min_transit_time":90.78},"geometry":{"type":"Polygon","coordinates":[[[-84.128583,33.784788],[-84.12844,33.779077],[-84.127642,33.777844],[-84.12324,33.774874],[-84.118793,33.774081],[-84.118499,33.769338],[-84.119436,33.766416],[-84.117914,33.764571],[-84.118255,33.761061],[-84.118021,33.758726],[-84.115752,33.759862],[-84.108853,33.760917],[-84.107135,33.761468],[-84.106268,33.762261],[-84.104625,33.765633],[-84.102365,33.7675],[-84.100794,33.768105],[-84.102492,33.769823],[-84.102438,33.772084],[-84.103504,33.779525],[-84.103514,33.780861],[-84.102799,33.782077],[-84.102126,33.785127],[-84.106954,33.78586],[-84.113008,33.786242],[-84.120787,33.785625],[-84.124268,33.784964],[-84.126793,33.785309],[-84.128583,33.784788]]]}},{"type":"Feature","properties":{"geoid":"13089023313","name":"Census Tract 233.13, DeKalb County","county":"DeKalb","score_per1000":1.1,"score_drive_per1000":1.3,"score_transit_per1000":0.0,"score_walk_per1000":0,"pop":5156,"med_hh_income":62807,"pct_no_vehicle":4.4,"pct_black":95.1,"pct_hispanic":1,"pct_65plus":10.7,"pct_drive":88.02,"pct_transit":11.98,"pct_walk":0,"min_drive_time":4.89,"min_walk_time":58.95,"min_transit_time":58.95},"geometry":{"type":"Polygon","coordinates":[[[-84.145641,33.730544],[-84.147267,33.727148],[-84.12886,33.727036],[-84.124662,33.726597],[-84.111116,33.72688],[-84.112458,33.729848],[-84.113351,33.732862],[-84.117173,33.736795],[-84.12217,33.741007],[-84.129334,33.744386],[-84.132376,33.744923],[-84.136951,33.745014],[-84.140059,33.746646],[-84.141199,33.746645],[-84.141588,33.745042],[-84.142262,33.743951],[-84.142256,33.738928],[-84.145076,33.733261],[-84.145641,33.730544]]]}},{"type":"Feature","properties":{"geoid":"13089023315","name":"Census Tract 233.15, DeKalb County","county":"DeKalb","score_per1000":0.7,"score_drive_per1000":0.7,"score_transit_per1000":0,"score_walk_per1000":0,"pop":7988,"med_hh_income":74838,"pct_no_vehicle":4.2,"pct_black":82.9,"pct_hispanic":10.7,"pct_65plus":15,"pct_drive":98.54,"pct_transit":1.46,"pct_walk":0,"min_drive_time":9.51,"min_walk_time":129.27,"min_transit_time":90.78},"geometry":{"type":"Polygon","coordinates":[[[-84.108223,33.75884],[-84.107936,33.755718],[-84.107333,33.754938],[-84.106136,33.754264],[-84.106665,33.750327],[-84.104908,33.747403],[-84.102801,33.742044],[-84.102773,33.738438],[-84.103911,33.735439],[-84.10395,33.733615],[-84.1033,33.733951],[-84.10121,33.736451],[-84.098388,33.73832],[-84.09614,33.738811],[-84.092307,33.738974],[-84.087486,33.738959],[-84.085921,33.73788],[-84.088223,33.73514],[-84.087707,33.734937],[-84.075235,33.734542],[-84.073109,33.73544],[-84.072097,33.735487],[-84.066488,33.732974],[-84.064866,33.73259],[-84.063004,33.732845],[-84.058909,33.734448],[-84.04955,33.734385],[-84.047041,33.73467],[-84.045645,33.735329],[-84.041234,33.739461],[-84.023717,33.752814],[-84.026417,33.753114],[-84.032417,33.756114],[-84.038219,33.75781],[-84.038417,33.757414],[-84.040317,33.757714],[-84.043121,33.761016],[-84.043324,33.762319],[-84.04719,33.765097],[-84.048617,33.765613],[-84.049617,33.765313],[-84.052119,33.766714],[-84.054818,33.770213],[-84.058117,33.772729],[-84.064625,33.772164],[-84.073284,33.775049],[-84.074757,33.774882],[-84.075924,33.774361],[-84.077861,33.771966],[-84.078106,33.770661],[-84.077667,33.768536],[-84.077958,33.767256],[-84.093688,33.76741],[-84.094132,33.766335],[-84.100794,33.768105],[-84.102365,33.7675],[-84.104926,33.76525],[-84.106408,33.762077],[-84.107902,33.761135],[-84.108223,33.75884]]]}},{"type":"Feature","properties":{"geoid":"13089023317","name":"Census Tract 233.17, DeKalb County","county":"DeKalb","score_per1000":0.7,"score_drive_per1000":0.8,"score_transit_per1000":0.0,"score_walk_per1000":0,"pop":4354,"med_hh_income":32531,"pct_no_vehicle":21.6,"pct_black":84.8,"pct_hispanic":7.6,"pct_65plus":18.4,"pct_drive":80.13,"pct_transit":17.28,"pct_walk":2.59,"min_drive_time":5.84,"min_walk_time":92.22,"min_transit_time":48.13},"geometry":{"type":"Polygon","coordinates":[[[-84.124404,33.714199],[-84.120803,33.711072],[-84.113337,33.706144],[-84.11091,33.704747],[-84.1084,33.703997],[-84.10836,33.70161],[-84.103265,33.702512],[-84.100455,33.702622],[-84.091717,33.701374],[-84.0886,33.700441],[-84.086058,33.699255],[-84.074336,33.6929],[-84.060416,33.719423],[-84.071943,33.720093],[-84.076335,33.722296],[-84.085723,33.723821],[-84.086789,33.723756],[-84.088797,33.723036],[-84.0931,33.723023],[-84.10104,33.719998],[-84.102659,33.71698],[-84.103732,33.716145],[-84.104882,33.714524],[-84.107936,33.712906],[-84.107908,33.717187],[-84.111116,33.72688],[-84.117758,33.726873],[-84.119424,33.720165],[-84.120346,33.718126],[-84.121261,33.716745],[-84.124404,33.714199]]]}},{"type":"Feature","properties":{"geoid":"13089023318","name":"Census Tract 233.18, DeKalb County","county":"DeKalb","score_per1000":0.7,"score_drive_per1000":0.7,"score_transit_per1000":0,"score_walk_per1000":0,"pop":3543,"med_hh_income":77589,"pct_no_vehicle":4.4,"pct_black":77.5,"pct_hispanic":11,"pct_65plus":12.8,"pct_drive":96.77,"pct_transit":3.23,"pct_walk":0,"min_drive_time":7.5,"min_walk_time":100.78,"min_transit_time":77.06},"geometry":{"type":"Polygon","coordinates":[[[-84.106601,33.726801],[-84.111116,33.72688],[-84.107908,33.717187],[-84.107936,33.712906],[-84.104882,33.714524],[-84.103732,33.716145],[-84.102659,33.71698],[-84.10104,33.719998],[-84.0931,33.723023],[-84.088797,33.723036],[-84.086789,33.723756],[-84.085723,33.723821],[-84.076335,33.722296],[-84.071943,33.720093],[-84.060416,33.719423],[-84.056618,33.726614],[-84.046534,33.734834],[-84.04955,33.734385],[-84.058909,33.734448],[-84.063004,33.732845],[-84.064866,33.73259],[-84.066488,33.732974],[-84.072097,33.735487],[-84.073109,33.73544],[-84.075235,33.734542],[-84.087314,33.734847],[-84.088223,33.73514],[-84.085921,33.73788],[-84.087219,33.738882],[-84.09614,33.738811],[-84.098786,33.738099],[-84.10121,33.736451],[-84.1033,33.733951],[-84.10395,33.733615],[-84.103954,33.73303],[-84.105919,33.729039],[-84.106601,33.726801]]]}},{"type":"Feature","properties":{"geoid":"13089023319","name":"Census Tract 233.19, DeKalb County","county":"DeKalb","score_per1000":1.8,"score_drive_per1000":2.0,"score_transit_per1000":0.1,"score_walk_per1000":0,"pop":2846,"med_hh_income":51467,"pct_no_vehicle":21.8,"pct_black":84.9,"pct_hispanic":11.9,"pct_65plus":17.9,"pct_drive":89.62,"pct_transit":8.9,"pct_walk":1.48,"min_drive_time":3.36,"min_walk_time":41.63,"min_transit_time":41.63},"geometry":{"type":"Polygon","coordinates":[[[-84.168193,33.708901],[-84.17023,33.70351],[-84.146271,33.703273],[-84.145547,33.704387],[-84.146974,33.703613],[-84.146878,33.707521],[-84.146582,33.71313],[-84.145882,33.715967],[-84.14582,33.71756],[-84.150867,33.718602],[-84.162331,33.722126],[-84.16702,33.722955],[-84.165471,33.719997],[-84.165623,33.713486],[-84.166007,33.712376],[-84.168193,33.708901]]]}},{"type":"Feature","properties":{"geoid":"13089023320","name":"Census Tract 233.20, DeKalb County","county":"DeKalb","score_per1000":1.1,"score_drive_per1000":1.1,"score_transit_per1000":0.1,"score_walk_per1000":0,"pop":4460,"med_hh_income":26400,"pct_no_vehicle":11.7,"pct_black":89.5,"pct_hispanic":1.7,"pct_65plus":10.7,"pct_drive":100,"pct_transit":0,"pct_walk":0,"min_drive_time":2.66,"min_walk_time":32.6,"min_transit_time":32.6},"geometry":{"type":"Polygon","coordinates":[[[-84.145882,33.715967],[-84.14652,33.713591],[-84.145919,33.713499],[-84.145594,33.714556],[-84.145037,33.714643],[-84.144792,33.714306],[-84.145072,33.712935],[-84.142591,33.713066],[-84.142208,33.713626],[-84.142202,33.714891],[-84.140277,33.714867],[-84.139772,33.713951],[-84.139771,33.713011],[-84.141656,33.713037],[-84.141672,33.711255],[-84.137859,33.71122],[-84.137839,33.712133],[-84.138747,33.712226],[-84.138785,33.713015],[-84.137842,33.71302],[-84.138055,33.714995],[-84.136296,33.715757],[-84.135316,33.714578],[-84.135142,33.713097],[-84.1338,33.711518],[-84.134366,33.711058],[-84.13427,33.709926],[-84.134887,33.708407],[-84.134809,33.706747],[-84.135215,33.706575],[-84.135577,33.705595],[-84.137558,33.706038],[-84.142598,33.705582],[-84.145356,33.704538],[-84.146271,33.703273],[-84.1334,33.703952],[-84.113973,33.70102],[-84.111275,33.701087],[-84.10836,33.70161],[-84.1084,33.703997],[-84.11091,33.704747],[-84.113948,33.706539],[-84.120803,33.711072],[-84.126123,33.715675],[-84.127076,33.716097],[-84.14582,33.71756],[-84.145882,33.715967]]]}},{"type":"Feature","properties":{"geoid":"13089023321","name":"Census Tract 233.21, DeKalb County","county":"DeKalb","score_per1000":1.0,"score_drive_per1000":1.1,"score_transit_per1000":0.2,"score_walk_per1000":0.0,"pop":3410,"med_hh_income":45986,"pct_no_vehicle":43.7,"pct_black":92.1,"pct_hispanic":6.2,"pct_65plus":12.9,"pct_drive":90.54,"pct_transit":9.46,"pct_walk":0,"min_drive_time":1.82,"min_walk_time":20.13,"min_transit_time":12.78},"geometry":{"type":"Polygon","coordinates":[[[-84.14652,33.713591],[-84.146974,33.703613],[-84.144034,33.705156],[-84.142301,33.705642],[-84.137558,33.706038],[-84.135577,33.705595],[-84.135215,33.706575],[-84.134809,33.706747],[-84.134887,33.708407],[-84.13427,33.709926],[-84.134366,33.711058],[-84.1338,33.711518],[-84.135142,33.713097],[-84.135316,33.714578],[-84.135961,33.715453],[-84.136296,33.715757],[-84.138055,33.714995],[-84.137842,33.71302],[-84.138785,33.713015],[-84.138806,33.712379],[-84.137839,33.712133],[-84.137859,33.71122],[-84.141672,33.711255],[-84.141656,33.713037],[-84.139771,33.713011],[-84.139772,33.713951],[-84.140277,33.714867],[-84.142202,33.714891],[-84.142208,33.713626],[-84.142591,33.713066],[-84.144557,33.712903],[-84.145072,33.712935],[-84.144864,33.714521],[-84.145594,33.714556],[-84.145919,33.713499],[-84.14652,33.713591]]]}},{"type":"Feature","properties":{"geoid":"13089023322","name":"Census Tract 233.22, DeKalb County","county":"DeKalb","score_per1000":1.6,"score_drive_per1000":1.8,"score_transit_per1000":0.0,"score_walk_per1000":0,"pop":2798,"med_hh_income":69009,"pct_no_vehicle":3.6,"pct_black":76.6,"pct_hispanic":11.8,"pct_65plus":16,"pct_drive":89.46,"pct_transit":8.93,"pct_walk":1.61,"min_drive_time":10.28,"min_walk_time":142.99,"min_transit_time":52.0},"geometry":{"type":"Polygon","coordinates":[[[-84.163085,33.786764],[-84.161907,33.784496],[-84.161523,33.782826],[-84.162238,33.777749],[-84.161872,33.777766],[-84.162135,33.776237],[-84.157161,33.776045],[-84.15603,33.775522],[-84.154829,33.77619],[-84.151938,33.776236],[-84.149893,33.776778],[-84.147745,33.776829],[-84.147094,33.7763],[-84.145854,33.776499],[-84.143672,33.778365],[-84.153907,33.78838],[-84.159303,33.786438],[-84.163085,33.786764]]]}},{"type":"Feature","properties":{"geoid":"13089023323","name":"Census Tract 233.23, DeKalb County","county":"DeKalb","score_per1000":1.6,"score_drive_per1000":1.6,"score_transit_per1000":0,"score_walk_per1000":0,"pop":3738,"med_hh_income":70150,"pct_no_vehicle":0,"pct_black":86.6,"pct_hispanic":0.8,"pct_65plus":19.5,"pct_drive":100,"pct_transit":0,"pct_walk":0,"min_drive_time":11.79,"min_walk_time":135.08,"min_transit_time":107.76},"geometry":{"type":"Polygon","coordinates":[[[-84.148402,33.789065],[-84.153907,33.78838],[-84.131232,33.766203],[-84.130701,33.767335],[-84.129793,33.768407],[-84.129361,33.768507],[-84.125375,33.766668],[-84.123799,33.766317],[-84.121754,33.765141],[-84.119723,33.765625],[-84.119183,33.766049],[-84.119432,33.766558],[-84.118499,33.769338],[-84.118793,33.774081],[-84.12324,33.774874],[-84.127642,33.777844],[-84.12844,33.779077],[-84.128583,33.784788],[-84.131195,33.78494],[-84.137345,33.786009],[-84.141698,33.78839],[-84.143305,33.788947],[-84.148402,33.789065]]]}},{"type":"Feature","properties":{"geoid":"13089023324","name":"Census Tract 233.24, DeKalb County","county":"DeKalb","score_per1000":1.5,"score_drive_per1000":1.6,"score_transit_per1000":0,"score_walk_per1000":0,"pop":3763,"med_hh_income":86863,"pct_no_vehicle":3.1,"pct_black":94,"pct_hispanic":1.4,"pct_65plus":13.6,"pct_drive":94.29,"pct_transit":5.71,"pct_walk":0,"min_drive_time":9.28,"min_walk_time":111.35,"min_transit_time":81.48},"geometry":{"type":"Polygon","coordinates":[[[-84.163149,33.772382],[-84.161901,33.771169],[-84.155375,33.766697],[-84.152172,33.763912],[-84.150276,33.762755],[-84.148106,33.760308],[-84.146083,33.758854],[-84.143207,33.760892],[-84.141437,33.761227],[-84.138895,33.764168],[-84.136229,33.764745],[-84.136363,33.764304],[-84.135784,33.763486],[-84.133769,33.762686],[-84.13333,33.763526],[-84.133207,33.764895],[-84.131232,33.766203],[-84.143672,33.778365],[-84.145854,33.776499],[-84.147094,33.7763],[-84.147745,33.776829],[-84.149893,33.776778],[-84.151938,33.776236],[-84.154829,33.77619],[-84.15603,33.775522],[-84.157161,33.776045],[-84.162135,33.776237],[-84.161872,33.777766],[-84.162238,33.777749],[-84.163149,33.772382]]]}},{"type":"Feature","properties":{"geoid":"13089023325","name":"Census Tract 233.25, DeKalb County","county":"DeKalb","score_per1000":0.8,"score_drive_per1000":0.8,"score_transit_per1000":0,"score_walk_per1000":0,"pop":5265,"med_hh_income":103505,"pct_no_vehicle":1.1,"pct_black":82.7,"pct_hispanic":4.3,"pct_65plus":14.5,"pct_drive":99.46,"pct_transit":0,"pct_walk":0.54,"min_drive_time":13.25,"min_walk_time":161.76,"min_transit_time":139.48},"geometry":{"type":"Polygon","coordinates":[[[-84.102799,33.782077],[-84.103545,33.780252],[-84.103036,33.780175],[-84.102896,33.779664],[-84.099184,33.777193],[-84.096607,33.776297],[-84.095479,33.775272],[-84.094013,33.77475],[-84.09218,33.77351],[-84.092018,33.77308],[-84.089838,33.772537],[-84.087298,33.772215],[-84.086795,33.77258],[-84.085347,33.772431],[-84.083152,33.77351],[-84.082263,33.773096],[-84.081106,33.771905],[-84.079427,33.771652],[-84.076899,33.773281],[-84.075924,33.774361],[-84.074757,33.774882],[-84.073284,33.775049],[-84.064625,33.772164],[-84.058117,33.772729],[-84.070518,33.774814],[-84.075918,33.777513],[-84.087318,33.790012],[-84.091319,33.792512],[-84.093319,33.795112],[-84.096219,33.796912],[-84.097221,33.798377],[-84.097125,33.794451],[-84.099853,33.79141],[-84.100262,33.788239],[-84.101855,33.786286],[-84.102799,33.782077]]]}},{"type":"Feature","properties":{"geoid":"13089023326","name":"Census Tract 233.26, DeKalb County","county":"DeKalb","score_per1000":0.8,"score_drive_per1000":0.8,"score_transit_per1000":0,"score_walk_per1000":0,"pop":4304,"med_hh_income":77171,"pct_no_vehicle":0,"pct_black":85.6,"pct_hispanic":2,"pct_65plus":18.2,"pct_drive":99.77,"pct_transit":0.23,"pct_walk":0,"min_drive_time":11.62,"min_walk_time":139.04,"min_transit_time":128.13},"geometry":{"type":"Polygon","coordinates":[[[-84.103545,33.780252],[-84.103134,33.777792],[-84.103232,33.776287],[-84.102391,33.77162],[-84.102492,33.769823],[-84.100794,33.768105],[-84.094132,33.766335],[-84.093688,33.76741],[-84.077958,33.767256],[-84.077667,33.768536],[-84.078074,33.771313],[-84.076927,33.773297],[-84.079427,33.771652],[-84.081106,33.771905],[-84.082263,33.773096],[-84.083152,33.77351],[-84.085347,33.772431],[-84.086795,33.77258],[-84.087298,33.772215],[-84.092018,33.77308],[-84.09218,33.77351],[-84.093387,33.774096],[-84.093724,33.774579],[-84.095479,33.775272],[-84.096787,33.776397],[-84.099184,33.777193],[-84.102724,33.779528],[-84.103036,33.780175],[-84.103545,33.780252]]]}},{"type":"Feature","properties":{"geoid":"13089023327","name":"Census Tract 233.27, DeKalb County","county":"DeKalb","score_per1000":1.6,"score_drive_per1000":1.6,"score_transit_per1000":0.1,"score_walk_per1000":0,"pop":6878,"med_hh_income":55667,"pct_no_vehicle":4.8,"pct_black":98.5,"pct_hispanic":1,"pct_65plus":9.5,"pct_drive":97.54,"pct_transit":2.46,"pct_walk":0,"min_drive_time":3.13,"min_walk_time":33.78,"min_transit_time":33.78},"geometry":{"type":"Polygon","coordinates":[[[-84.1682,33.734322],[-84.167714,33.731355],[-84.16683,33.728752],[-84.166801,33.727034],[-84.167436,33.724738],[-84.16702,33.722955],[-84.162331,33.722126],[-84.147795,33.717896],[-84.136731,33.716706],[-84.138846,33.718761],[-84.138975,33.719897],[-84.140269,33.721342],[-84.14699,33.724641],[-84.14883,33.725172],[-84.147267,33.727148],[-84.148812,33.727153],[-84.150515,33.727604],[-84.161588,33.733661],[-84.164552,33.734254],[-84.1682,33.734322]]]}},{"type":"Feature","properties":{"geoid":"13089023328","name":"Census Tract 233.28, DeKalb County","county":"DeKalb","score_per1000":1.3,"score_drive_per1000":1.4,"score_transit_per1000":0.1,"score_walk_per1000":0,"pop":4553,"med_hh_income":51543,"pct_no_vehicle":9,"pct_black":94.4,"pct_hispanic":0.7,"pct_65plus":14.3,"pct_drive":94.83,"pct_transit":5.17,"pct_walk":0,"min_drive_time":3.13,"min_walk_time":38.79,"min_transit_time":31.66},"geometry":{"type":"Polygon","coordinates":[[[-84.148769,33.725314],[-84.140187,33.721284],[-84.138975,33.719897],[-84.138846,33.718761],[-84.136731,33.716706],[-84.127486,33.716208],[-84.126123,33.715675],[-84.124404,33.714199],[-84.121261,33.716745],[-84.120346,33.718126],[-84.119424,33.720165],[-84.117758,33.726873],[-84.124662,33.726597],[-84.12886,33.727036],[-84.147267,33.727148],[-84.148769,33.725314]]]}},{"type":"Feature","properties":{"geoid":"13089023329","name":"Census Tract 233.29, DeKalb County","county":"DeKalb","score_per1000":1.6,"score_drive_per1000":1.6,"score_transit_per1000":0,"score_walk_per1000":0,"pop":4144,"med_hh_income":77449,"pct_no_vehicle":4.6,"pct_black":81.5,"pct_hispanic":8.8,"pct_65plus":14.5,"pct_drive":97.22,"pct_transit":0.12,"pct_walk":2.66,"min_drive_time":7.04,"min_walk_time":80.22,"min_transit_time":77.06},"geometry":{"type":"Polygon","coordinates":[[[-84.164466,33.764084],[-84.164174,33.760863],[-84.163476,33.758627],[-84.162311,33.756784],[-84.160773,33.755418],[-84.147026,33.748082],[-84.142875,33.746697],[-84.139809,33.746598],[-84.136951,33.745014],[-84.131998,33.744885],[-84.131038,33.746044],[-84.130435,33.749459],[-84.129646,33.751587],[-84.127176,33.754135],[-84.124907,33.756131],[-84.122775,33.757503],[-84.118021,33.758726],[-84.118255,33.761061],[-84.117914,33.764571],[-84.119183,33.766049],[-84.119723,33.765625],[-84.121754,33.765141],[-84.123799,33.766317],[-84.125375,33.766668],[-84.129361,33.768507],[-84.129793,33.768407],[-84.130701,33.767335],[-84.131391,33.765988],[-84.133207,33.764895],[-84.13333,33.763526],[-84.133769,33.762686],[-84.135784,33.763486],[-84.136363,33.764304],[-84.136229,33.764745],[-84.138895,33.764168],[-84.141437,33.761227],[-84.143207,33.760892],[-84.146083,33.758854],[-84.148106,33.760308],[-84.150276,33.762755],[-84.152172,33.763912],[-84.155375,33.766697],[-84.161901,33.771169],[-84.162845,33.772241],[-84.16318,33.772217],[-84.164466,33.764084]]]}},{"type":"Feature","properties":{"geoid":"13089023330","name":"Census Tract 233.30, DeKalb County","county":"DeKalb","score_per1000":1.0,"score_drive_per1000":1.0,"score_transit_per1000":0,"score_walk_per1000":0,"pop":4097,"med_hh_income":53750,"pct_no_vehicle":2.9,"pct_black":89.3,"pct_hispanic":0.2,"pct_65plus":17.8,"pct_drive":97.33,"pct_transit":2.42,"pct_walk":0.25,"min_drive_time":7.29,"min_walk_time":86.85,"min_transit_time":77.06},"geometry":{"type":"Polygon","coordinates":[[[-84.131038,33.746044],[-84.131998,33.744885],[-84.129334,33.744386],[-84.124585,33.742333],[-84.120423,33.739762],[-84.113351,33.732862],[-84.112458,33.729848],[-84.111116,33.72688],[-84.106601,33.726801],[-84.105919,33.729039],[-84.103954,33.73303],[-84.103911,33.735439],[-84.102773,33.738438],[-84.102756,33.741494],[-84.104908,33.747403],[-84.106665,33.750327],[-84.10612,33.754171],[-84.106319,33.754549],[-84.107529,33.755104],[-84.107956,33.755779],[-84.108223,33.75884],[-84.107902,33.761135],[-84.115752,33.759862],[-84.118938,33.758293],[-84.122416,33.757661],[-84.124907,33.756131],[-84.129646,33.751587],[-84.130435,33.749459],[-84.131038,33.746044]]]}},{"type":"Feature","properties":{"geoid":"13089023331","name":"Census Tract 233.31, DeKalb County","county":"DeKalb","score_per1000":1.2,"score_drive_per1000":1.4,"score_transit_per1000":0.0,"score_walk_per1000":0,"pop":3164,"med_hh_income":62400,"pct_no_vehicle":8.3,"pct_black":90.3,"pct_hispanic":0.1,"pct_65plus":18.6,"pct_drive":87.98,"pct_transit":12.02,"pct_walk":0,"min_drive_time":4.83,"min_walk_time":52.92,"min_transit_time":52.92},"geometry":{"type":"Polygon","coordinates":[[[-84.169483,33.737596],[-84.1682,33.734322],[-84.164552,33.734254],[-84.161588,33.733661],[-84.150515,33.727604],[-84.148812,33.727153],[-84.147267,33.727148],[-84.145641,33.730544],[-84.145076,33.733261],[-84.142256,33.738928],[-84.142338,33.743672],[-84.141588,33.745042],[-84.141199,33.746645],[-84.142875,33.746697],[-84.145283,33.74741],[-84.149193,33.74923],[-84.155339,33.740708],[-84.157435,33.738854],[-84.158891,33.738576],[-84.16174,33.739396],[-84.167507,33.739562],[-84.169093,33.738851],[-84.169483,33.737596]]]}},{"type":"Feature","properties":{"geoid":"13089023332","name":"Census Tract 233.32, DeKalb County","county":"DeKalb","score_per1000":1.6,"score_drive_per1000":1.6,"score_transit_per1000":0,"score_walk_per1000":0,"pop":3161,"med_hh_income":90250,"pct_no_vehicle":7.7,"pct_black":80,"pct_hispanic":2.8,"pct_65plus":13.7,"pct_drive":100,"pct_transit":0,"pct_walk":0,"min_drive_time":7.65,"min_walk_time":82.68,"min_transit_time":77.06},"geometry":{"type":"Polygon","coordinates":[[[-84.166347,33.742755],[-84.169093,33.738851],[-84.167185,33.73958],[-84.16174,33.739396],[-84.158891,33.738576],[-84.157435,33.738854],[-84.155339,33.740708],[-84.149193,33.74923],[-84.159195,33.754467],[-84.161511,33.755982],[-84.163476,33.758627],[-84.164298,33.761717],[-84.16481,33.76097],[-84.165389,33.758859],[-84.16552,33.74561],[-84.166347,33.742755]]]}},{"type":"Feature","properties":{"geoid":"13089023410","name":"Census Tract 234.10, DeKalb County","county":"DeKalb","score_per1000":2.6,"score_drive_per1000":2.7,"score_transit_per1000":0.1,"score_walk_per1000":0,"pop":3385,"med_hh_income":36449,"pct_no_vehicle":16.3,"pct_black":90.2,"pct_hispanic":1.5,"pct_65plus":15.2,"pct_drive":97.74,"pct_transit":2.26,"pct_walk":0,"min_drive_time":10.77,"min_walk_time":140.89,"min_transit_time":45.64},"geometry":{"type":"Polygon","coordinates":[[[-84.298075,33.714511],[-84.297625,33.713596],[-84.295821,33.712401],[-84.295912,33.711687],[-84.297017,33.710305],[-84.293739,33.707529],[-84.292315,33.706782],[-84.291954,33.706284],[-84.29229,33.705616],[-84.282332,33.705775],[-84.277772,33.705033],[-84.278332,33.70429],[-84.278203,33.703603],[-84.277307,33.703347],[-84.27659,33.702389],[-84.276008,33.700531],[-84.27562,33.699877],[-84.275122,33.699761],[-84.275007,33.699103],[-84.258,33.699027],[-84.257894,33.70016],[-84.258273,33.700823],[-84.257103,33.702118],[-84.257603,33.703013],[-84.260491,33.703694],[-84.261672,33.703254],[-84.26246,33.703396],[-84.263226,33.70433],[-84.262394,33.705973],[-84.262577,33.707586],[-84.264725,33.708578],[-84.265574,33.709708],[-84.271859,33.709817],[-84.271573,33.711692],[-84.27234,33.713666],[-84.2789,33.712478],[-84.28883,33.71224],[-84.292466,33.712866],[-84.29754,33.71493],[-84.297849,33.715005],[-84.298075,33.714511]]]}},{"type":"Feature","properties":{"geoid":"13089023411","name":"Census Tract 234.11, DeKalb County","county":"DeKalb","score_per1000":2.4,"score_drive_per1000":2.7,"score_transit_per1000":0.1,"score_walk_per1000":0,"pop":2921,"med_hh_income":57984,"pct_no_vehicle":19.4,"pct_black":90.4,"pct_hispanic":0.5,"pct_65plus":28.1,"pct_drive":90.9,"pct_transit":9.1,"pct_walk":0,"min_drive_time":10.17,"min_walk_time":146.96,"min_transit_time":50.64},"geometry":{"type":"Polygon","coordinates":[[[-84.305638,33.715285],[-84.30492,33.71428],[-84.303452,33.710267],[-84.299433,33.706291],[-84.300606,33.70384],[-84.300818,33.701411],[-84.299813,33.700706],[-84.298862,33.699375],[-84.296479,33.697078],[-84.295219,33.694261],[-84.29363,33.693018],[-84.281272,33.698069],[-84.278059,33.698832],[-84.275007,33.699103],[-84.275122,33.699761],[-84.27562,33.699877],[-84.276008,33.700531],[-84.27659,33.702389],[-84.277307,33.703347],[-84.278203,33.703603],[-84.278332,33.70429],[-84.277772,33.705033],[-84.282332,33.705775],[-84.29229,33.705616],[-84.291954,33.706284],[-84.292315,33.706782],[-84.293739,33.707529],[-84.297017,33.710305],[-84.295912,33.711687],[-84.295821,33.712401],[-84.297957,33.713933],[-84.297849,33.715005],[-84.305638,33.715285]]]}},{"type":"Feature","properties":{"geoid":"13089023413","name":"Census Tract 234.13, DeKalb County","county":"DeKalb","score_per1000":2.6,"score_drive_per1000":2.6,"score_transit_per1000":0,"score_walk_per1000":0,"pop":3961,"med_hh_income":61818,"pct_no_vehicle":6.2,"pct_black":95,"pct_hispanic":0.7,"pct_65plus":23.5,"pct_drive":100,"pct_transit":0,"pct_walk":0,"min_drive_time":9.16,"min_walk_time":131.42,"min_transit_time":75.64},"geometry":{"type":"Polygon","coordinates":[[[-84.258,33.699027],[-84.257703,33.697271],[-84.257011,33.696497],[-84.255299,33.695932],[-84.25422,33.694745],[-84.254191,33.69396],[-84.252481,33.691501],[-84.252693,33.689426],[-84.252015,33.688729],[-84.250919,33.688356],[-84.250939,33.687322],[-84.249492,33.686568],[-84.248761,33.683754],[-84.244126,33.682447],[-84.242127,33.682753],[-84.238933,33.683872],[-84.234603,33.683714],[-84.230034,33.681323],[-84.228883,33.683857],[-84.226775,33.690711],[-84.224216,33.693688],[-84.223892,33.696287],[-84.223001,33.698457],[-84.229449,33.698568],[-84.233693,33.696036],[-84.237103,33.695266],[-84.238268,33.694712],[-84.238966,33.695714],[-84.238811,33.696549],[-84.240694,33.697018],[-84.241286,33.6976],[-84.241338,33.698093],[-84.244401,33.698235],[-84.245589,33.698744],[-84.251526,33.698882],[-84.251558,33.700268],[-84.252192,33.701874],[-84.25486,33.699952],[-84.258,33.699027]]]}},{"type":"Feature","properties":{"geoid":"13089023422","name":"Census Tract 234.22, DeKalb County","county":"DeKalb","score_per1000":0.8,"score_drive_per1000":0.8,"score_transit_per1000":0,"score_walk_per1000":0,"pop":5957,"med_hh_income":69456,"pct_no_vehicle":2.9,"pct_black":93.4,"pct_hispanic":0.4,"pct_65plus":11.8,"pct_drive":92.12,"pct_transit":7.88,"pct_walk":0,"min_drive_time":17.89,"min_walk_time":215.04,"min_transit_time":105.64},"geometry":{"type":"Polygon","coordinates":[[[-84.286499,33.658124],[-84.284936,33.651932],[-84.282459,33.647063],[-84.281277,33.647417],[-84.254153,33.647051],[-84.253538,33.65407],[-84.252883,33.655072],[-84.249569,33.657137],[-84.246387,33.660168],[-84.245167,33.666941],[-84.247314,33.669237],[-84.248124,33.672617],[-84.249435,33.674163],[-84.250405,33.674574],[-84.253251,33.674121],[-84.258286,33.674307],[-84.262321,33.673795],[-84.265839,33.674089],[-84.269303,33.673338],[-84.273378,33.674282],[-84.277591,33.673518],[-84.27904,33.670451],[-84.280223,33.666623],[-84.282194,33.663275],[-84.282917,33.658824],[-84.284266,33.657919],[-84.286499,33.658124]]]}},{"type":"Feature","properties":{"geoid":"13089023424","name":"Census Tract 234.24, DeKalb County","county":"DeKalb","score_per1000":2.1,"score_drive_per1000":2.2,"score_transit_per1000":0,"score_walk_per1000":0,"pop":5616,"med_hh_income":81773,"pct_no_vehicle":0,"pct_black":92.1,"pct_hispanic":2.5,"pct_65plus":13,"pct_drive":95.74,"pct_transit":3.36,"pct_walk":0.9,"min_drive_time":15.66,"min_walk_time":212.05,"min_transit_time":75.64},"geometry":{"type":"Polygon","coordinates":[[[-84.308775,33.673103],[-84.3086,33.671831],[-84.30718,33.668681],[-84.30636,33.662927],[-84.305672,33.662095],[-84.302518,33.660587],[-84.297488,33.660419],[-84.285586,33.657886],[-84.284266,33.657919],[-84.283311,33.65839],[-84.282767,33.659166],[-84.282194,33.663275],[-84.280223,33.666623],[-84.27904,33.670451],[-84.277358,33.674208],[-84.276867,33.678119],[-84.276066,33.679544],[-84.273443,33.681419],[-84.272689,33.682313],[-84.272585,33.684536],[-84.275572,33.685279],[-84.277576,33.685408],[-84.285423,33.683714],[-84.295674,33.682855],[-84.300219,33.682942],[-84.301071,33.682579],[-84.30235,33.683125],[-84.30327,33.682454],[-84.304322,33.682774],[-84.307954,33.679618],[-84.307486,33.6776],[-84.308775,33.673103]]]}},{"type":"Feature","properties":{"geoid":"13089023425","name":"Census Tract 234.25, DeKalb County","county":"DeKalb","score_per1000":2.2,"score_drive_per1000":2.2,"score_transit_per1000":0,"score_walk_per1000":0,"pop":5511,"med_hh_income":79298,"pct_no_vehicle":1.1,"pct_black":86.4,"pct_hispanic":6.6,"pct_65plus":26.2,"pct_drive":100,"pct_transit":0,"pct_walk":0,"min_drive_time":9.9,"min_walk_time":132.3,"min_transit_time":90.44},"geometry":{"type":"Polygon","coordinates":[[[-84.249426,33.681962],[-84.249384,33.680386],[-84.249038,33.680057],[-84.246813,33.6794],[-84.243928,33.679789],[-84.241239,33.678171],[-84.241283,33.677496],[-84.243232,33.676633],[-84.244736,33.674468],[-84.243498,33.673474],[-84.24314,33.674559],[-84.242259,33.674839],[-84.239993,33.674204],[-84.239835,33.673424],[-84.240685,33.671984],[-84.243304,33.671968],[-84.243859,33.671567],[-84.243903,33.671039],[-84.242802,33.670348],[-84.241492,33.670618],[-84.240899,33.670413],[-84.239224,33.668379],[-84.238013,33.667544],[-84.237312,33.665876],[-84.23664,33.665192],[-84.236814,33.663916],[-84.234848,33.663786],[-84.233424,33.665469],[-84.232219,33.665894],[-84.230884,33.665845],[-84.225346,33.664447],[-84.223343,33.66639],[-84.222007,33.666653],[-84.221454,33.666141],[-84.221761,33.663466],[-84.221557,33.663074],[-84.218589,33.662452],[-84.217535,33.662611],[-84.215327,33.663816],[-84.213431,33.66359],[-84.21254,33.662713],[-84.213264,33.660749],[-84.213046,33.659557],[-84.211941,33.658738],[-84.209913,33.658427],[-84.209328,33.66014],[-84.208702,33.660613],[-84.208842,33.661015],[-84.209668,33.662459],[-84.210744,33.663351],[-84.211286,33.665753],[-84.211893,33.666125],[-84.213212,33.667897],[-84.213916,33.66998],[-84.215153,33.670685],[-84.215578,33.671949],[-84.215504,33.672725],[-84.214578,33.674438],[-84.215152,33.675883],[-84.214983,33.682747],[-84.218579,33.680196],[-84.221546,33.679606],[-84.223137,33.679662],[-84.230034,33.681323],[-84.234032,33.683572],[-84.23547,33.683804],[-84.238933,33.683872],[-84.242127,33.682753],[-84.244126,33.682447],[-84.248761,33.683754],[-84.249426,33.681962]]]}},{"type":"Feature","properties":{"geoid":"13089023426","name":"Census Tract 234.26, DeKalb County","county":"DeKalb","score_per1000":1.6,"score_drive_per1000":1.6,"score_transit_per1000":0,"score_walk_per1000":0,"pop":4292,"med_hh_income":88387,"pct_no_vehicle":0,"pct_black":87.6,"pct_hispanic":0.4,"pct_65plus":19.8,"pct_drive":96.76,"pct_transit":1.92,"pct_walk":1.33,"min_drive_time":8.22,"min_walk_time":113.29,"min_transit_time":90.44},"geometry":{"type":"Polygon","coordinates":[[[-84.215578,33.672432],[-84.215153,33.670685],[-84.213916,33.66998],[-84.213212,33.667897],[-84.211893,33.666125],[-84.211286,33.665753],[-84.210744,33.663351],[-84.209668,33.662459],[-84.208702,33.660613],[-84.205552,33.658992],[-84.20346,33.658582],[-84.202914,33.658039],[-84.202713,33.657348],[-84.203056,33.655754],[-84.20467,33.653344],[-84.204033,33.651869],[-84.202923,33.651906],[-84.202245,33.652475],[-84.201355,33.654],[-84.198425,33.655093],[-84.191237,33.656077],[-84.190651,33.655755],[-84.190574,33.654416],[-84.192194,33.653008],[-84.192346,33.652418],[-84.191627,33.651318],[-84.190194,33.650227],[-84.189702,33.650101],[-84.189221,33.650454],[-84.188581,33.652625],[-84.187685,33.653328],[-84.188752,33.655443],[-84.188818,33.657271],[-84.189227,33.658448],[-84.191936,33.660898],[-84.193368,33.663542],[-84.196584,33.664917],[-84.197818,33.666507],[-84.197772,33.66898],[-84.195744,33.671838],[-84.195525,33.672638],[-84.195982,33.675679],[-84.195461,33.680206],[-84.197096,33.682874],[-84.200091,33.684883],[-84.20207,33.686667],[-84.203484,33.686111],[-84.210834,33.684912],[-84.213211,33.68392],[-84.214983,33.682747],[-84.215152,33.675883],[-84.214578,33.674438],[-84.215578,33.672432]]]}},{"type":"Feature","properties":{"geoid":"13089023427","name":"Census Tract 234.27, DeKalb County","county":"DeKalb","score_per1000":1.1,"score_drive_per1000":1.1,"score_transit_per1000":0,"score_walk_per1000":0,"pop":3106,"med_hh_income":67527,"pct_no_vehicle":3,"pct_black":81.7,"pct_hispanic":3.9,"pct_65plus":26.2,"pct_drive":98.06,"pct_transit":1.94,"pct_walk":0,"min_drive_time":7.85,"min_walk_time":103.68,"min_transit_time":90.44},"geometry":{"type":"Polygon","coordinates":[[[-84.175635,33.687127],[-84.175632,33.678535],[-84.16731,33.678413],[-84.164938,33.676768],[-84.156706,33.675149],[-84.156205,33.674572],[-84.154558,33.670233],[-84.15353,33.668736],[-84.152701,33.666724],[-84.149983,33.669629],[-84.148715,33.673608],[-84.146287,33.677419],[-84.14499,33.677946],[-84.142243,33.67831],[-84.139484,33.680785],[-84.136163,33.682372],[-84.135104,33.683379],[-84.132975,33.686458],[-84.143194,33.686496],[-84.144335,33.685952],[-84.145431,33.684067],[-84.151763,33.684176],[-84.153461,33.684842],[-84.156815,33.689106],[-84.157713,33.69069],[-84.163004,33.690654],[-84.166182,33.689386],[-84.170345,33.688774],[-84.173695,33.687215],[-84.175635,33.687127]]]}},{"type":"Feature","properties":{"geoid":"13089023429","name":"Census Tract 234.29, DeKalb County","county":"DeKalb","score_per1000":1.1,"score_drive_per1000":1.1,"score_transit_per1000":0.1,"score_walk_per1000":0.0,"pop":4140,"med_hh_income":42988,"pct_no_vehicle":4.6,"pct_black":95.3,"pct_hispanic":1.7,"pct_65plus":8.6,"pct_drive":97.93,"pct_transit":2.07,"pct_walk":0,"min_drive_time":2.18,"min_walk_time":23.06,"min_transit_time":23.06},"geometry":{"type":"Polygon","coordinates":[[[-84.153968,33.685849],[-84.153461,33.684842],[-84.152423,33.684318],[-84.147825,33.683926],[-84.145431,33.684067],[-84.144335,33.685952],[-84.143378,33.686469],[-84.132975,33.686458],[-84.129559,33.693085],[-84.126246,33.697242],[-84.121509,33.699264],[-84.11786,33.699614],[-84.116477,33.701407],[-84.1334,33.703952],[-84.146271,33.703273],[-84.152206,33.703312],[-84.151463,33.701456],[-84.149912,33.699698],[-84.149341,33.698021],[-84.149187,33.695265],[-84.149642,33.694716],[-84.149763,33.693764],[-84.148788,33.692481],[-84.15274,33.690539],[-84.152641,33.689938],[-84.151437,33.689231],[-84.151321,33.688332],[-84.152418,33.686597],[-84.153968,33.685849]]]}},{"type":"Feature","properties":{"geoid":"13089023430","name":"Census Tract 234.30, DeKalb County","county":"DeKalb","score_per1000":1.3,"score_drive_per1000":1.4,"score_transit_per1000":0.1,"score_walk_per1000":0,"pop":4591,"med_hh_income":55036,"pct_no_vehicle":2.1,"pct_black":81.2,"pct_hispanic":9.1,"pct_65plus":5.9,"pct_drive":92.93,"pct_transit":7.07,"pct_walk":0,"min_drive_time":4.26,"min_walk_time":46.92,"min_transit_time":42.53},"geometry":{"type":"Polygon","coordinates":[[[-84.164894,33.703431],[-84.164936,33.701036],[-84.164343,33.700366],[-84.159834,33.699117],[-84.160278,33.6982],[-84.161937,33.697746],[-84.163165,33.696668],[-84.162893,33.695913],[-84.164026,33.693274],[-84.164083,33.690363],[-84.163004,33.690654],[-84.157834,33.690736],[-84.154082,33.685807],[-84.152418,33.686597],[-84.151432,33.688081],[-84.151304,33.688824],[-84.151568,33.689374],[-84.152641,33.689938],[-84.15274,33.690539],[-84.149428,33.69201],[-84.148773,33.692659],[-84.149763,33.693764],[-84.149642,33.694716],[-84.149187,33.695265],[-84.149341,33.698021],[-84.149912,33.699698],[-84.151463,33.701456],[-84.152206,33.703312],[-84.164894,33.703431]]]}},{"type":"Feature","properties":{"geoid":"13089023431","name":"Census Tract 234.31, DeKalb County","county":"DeKalb","score_per1000":1.8,"score_drive_per1000":1.8,"score_transit_per1000":0.1,"score_walk_per1000":0,"pop":1870,"med_hh_income":58438,"pct_no_vehicle":5.3,"pct_black":81.6,"pct_hispanic":10.2,"pct_65plus":8.9,"pct_drive":98.15,"pct_transit":0,"pct_walk":1.85,"min_drive_time":3.64,"min_walk_time":43.81,"min_transit_time":43.81},"geometry":{"type":"Polygon","coordinates":[[[-84.175335,33.690369],[-84.175635,33.687127],[-84.173695,33.687215],[-84.170345,33.688774],[-84.166182,33.689386],[-84.164083,33.690363],[-84.164026,33.693274],[-84.162893,33.695913],[-84.163165,33.696668],[-84.161937,33.697746],[-84.160278,33.6982],[-84.159834,33.699117],[-84.164512,33.700478],[-84.165017,33.701659],[-84.164894,33.703431],[-84.17023,33.70351],[-84.170793,33.702242],[-84.172652,33.699796],[-84.173652,33.695254],[-84.175335,33.690369]]]}},{"type":"Feature","properties":{"geoid":"13089023432","name":"Census Tract 234.32, DeKalb County","county":"DeKalb","score_per1000":1.1,"score_drive_per1000":1.1,"score_transit_per1000":0,"score_walk_per1000":0,"pop":3630,"med_hh_income":88897,"pct_no_vehicle":2.4,"pct_black":73.6,"pct_hispanic":5.4,"pct_65plus":17.3,"pct_drive":98.82,"pct_transit":1.18,"pct_walk":0,"min_drive_time":8.47,"min_walk_time":117.49,"min_transit_time":107.76},"geometry":{"type":"Polygon","coordinates":[[[-84.184172,33.65504],[-84.188051,33.654097],[-84.187008,33.651669],[-84.187446,33.646179],[-84.17018,33.645909],[-84.170378,33.645488],[-84.172178,33.644378],[-84.172344,33.643234],[-84.171571,33.642229],[-84.172944,33.641585],[-84.17313,33.640976],[-84.171163,33.640248],[-84.169537,33.639138],[-84.1611,33.637796],[-84.160816,33.638038],[-84.160776,33.639487],[-84.159798,33.640082],[-84.158494,33.64247],[-84.158348,33.643571],[-84.158758,33.644314],[-84.157032,33.644387],[-84.155462,33.645659],[-84.15481,33.645828],[-84.15413,33.645381],[-84.151159,33.638779],[-84.150585,33.638583],[-84.150457,33.639191],[-84.148632,33.64178],[-84.148658,33.642427],[-84.150858,33.645533],[-84.151561,33.647969],[-84.151397,33.648741],[-84.152996,33.649146],[-84.154584,33.650013],[-84.156915,33.651421],[-84.157206,33.652224],[-84.15681,33.657581],[-84.156027,33.658421],[-84.155867,33.659475],[-84.153715,33.661639],[-84.153832,33.663595],[-84.153496,33.665747],[-84.152701,33.666724],[-84.15353,33.668736],[-84.154558,33.670233],[-84.156248,33.674655],[-84.157538,33.675481],[-84.164837,33.676737],[-84.16731,33.678413],[-84.1784,33.678587],[-84.178729,33.677975],[-84.17878,33.672372],[-84.179668,33.670317],[-84.180039,33.666541],[-84.1797,33.662546],[-84.180861,33.658629],[-84.184172,33.65504]]]}},{"type":"Feature","properties":{"geoid":"13089023433","name":"Census Tract 234.33, DeKalb County","county":"DeKalb","score_per1000":0.5,"score_drive_per1000":0.7,"score_transit_per1000":0,"score_walk_per1000":0,"pop":5909,"med_hh_income":72875,"pct_no_vehicle":0.8,"pct_black":68.9,"pct_hispanic":13,"pct_65plus":15.4,"pct_drive":75.94,"pct_transit":0.75,"pct_walk":23.32,"min_drive_time":9.48,"min_walk_time":120.7,"min_transit_time":112.99},"geometry":{"type":"Polygon","coordinates":[[[-84.157255,33.652581],[-84.156915,33.651421],[-84.153286,33.649266],[-84.151397,33.648741],[-84.151561,33.647969],[-84.150858,33.645533],[-84.148588,33.642136],[-84.150585,33.638583],[-84.14897,33.638725],[-84.145908,33.637639],[-84.144271,33.636478],[-84.143141,33.636266],[-84.140702,33.637671],[-84.138324,33.637675],[-84.138077,33.637162],[-84.138516,33.636376],[-84.140626,33.635063],[-84.141367,33.633208],[-84.140906,33.631849],[-84.138922,33.63084],[-84.136409,33.630746],[-84.134134,33.631446],[-84.13183,33.631586],[-84.129224,33.631376],[-84.128494,33.630169],[-84.127788,33.6304],[-84.127178,33.631005],[-84.127153,33.631751],[-84.129118,33.634964],[-84.129666,33.636672],[-84.129131,33.639131],[-84.127003,33.644729],[-84.126468,33.647378],[-84.125377,33.649482],[-84.124197,33.657323],[-84.124405,33.660687],[-84.123025,33.663232],[-84.122474,33.665959],[-84.116379,33.671477],[-84.114926,33.674471],[-84.114854,33.675988],[-84.122558,33.675561],[-84.125016,33.675018],[-84.126289,33.676665],[-84.127626,33.677323],[-84.133868,33.676065],[-84.135696,33.674538],[-84.139652,33.672796],[-84.145983,33.673992],[-84.148742,33.673536],[-84.149983,33.669629],[-84.15341,33.665987],[-84.153832,33.663595],[-84.153715,33.661639],[-84.155867,33.659475],[-84.156027,33.658421],[-84.15681,33.657581],[-84.156829,33.654794],[-84.157255,33.652581]]]}},{"type":"Feature","properties":{"geoid":"13089023434","name":"Census Tract 234.34, DeKalb County","county":"DeKalb","score_per1000":0.6,"score_drive_per1000":0.6,"score_transit_per1000":0,"score_walk_per1000":0,"pop":4591,"med_hh_income":88512,"pct_no_vehicle":3.1,"pct_black":76.1,"pct_hispanic":0,"pct_65plus":7.8,"pct_drive":100,"pct_transit":0,"pct_walk":0,"min_drive_time":10.88,"min_walk_time":141.67,"min_transit_time":117.06},"geometry":{"type":"Polygon","coordinates":[[[-84.129666,33.636672],[-84.129529,33.635783],[-84.127105,33.631396],[-84.127492,33.630659],[-84.128494,33.630169],[-84.128387,33.629445],[-84.128739,33.628406],[-84.128508,33.627535],[-84.128015,33.626773],[-84.127009,33.626271],[-84.123844,33.625612],[-84.123926,33.624358],[-84.123507,33.62367],[-84.122654,33.623153],[-84.118826,33.622194],[-84.117997,33.620248],[-84.115528,33.618895],[-84.115539,33.618307],[-84.116999,33.617205],[-84.115795,33.614672],[-84.083968,33.674328],[-84.084291,33.674816],[-84.085933,33.67583],[-84.088585,33.676526],[-84.089838,33.677211],[-84.092258,33.675735],[-84.095428,33.674405],[-84.098214,33.67467],[-84.10242,33.677481],[-84.10361,33.677829],[-84.109949,33.677852],[-84.112758,33.676163],[-84.114854,33.675988],[-84.114926,33.674471],[-84.116379,33.671477],[-84.122558,33.665801],[-84.123025,33.663232],[-84.124405,33.660687],[-84.124197,33.657323],[-84.125377,33.649482],[-84.126468,33.647378],[-84.127003,33.644729],[-84.129131,33.639131],[-84.129666,33.636672]]]}},{"type":"Feature","properties":{"geoid":"13089023435","name":"Census Tract 234.35, DeKalb County","county":"DeKalb","score_per1000":0.7,"score_drive_per1000":0.7,"score_transit_per1000":0.0,"score_walk_per1000":0,"pop":1680,"med_hh_income":70850,"pct_no_vehicle":10.3,"pct_black":83.5,"pct_hispanic":0,"pct_65plus":10.6,"pct_drive":97.54,"pct_transit":0,"pct_walk":2.46,"min_drive_time":7.91,"min_walk_time":113.42,"min_transit_time":50.78},"geometry":{"type":"Polygon","coordinates":[[[-84.114337,33.682978],[-84.114854,33.675988],[-84.113173,33.676068],[-84.109949,33.677852],[-84.10361,33.677829],[-84.10242,33.677481],[-84.098214,33.67467],[-84.095428,33.674405],[-84.092258,33.675735],[-84.089573,33.677324],[-84.089245,33.677876],[-84.089015,33.687918],[-84.0924,33.689665],[-84.094052,33.689819],[-84.09477,33.690327],[-84.09979,33.691381],[-84.103041,33.693416],[-84.109354,33.693599],[-84.111377,33.692587],[-84.11259,33.691086],[-84.114337,33.682978]]]}},{"type":"Feature","properties":{"geoid":"13089023436","name":"Census Tract 234.36, DeKalb County","county":"DeKalb","score_per1000":2.1,"score_drive_per1000":2.2,"score_transit_per1000":0,"score_walk_per1000":0,"pop":2958,"med_hh_income":85495,"pct_no_vehicle":1.1,"pct_black":91.6,"pct_hispanic":5.5,"pct_65plus":13.6,"pct_drive":95.01,"pct_transit":3.89,"pct_walk":1.09,"min_drive_time":12.9,"min_walk_time":171.97,"min_transit_time":75.64},"geometry":{"type":"Polygon","coordinates":[[[-84.254149,33.647086],[-84.253131,33.647311],[-84.250196,33.649962],[-84.238847,33.652352],[-84.232904,33.655319],[-84.230899,33.655314],[-84.229998,33.659381],[-84.224948,33.663458],[-84.224303,33.664535],[-84.224297,33.66547],[-84.225346,33.664447],[-84.230884,33.665845],[-84.232219,33.665894],[-84.233424,33.665469],[-84.234848,33.663786],[-84.23662,33.663835],[-84.236929,33.664206],[-84.23664,33.665192],[-84.237312,33.665876],[-84.237694,33.667146],[-84.239224,33.668379],[-84.241074,33.670512],[-84.243004,33.67041],[-84.244783,33.669911],[-84.247475,33.669923],[-84.247164,33.668998],[-84.245321,33.667329],[-84.24513,33.666763],[-84.246387,33.660168],[-84.249569,33.657137],[-84.253199,33.654709],[-84.253851,33.652715],[-84.254149,33.647086]]]}},{"type":"Feature","properties":{"geoid":"13089023437","name":"Census Tract 234.37, DeKalb County","county":"DeKalb","score_per1000":1.5,"score_drive_per1000":1.6,"score_transit_per1000":0,"score_walk_per1000":0,"pop":7054,"med_hh_income":130938,"pct_no_vehicle":2.9,"pct_black":95.5,"pct_hispanic":1.3,"pct_65plus":18.7,"pct_drive":95.84,"pct_transit":4.16,"pct_walk":0,"min_drive_time":12.38,"min_walk_time":169.56,"min_transit_time":105.64},"geometry":{"type":"Polygon","coordinates":[[[-84.253756,33.647072],[-84.245713,33.646809],[-84.245478,33.646243],[-84.245457,33.630736],[-84.224239,33.630663],[-84.223956,33.646578],[-84.187446,33.646179],[-84.187008,33.651669],[-84.187685,33.653328],[-84.188535,33.652706],[-84.18912,33.650612],[-84.189603,33.650137],[-84.190194,33.650227],[-84.191627,33.651318],[-84.192376,33.652685],[-84.190737,33.654084],[-84.190522,33.654682],[-84.190695,33.655837],[-84.191345,33.656084],[-84.198625,33.655026],[-84.201355,33.654],[-84.202579,33.652122],[-84.203944,33.651819],[-84.204465,33.65238],[-84.204679,33.653254],[-84.203056,33.655754],[-84.202714,33.657528],[-84.203284,33.658479],[-84.20565,33.65903],[-84.208501,33.660623],[-84.209278,33.660219],[-84.209913,33.658427],[-84.211941,33.658738],[-84.213215,33.65994],[-84.213264,33.660749],[-84.21254,33.662713],[-84.212978,33.663348],[-84.214041,33.663768],[-84.215327,33.663816],[-84.21793,33.662532],[-84.221097,33.662824],[-84.221761,33.663466],[-84.221523,33.666365],[-84.222574,33.666698],[-84.224297,33.66547],[-84.224303,33.664535],[-84.224948,33.663458],[-84.229998,33.659381],[-84.230899,33.655314],[-84.232904,33.655319],[-84.238847,33.652352],[-84.250196,33.649962],[-84.252749,33.647596],[-84.253756,33.647072]]]}},{"type":"Feature","properties":{"geoid":"13089023438","name":"Census Tract 234.38, DeKalb County","county":"DeKalb","score_per1000":2.3,"score_drive_per1000":2.7,"score_transit_per1000":0,"score_walk_per1000":0,"pop":3910,"med_hh_income":65216,"pct_no_vehicle":7.3,"pct_black":82.8,"pct_hispanic":5.1,"pct_65plus":9.8,"pct_drive":87.54,"pct_transit":12.46,"pct_walk":0,"min_drive_time":11.52,"min_walk_time":161.78,"min_transit_time":75.64},"geometry":{"type":"Polygon","coordinates":[[[-84.276867,33.678119],[-84.277591,33.673518],[-84.273378,33.674282],[-84.269303,33.673338],[-84.265839,33.674089],[-84.262321,33.673795],[-84.258286,33.674307],[-84.253251,33.674121],[-84.250511,33.67459],[-84.249435,33.674163],[-84.248124,33.672617],[-84.247475,33.669923],[-84.245836,33.669852],[-84.243004,33.67041],[-84.243865,33.670955],[-84.243745,33.67172],[-84.243093,33.672002],[-84.240775,33.671934],[-84.239777,33.673689],[-84.240231,33.674328],[-84.24258,33.674857],[-84.243193,33.674497],[-84.243541,33.673471],[-84.244736,33.674468],[-84.243232,33.676633],[-84.241223,33.677571],[-84.241239,33.678171],[-84.242113,33.678869],[-84.243928,33.679789],[-84.246813,33.6794],[-84.249038,33.680057],[-84.249384,33.680386],[-84.249462,33.682685],[-84.251247,33.681704],[-84.252319,33.681911],[-84.254051,33.683091],[-84.25672,33.686804],[-84.258004,33.687176],[-84.262423,33.685377],[-84.265288,33.685288],[-84.266152,33.684573],[-84.266704,33.683118],[-84.272585,33.684536],[-84.272689,33.682313],[-84.273443,33.681419],[-84.276066,33.679544],[-84.276867,33.678119]]]}},{"type":"Feature","properties":{"geoid":"13089023439","name":"Census Tract 234.39, DeKalb County","county":"DeKalb","score_per1000":2.5,"score_drive_per1000":2.7,"score_transit_per1000":0.2,"score_walk_per1000":0,"pop":2264,"med_hh_income":55616,"pct_no_vehicle":20.8,"pct_black":93.8,"pct_hispanic":3.8,"pct_65plus":12.4,"pct_drive":92.26,"pct_transit":7.74,"pct_walk":0,"min_drive_time":10.51,"min_walk_time":159.15,"min_transit_time":45.64},"geometry":{"type":"Polygon","coordinates":[[[-84.272583,33.684633],[-84.266704,33.683118],[-84.266152,33.684573],[-84.265288,33.685288],[-84.262423,33.685377],[-84.258004,33.687176],[-84.25672,33.686804],[-84.254051,33.683091],[-84.251836,33.681732],[-84.250992,33.681783],[-84.249899,33.682668],[-84.249274,33.682596],[-84.248758,33.683793],[-84.249492,33.686568],[-84.250939,33.687322],[-84.250919,33.688356],[-84.252015,33.688729],[-84.252693,33.689426],[-84.252481,33.691501],[-84.254191,33.69396],[-84.25422,33.694745],[-84.255299,33.695932],[-84.256775,33.696296],[-84.257616,33.69713],[-84.258062,33.698039],[-84.258,33.699027],[-84.270794,33.699136],[-84.272524,33.689655],[-84.272583,33.684633]]]}},{"type":"Feature","properties":{"geoid":"13089023440","name":"Census Tract 234.40, DeKalb County","county":"DeKalb","score_per1000":1.0,"score_drive_per1000":1.1,"score_transit_per1000":0.1,"score_walk_per1000":0,"pop":5300,"med_hh_income":83736,"pct_no_vehicle":3.6,"pct_black":82.8,"pct_hispanic":1.3,"pct_65plus":5.4,"pct_drive":86.57,"pct_transit":13.43,"pct_walk":0,"min_drive_time":4.41,"min_walk_time":66.23,"min_transit_time":37.06},"geometry":{"type":"Polygon","coordinates":[[[-84.148715,33.673608],[-84.145983,33.673992],[-84.139652,33.672796],[-84.135696,33.674538],[-84.133868,33.676065],[-84.127626,33.677323],[-84.126289,33.676665],[-84.125016,33.675018],[-84.122558,33.675561],[-84.114854,33.675988],[-84.114512,33.681855],[-84.113281,33.688759],[-84.11259,33.691086],[-84.111377,33.692587],[-84.109354,33.693599],[-84.103041,33.693416],[-84.09979,33.691381],[-84.09477,33.690327],[-84.094052,33.689819],[-84.0924,33.689665],[-84.089015,33.687918],[-84.089215,33.678055],[-84.089838,33.677211],[-84.088585,33.676526],[-84.08519,33.675503],[-84.083968,33.674328],[-84.074336,33.6929],[-84.086058,33.699255],[-84.0886,33.700441],[-84.091717,33.701374],[-84.100455,33.702622],[-84.103265,33.702512],[-84.112155,33.700995],[-84.116477,33.701407],[-84.11786,33.699614],[-84.121509,33.699264],[-84.126246,33.697242],[-84.129559,33.693085],[-84.13258,33.687021],[-84.135398,33.683028],[-84.136163,33.682372],[-84.139484,33.680785],[-84.142243,33.67831],[-84.14499,33.677946],[-84.146287,33.677419],[-84.148715,33.673608]]]}},{"type":"Feature","properties":{"geoid":"13089023441","name":"Census Tract 234.41, DeKalb County","county":"DeKalb","score_per1000":1.8,"score_drive_per1000":1.8,"score_transit_per1000":0,"score_walk_per1000":0,"pop":3844,"med_hh_income":78011,"pct_no_vehicle":0.9,"pct_black":91.1,"pct_hispanic":2.1,"pct_65plus":13.7,"pct_drive":98.52,"pct_transit":1.36,"pct_walk":0.11,"min_drive_time":5.66,"min_walk_time":80.68,"min_transit_time":67.76},"geometry":{"type":"Polygon","coordinates":[[[-84.197964,33.668157],[-84.197818,33.666507],[-84.197153,33.665379],[-84.193368,33.663542],[-84.191936,33.660898],[-84.189404,33.658727],[-84.188854,33.657481],[-84.188752,33.655443],[-84.188051,33.654097],[-84.184172,33.65504],[-84.181368,33.657914],[-84.180861,33.658629],[-84.1797,33.662546],[-84.180039,33.666541],[-84.179668,33.670317],[-84.17878,33.672372],[-84.178693,33.67815],[-84.1784,33.678587],[-84.175632,33.678535],[-84.175822,33.68157],[-84.175458,33.689608],[-84.173791,33.69478],[-84.182475,33.694887],[-84.182871,33.693743],[-84.185366,33.690109],[-84.18789,33.688042],[-84.188524,33.6863],[-84.190438,33.68571],[-84.192066,33.684536],[-84.193609,33.682815],[-84.194325,33.681373],[-84.196038,33.681499],[-84.195461,33.680206],[-84.195982,33.675679],[-84.195525,33.672638],[-84.195744,33.671838],[-84.197677,33.669162],[-84.197964,33.668157]]]}},{"type":"Feature","properties":{"geoid":"13089023442","name":"Census Tract 234.42, DeKalb County","county":"DeKalb","score_per1000":2.2,"score_drive_per1000":2.2,"score_transit_per1000":0.0,"score_walk_per1000":0,"pop":3043,"med_hh_income":117561,"pct_no_vehicle":7.5,"pct_black":98.7,"pct_hispanic":1.3,"pct_65plus":20.9,"pct_drive":100,"pct_transit":0,"pct_walk":0,"min_drive_time":4.57,"min_walk_time":63.38,"min_transit_time":50.44},"geometry":{"type":"Polygon","coordinates":[[[-84.201655,33.686295],[-84.197096,33.682874],[-84.196038,33.681499],[-84.194325,33.681373],[-84.193609,33.682815],[-84.192066,33.684536],[-84.190438,33.68571],[-84.188524,33.6863],[-84.18789,33.688042],[-84.185366,33.690109],[-84.182871,33.693743],[-84.182475,33.694887],[-84.173791,33.69478],[-84.172652,33.699796],[-84.170793,33.702242],[-84.17023,33.70351],[-84.189537,33.702626],[-84.192938,33.703096],[-84.197063,33.704731],[-84.19875,33.703131],[-84.198956,33.701547],[-84.198675,33.700357],[-84.198139,33.700013],[-84.195708,33.700364],[-84.193757,33.700153],[-84.192711,33.699706],[-84.192237,33.699061],[-84.194598,33.697629],[-84.196457,33.697916],[-84.198515,33.696564],[-84.19976,33.695296],[-84.200943,33.693289],[-84.200983,33.692281],[-84.200554,33.691948],[-84.199495,33.692068],[-84.198528,33.691423],[-84.200295,33.690262],[-84.201383,33.688268],[-84.201298,33.687958],[-84.199717,33.687911],[-84.199503,33.687347],[-84.201655,33.686295]]]}},{"type":"Feature","properties":{"geoid":"13089023443","name":"Census Tract 234.43, DeKalb County","county":"DeKalb","score_per1000":2.7,"score_drive_per1000":2.7,"score_transit_per1000":0,"score_walk_per1000":0,"pop":6070,"med_hh_income":90950,"pct_no_vehicle":0.5,"pct_black":86.6,"pct_hispanic":8.1,"pct_65plus":14.8,"pct_drive":100,"pct_transit":0,"pct_walk":0,"min_drive_time":12.85,"min_walk_time":189.85,"min_transit_time":80.64},"geometry":{"type":"Polygon","coordinates":[[[-84.325387,33.657883],[-84.325158,33.656044],[-84.324183,33.653494],[-84.322795,33.651591],[-84.318343,33.647218],[-84.282459,33.647063],[-84.284936,33.651932],[-84.286499,33.658124],[-84.297488,33.660419],[-84.302518,33.660587],[-84.305672,33.662095],[-84.3062,33.662618],[-84.30718,33.668681],[-84.308789,33.672857],[-84.30761,33.676962],[-84.307484,33.678369],[-84.309588,33.683422],[-84.313182,33.681445],[-84.320284,33.67656],[-84.324722,33.674561],[-84.320747,33.666601],[-84.321135,33.656684],[-84.323499,33.65765],[-84.325387,33.657883]]]}},{"type":"Feature","properties":{"geoid":"13089023444","name":"Census Tract 234.44, DeKalb County","county":"DeKalb","score_per1000":2.6,"score_drive_per1000":2.7,"score_transit_per1000":0,"score_walk_per1000":0,"pop":2564,"med_hh_income":44235,"pct_no_vehicle":13.5,"pct_black":88.6,"pct_hispanic":1.1,"pct_65plus":15.4,"pct_drive":98.41,"pct_transit":1.59,"pct_walk":0,"min_drive_time":13.07,"min_walk_time":187.04,"min_transit_time":88.03},"geometry":{"type":"Polygon","coordinates":[[[-84.349418,33.680352],[-84.350228,33.647914],[-84.346805,33.647617],[-84.318343,33.647218],[-84.323231,33.652108],[-84.324183,33.653494],[-84.325158,33.656044],[-84.325387,33.657883],[-84.323499,33.65765],[-84.321135,33.656684],[-84.320747,33.666601],[-84.324722,33.674561],[-84.320284,33.67656],[-84.313182,33.681445],[-84.309588,33.683422],[-84.307954,33.679618],[-84.304514,33.682693],[-84.303164,33.68247],[-84.30235,33.683125],[-84.301071,33.682579],[-84.300219,33.682942],[-84.295674,33.682855],[-84.286656,33.6836],[-84.277576,33.685408],[-84.275572,33.685279],[-84.272585,33.684536],[-84.272524,33.689655],[-84.270794,33.699136],[-84.276569,33.699029],[-84.280764,33.698221],[-84.29363,33.693018],[-84.295219,33.694261],[-84.296479,33.697078],[-84.298862,33.699375],[-84.299813,33.700706],[-84.300656,33.701125],[-84.300645,33.700251],[-84.302792,33.696028],[-84.304401,33.694219],[-84.305444,33.691365],[-84.306855,33.689373],[-84.309966,33.688754],[-84.310891,33.688146],[-84.312471,33.688869],[-84.321524,33.688941],[-84.321545,33.685574],[-84.320943,33.683786],[-84.321226,33.682477],[-84.321045,33.681705],[-84.324188,33.681222],[-84.326331,33.681662],[-84.329648,33.68176],[-84.331117,33.680881],[-84.333321,33.67868],[-84.335286,33.678279],[-84.33593,33.678304],[-84.336098,33.678701],[-84.336871,33.678899],[-84.337478,33.678564],[-84.33959,33.678424],[-84.344165,33.680477],[-84.349418,33.680352]]]}},{"type":"Feature","properties":{"geoid":"13089023445","name":"Census Tract 234.45, DeKalb County","county":"DeKalb","score_per1000":2.5,"score_drive_per1000":2.6,"score_transit_per1000":0.1,"score_walk_per1000":0,"pop":3722,"med_hh_income":63214,"pct_no_vehicle":0.7,"pct_black":79.2,"pct_hispanic":0.1,"pct_65plus":29.2,"pct_drive":96.38,"pct_transit":3.62,"pct_walk":0,"min_drive_time":7.96,"min_walk_time":116.36,"min_transit_time":45.64},"geometry":{"type":"Polygon","coordinates":[[[-84.252192,33.701874],[-84.251558,33.700268],[-84.251526,33.698882],[-84.245589,33.698744],[-84.244401,33.698235],[-84.241338,33.698093],[-84.241286,33.6976],[-84.240694,33.697018],[-84.238811,33.696549],[-84.238966,33.695714],[-84.238268,33.694712],[-84.237103,33.695266],[-84.233693,33.696036],[-84.229449,33.698568],[-84.223001,33.698457],[-84.22152,33.702501],[-84.218481,33.70698],[-84.219826,33.708518],[-84.22197,33.712325],[-84.241044,33.7148],[-84.244635,33.711454],[-84.252192,33.701874]]]}},{"type":"Feature","properties":{"geoid":"13089023446","name":"Census Tract 234.46, DeKalb County","county":"DeKalb","score_per1000":2.6,"score_drive_per1000":2.7,"score_transit_per1000":0.6,"score_walk_per1000":0,"pop":2328,"med_hh_income":51208,"pct_no_vehicle":8.1,"pct_black":96,"pct_hispanic":2.2,"pct_65plus":13.7,"pct_drive":92.41,"pct_transit":7.59,"pct_walk":0,"min_drive_time":9.14,"min_walk_time":138.39,"min_transit_time":30.64},"geometry":{"type":"Polygon","coordinates":[[[-84.27234,33.713666],[-84.271573,33.711692],[-84.271859,33.709817],[-84.265574,33.709708],[-84.264725,33.708578],[-84.262577,33.707586],[-84.262394,33.705973],[-84.263226,33.70433],[-84.26246,33.703396],[-84.261672,33.703254],[-84.260491,33.703694],[-84.257603,33.703013],[-84.257103,33.702118],[-84.258273,33.700823],[-84.257894,33.70016],[-84.258,33.699027],[-84.25486,33.699952],[-84.252423,33.70163],[-84.244635,33.711454],[-84.241044,33.7148],[-84.252445,33.716239],[-84.257018,33.716477],[-84.27234,33.713666]]]}},{"type":"Feature","properties":{"geoid":"13089023447","name":"Census Tract 234.47, DeKalb County","county":"DeKalb","score_per1000":2.2,"score_drive_per1000":2.2,"score_transit_per1000":0,"score_walk_per1000":0,"pop":2355,"med_hh_income":44685,"pct_no_vehicle":7.4,"pct_black":86.1,"pct_hispanic":0.9,"pct_65plus":36,"pct_drive":100,"pct_transit":0,"pct_walk":0,"min_drive_time":8.39,"min_walk_time":113.57,"min_transit_time":67.76},"geometry":{"type":"Polygon","coordinates":[[[-84.228883,33.683857],[-84.230034,33.681323],[-84.223137,33.679662],[-84.220649,33.679688],[-84.217706,33.680664],[-84.213211,33.68392],[-84.211423,33.684742],[-84.202309,33.686536],[-84.203687,33.688187],[-84.20489,33.691247],[-84.205863,33.691619],[-84.207393,33.693436],[-84.208952,33.694045],[-84.210666,33.695228],[-84.210931,33.694844],[-84.215148,33.694752],[-84.215417,33.694857],[-84.2154,33.695816],[-84.221569,33.695497],[-84.223341,33.697695],[-84.223892,33.696287],[-84.224216,33.693688],[-84.226775,33.690711],[-84.228883,33.683857]]]}},{"type":"Feature","properties":{"geoid":"13089023448","name":"Census Tract 234.48, DeKalb County","county":"DeKalb","score_per1000":2.4,"score_drive_per1000":2.4,"score_transit_per1000":0.1,"score_walk_per1000":0,"pop":3205,"med_hh_income":83098,"pct_no_vehicle":6.2,"pct_black":87.5,"pct_hispanic":0.5,"pct_65plus":22.8,"pct_drive":100,"pct_transit":0,"pct_walk":0,"min_drive_time":6.75,"min_walk_time":90.2,"min_transit_time":45.64},"geometry":{"type":"Polygon","coordinates":[[[-84.22152,33.702501],[-84.223341,33.697695],[-84.221569,33.695497],[-84.2154,33.695816],[-84.215417,33.694857],[-84.215148,33.694752],[-84.210931,33.694844],[-84.210666,33.695228],[-84.208952,33.694045],[-84.207393,33.693436],[-84.205863,33.691619],[-84.20489,33.691247],[-84.203687,33.688187],[-84.202324,33.686548],[-84.20207,33.686667],[-84.201655,33.686295],[-84.199503,33.687347],[-84.199717,33.687911],[-84.201298,33.687958],[-84.201383,33.688268],[-84.200295,33.690262],[-84.198528,33.691423],[-84.199495,33.692068],[-84.200554,33.691948],[-84.200983,33.692281],[-84.200943,33.693289],[-84.19976,33.695296],[-84.196786,33.697749],[-84.196074,33.698033],[-84.194396,33.697685],[-84.192235,33.699237],[-84.193004,33.699877],[-84.194535,33.700278],[-84.19795,33.700007],[-84.198552,33.70023],[-84.198943,33.701245],[-84.19875,33.703131],[-84.197153,33.704641],[-84.205675,33.708455],[-84.211096,33.710559],[-84.22197,33.712325],[-84.219826,33.708518],[-84.218481,33.70698],[-84.22152,33.702501]]]}},{"type":"Feature","properties":{"geoid":"13089023501","name":"Census Tract 235.01, DeKalb County","county":"DeKalb","score_per1000":2.3,"score_drive_per1000":2.7,"score_transit_per1000":0.1,"score_walk_per1000":0,"pop":3785,"med_hh_income":86596,"pct_no_vehicle":2.1,"pct_black":76.5,"pct_hispanic":5.6,"pct_65plus":17.3,"pct_drive":83.37,"pct_transit":16.63,"pct_walk":0,"min_drive_time":9.01,"min_walk_time":109.85,"min_transit_time":47.05},"geometry":{"type":"Polygon","coordinates":[[[-84.288076,33.738795],[-84.285545,33.734646],[-84.283229,33.73184],[-84.252161,33.731453],[-84.251995,33.73794],[-84.288076,33.738795]]]}},{"type":"Feature","properties":{"geoid":"13089023504","name":"Census Tract 235.04, DeKalb County","county":"DeKalb","score_per1000":2.9,"score_drive_per1000":3.1,"score_transit_per1000":0.2,"score_walk_per1000":0,"pop":2728,"med_hh_income":65694,"pct_no_vehicle":10.9,"pct_black":61.9,"pct_hispanic":8.4,"pct_65plus":31.4,"pct_drive":91.97,"pct_transit":8.03,"pct_walk":0,"min_drive_time":8.68,"min_walk_time":115.27,"min_transit_time":45.64},"geometry":{"type":"Polygon","coordinates":[[[-84.283229,33.73184],[-84.280318,33.728027],[-84.276213,33.719597],[-84.27234,33.713666],[-84.26431,33.715256],[-84.26466,33.71756],[-84.265993,33.718616],[-84.266039,33.719589],[-84.265188,33.721966],[-84.265125,33.723462],[-84.265601,33.723716],[-84.266081,33.725026],[-84.265594,33.725618],[-84.265892,33.729063],[-84.26709,33.731671],[-84.283229,33.73184]]]}},{"type":"Feature","properties":{"geoid":"13089023505","name":"Census Tract 235.05, DeKalb County","county":"DeKalb","score_per1000":2.7,"score_drive_per1000":2.7,"score_transit_per1000":0.0,"score_walk_per1000":0,"pop":2901,"med_hh_income":72188,"pct_no_vehicle":6,"pct_black":78.5,"pct_hispanic":2.6,"pct_65plus":25.8,"pct_drive":98.17,"pct_transit":1.83,"pct_walk":0,"min_drive_time":9.74,"min_walk_time":113.81,"min_transit_time":47.05},"geometry":{"type":"Polygon","coordinates":[[[-84.26709,33.731671],[-84.265892,33.729063],[-84.265594,33.725618],[-84.266081,33.725026],[-84.265601,33.723716],[-84.265125,33.723462],[-84.265188,33.721966],[-84.266039,33.719589],[-84.265993,33.718616],[-84.26466,33.71756],[-84.26431,33.715256],[-84.25734,33.716459],[-84.252445,33.716239],[-84.252198,33.719882],[-84.251443,33.722966],[-84.251324,33.725999],[-84.252139,33.729306],[-84.252161,33.731453],[-84.26709,33.731671]]]}},{"type":"Feature","properties":{"geoid":"13089023506","name":"Census Tract 235.06, DeKalb County","county":"DeKalb","score_per1000":2.5,"score_drive_per1000":2.8,"score_transit_per1000":0.1,"score_walk_per1000":0,"pop":5512,"med_hh_income":64453,"pct_no_vehicle":4.7,"pct_black":83.3,"pct_hispanic":4.4,"pct_65plus":22.4,"pct_drive":89.19,"pct_transit":8.71,"pct_walk":2.11,"min_drive_time":8.92,"min_walk_time":121.7,"min_transit_time":47.05},"geometry":{"type":"Polygon","coordinates":[[[-84.252198,33.719882],[-84.252445,33.716239],[-84.236966,33.714261],[-84.236604,33.714818],[-84.235832,33.714931],[-84.235142,33.715507],[-84.233796,33.715733],[-84.232763,33.716883],[-84.231666,33.71741],[-84.231211,33.71739],[-84.230082,33.716301],[-84.22901,33.716809],[-84.228557,33.718877],[-84.229169,33.720332],[-84.228869,33.721146],[-84.229373,33.722509],[-84.229509,33.724356],[-84.228866,33.725299],[-84.227361,33.731413],[-84.22682,33.732564],[-84.226803,33.734394],[-84.227347,33.735369],[-84.227234,33.737094],[-84.251995,33.73794],[-84.252139,33.729306],[-84.251324,33.725999],[-84.251443,33.722966],[-84.252198,33.719882]]]}},{"type":"Feature","properties":{"geoid":"13089023507","name":"Census Tract 235.07, DeKalb County","county":"DeKalb","score_per1000":2.3,"score_drive_per1000":2.6,"score_transit_per1000":0.1,"score_walk_per1000":0,"pop":3397,"med_hh_income":63775,"pct_no_vehicle":9.6,"pct_black":86.8,"pct_hispanic":6.9,"pct_65plus":19.3,"pct_drive":88.93,"pct_transit":11.07,"pct_walk":0,"min_drive_time":8.43,"min_walk_time":114.31,"min_transit_time":47.05},"geometry":{"type":"Polygon","coordinates":[[[-84.23689,33.714379],[-84.217355,33.711764],[-84.217005,33.712984],[-84.215793,33.71506],[-84.21532,33.718128],[-84.215331,33.720751],[-84.214169,33.723531],[-84.213759,33.734547],[-84.215568,33.735623],[-84.216773,33.736842],[-84.227234,33.737094],[-84.227347,33.735369],[-84.226803,33.734394],[-84.22682,33.732564],[-84.227361,33.731413],[-84.228866,33.725299],[-84.229509,33.724356],[-84.229373,33.722509],[-84.228869,33.721146],[-84.229169,33.720332],[-84.228576,33.719159],[-84.228771,33.717134],[-84.230082,33.716301],[-84.231211,33.71739],[-84.231666,33.71741],[-84.232763,33.716883],[-84.233796,33.715733],[-84.234935,33.715603],[-84.235832,33.714931],[-84.236604,33.714818],[-84.23689,33.714379]]]}},{"type":"Feature","properties":{"geoid":"13089023601","name":"Census Tract 236.01, DeKalb County","county":"DeKalb","score_per1000":3.9,"score_drive_per1000":4.1,"score_transit_per1000":0.2,"score_walk_per1000":0,"pop":2338,"med_hh_income":75833,"pct_no_vehicle":14.3,"pct_black":54.9,"pct_hispanic":2.2,"pct_65plus":26.6,"pct_drive":94.68,"pct_transit":5.32,"pct_walk":0,"min_drive_time":7.16,"min_walk_time":91.58,"min_transit_time":46.85},"geometry":{"type":"Polygon","coordinates":[[[-84.309686,33.734386],[-84.309291,33.730382],[-84.303965,33.730935],[-84.303448,33.731234],[-84.303356,33.73208],[-84.283229,33.73184],[-84.285545,33.734646],[-84.288076,33.738795],[-84.293828,33.739027],[-84.295359,33.739471],[-84.296115,33.738567],[-84.30049,33.738652],[-84.300458,33.739213],[-84.30967,33.739433],[-84.309686,33.734386]]]}},{"type":"Feature","properties":{"geoid":"13089023602","name":"Census Tract 236.02, DeKalb County","county":"DeKalb","score_per1000":2.3,"score_drive_per1000":2.5,"score_transit_per1000":0.1,"score_walk_per1000":0,"pop":1942,"med_hh_income":71667,"pct_no_vehicle":10.5,"pct_black":68.4,"pct_hispanic":4.6,"pct_65plus":25.6,"pct_drive":92.43,"pct_transit":1.99,"pct_walk":5.58,"min_drive_time":10.01,"min_walk_time":125.11,"min_transit_time":58.46},"geometry":{"type":"Polygon","coordinates":[[[-84.309291,33.730382],[-84.307903,33.726297],[-84.30795,33.721217],[-84.309166,33.718831],[-84.305638,33.715285],[-84.297849,33.715005],[-84.296456,33.716183],[-84.29519,33.716413],[-84.295421,33.716972],[-84.294821,33.71726],[-84.294211,33.718141],[-84.294608,33.71967],[-84.295806,33.721299],[-84.294489,33.722496],[-84.291646,33.727134],[-84.290888,33.727613],[-84.289289,33.727729],[-84.287531,33.729148],[-84.28436,33.7291],[-84.281347,33.729534],[-84.283229,33.73184],[-84.303356,33.73208],[-84.303448,33.731234],[-84.303965,33.730935],[-84.309291,33.730382]]]}},{"type":"Feature","properties":{"geoid":"13089023603","name":"Census Tract 236.03, DeKalb County","county":"DeKalb","score_per1000":3.0,"score_drive_per1000":3.1,"score_transit_per1000":0.1,"score_walk_per1000":0,"pop":3475,"med_hh_income":46062,"pct_no_vehicle":7,"pct_black":79.7,"pct_hispanic":7.3,"pct_65plus":16.5,"pct_drive":94.67,"pct_transit":5.33,"pct_walk":0,"min_drive_time":8.55,"min_walk_time":114.67,"min_transit_time":45.64},"geometry":{"type":"Polygon","coordinates":[[[-84.296929,33.715571],[-84.297849,33.715005],[-84.292466,33.712866],[-84.28883,33.71224],[-84.2789,33.712478],[-84.27234,33.713666],[-84.276213,33.719597],[-84.279574,33.726732],[-84.281347,33.729534],[-84.28436,33.7291],[-84.287531,33.729148],[-84.289289,33.727729],[-84.290888,33.727613],[-84.291646,33.727134],[-84.294489,33.722496],[-84.295806,33.721299],[-84.294608,33.71967],[-84.294211,33.718141],[-84.294821,33.71726],[-84.295421,33.716972],[-84.29519,33.716413],[-84.296456,33.716183],[-84.296929,33.715571]]]}},{"type":"Feature","properties":{"geoid":"13089023701","name":"Census Tract 237.01, DeKalb County","county":"DeKalb","score_per1000":4.2,"score_drive_per1000":4.2,"score_transit_per1000":0.5,"score_walk_per1000":0,"pop":3123,"med_hh_income":77574,"pct_no_vehicle":21.5,"pct_black":52.4,"pct_hispanic":7.9,"pct_65plus":11.7,"pct_drive":98.82,"pct_transit":1.18,"pct_walk":0,"min_drive_time":5.74,"min_walk_time":87.72,"min_transit_time":33.68},"geometry":{"type":"Polygon","coordinates":[[[-84.329396,33.739837],[-84.328635,33.739041],[-84.329166,33.738768],[-84.328607,33.737778],[-84.329302,33.73779],[-84.329354,33.730711],[-84.326099,33.729538],[-84.321486,33.726621],[-84.316869,33.731208],[-84.312559,33.738141],[-84.311189,33.739475],[-84.313658,33.739548],[-84.314128,33.740846],[-84.315397,33.741978],[-84.315449,33.742916],[-84.314105,33.744665],[-84.314514,33.747322],[-84.328574,33.747423],[-84.328743,33.744706],[-84.327108,33.739876],[-84.329396,33.739837]]]}},{"type":"Feature","properties":{"geoid":"13089023702","name":"Census Tract 237.02, DeKalb County","county":"DeKalb","score_per1000":3.9,"score_drive_per1000":4.2,"score_transit_per1000":0.1,"score_walk_per1000":0,"pop":2834,"med_hh_income":60997,"pct_no_vehicle":9,"pct_black":64,"pct_hispanic":3.4,"pct_65plus":10.1,"pct_drive":92.07,"pct_transit":7.93,"pct_walk":0,"min_drive_time":7.53,"min_walk_time":107.2,"min_transit_time":58.46},"geometry":{"type":"Polygon","coordinates":[[[-84.324013,33.725256],[-84.323204,33.722855],[-84.321576,33.721367],[-84.309698,33.715786],[-84.308317,33.7154],[-84.305638,33.715285],[-84.309166,33.718831],[-84.30795,33.721217],[-84.307903,33.726297],[-84.308862,33.728577],[-84.309635,33.732157],[-84.30967,33.739433],[-84.311189,33.739475],[-84.312215,33.738511],[-84.316869,33.731208],[-84.321568,33.726544],[-84.324013,33.725256]]]}},{"type":"Feature","properties":{"geoid":"13089023801","name":"Census Tract 238.01, DeKalb County","county":"DeKalb","score_per1000":3.7,"score_drive_per1000":3.8,"score_transit_per1000":0.5,"score_walk_per1000":0,"pop":5380,"med_hh_income":104432,"pct_no_vehicle":0.7,"pct_black":53.8,"pct_hispanic":15.3,"pct_65plus":17.5,"pct_drive":96.33,"pct_transit":3.67,"pct_walk":0,"min_drive_time":7.05,"min_walk_time":90.12,"min_transit_time":33.68},"geometry":{"type":"Polygon","coordinates":[[[-84.349442,33.722245],[-84.349484,33.717656],[-84.348271,33.717269],[-84.348125,33.716787],[-84.346895,33.716664],[-84.345555,33.716994],[-84.344557,33.716182],[-84.3441,33.714477],[-84.344596,33.712878],[-84.345453,33.712096],[-84.345377,33.711396],[-84.344831,33.710446],[-84.344288,33.710843],[-84.344461,33.711571],[-84.343809,33.711603],[-84.343316,33.710704],[-84.343921,33.710087],[-84.343902,33.709652],[-84.342999,33.709034],[-84.343158,33.708439],[-84.342367,33.707008],[-84.340239,33.708159],[-84.339305,33.707844],[-84.33949,33.706081],[-84.33913,33.705774],[-84.338609,33.705799],[-84.337367,33.706697],[-84.336151,33.706757],[-84.336052,33.70586],[-84.336614,33.704085],[-84.335975,33.702335],[-84.335205,33.701249],[-84.332858,33.701826],[-84.332125,33.701284],[-84.330902,33.702386],[-84.326913,33.704064],[-84.327197,33.706102],[-84.330126,33.70931],[-84.329274,33.713149],[-84.329767,33.715072],[-84.329938,33.718617],[-84.330606,33.718633],[-84.330764,33.719293],[-84.331903,33.720713],[-84.333186,33.725199],[-84.33484,33.728693],[-84.340069,33.732984],[-84.340086,33.732413],[-84.348602,33.732476],[-84.34873,33.722183],[-84.349442,33.722245]]]}},{"type":"Feature","properties":{"geoid":"13089023802","name":"Census Tract 238.02, DeKalb County","county":"DeKalb","score_per1000":2.7,"score_drive_per1000":2.9,"score_transit_per1000":0,"score_walk_per1000":0,"pop":3379,"med_hh_income":73347,"pct_no_vehicle":9,"pct_black":53.2,"pct_hispanic":16.4,"pct_65plus":17.7,"pct_drive":93.04,"pct_transit":6.96,"pct_walk":0,"min_drive_time":9.12,"min_walk_time":123.48,"min_transit_time":73.63},"geometry":{"type":"Polygon","coordinates":[[[-84.349614,33.697203],[-84.349228,33.689913],[-84.349418,33.680352],[-84.344059,33.680461],[-84.339381,33.678384],[-84.337478,33.678564],[-84.336871,33.678899],[-84.335716,33.678281],[-84.333556,33.678549],[-84.331117,33.680881],[-84.329648,33.68176],[-84.326331,33.681662],[-84.324188,33.681222],[-84.321045,33.681705],[-84.321226,33.682477],[-84.320943,33.683786],[-84.321545,33.685574],[-84.321524,33.688941],[-84.312471,33.688869],[-84.310891,33.688146],[-84.309463,33.688897],[-84.307419,33.689111],[-84.306245,33.689907],[-84.30514,33.69204],[-84.304635,33.693814],[-84.303824,33.6949],[-84.307073,33.693938],[-84.310894,33.695315],[-84.312426,33.694946],[-84.314746,33.694938],[-84.315813,33.69559],[-84.316767,33.695709],[-84.317046,33.697045],[-84.319117,33.698721],[-84.320333,33.698924],[-84.32168,33.699636],[-84.322234,33.700639],[-84.322225,33.701496],[-84.32182,33.702181],[-84.322314,33.704788],[-84.320845,33.705488],[-84.319379,33.705706],[-84.319143,33.706421],[-84.321462,33.706994],[-84.321712,33.707668],[-84.323152,33.708081],[-84.323259,33.709003],[-84.322843,33.709338],[-84.322549,33.711198],[-84.321503,33.712204],[-84.322458,33.712677],[-84.322866,33.7135],[-84.32365,33.713096],[-84.324782,33.713092],[-84.325169,33.71407],[-84.324392,33.715336],[-84.32357,33.715744],[-84.325941,33.717495],[-84.326674,33.717228],[-84.329882,33.717231],[-84.329767,33.715072],[-84.329274,33.713149],[-84.330126,33.70931],[-84.327197,33.706102],[-84.326913,33.704064],[-84.330902,33.702386],[-84.332125,33.701284],[-84.332858,33.701826],[-84.335035,33.70122],[-84.335975,33.702335],[-84.336614,33.704085],[-84.336052,33.70586],[-84.336151,33.706757],[-84.337367,33.706697],[-84.338609,33.705799],[-84.33913,33.705774],[-84.33949,33.706081],[-84.339305,33.707844],[-84.340239,33.708159],[-84.342367,33.707008],[-84.343158,33.708439],[-84.342999,33.709034],[-84.343902,33.709652],[-84.343921,33.710087],[-84.343316,33.710704],[-84.343809,33.711603],[-84.344461,33.711571],[-84.344288,33.710843],[-84.344831,33.710446],[-84.345377,33.711396],[-84.345453,33.712096],[-84.344596,33.712878],[-84.3441,33.714477],[-84.344557,33.716182],[-84.345453,33.716966],[-84.346895,33.716664],[-84.348125,33.716787],[-84.348271,33.717269],[-84.349484,33.717656],[-84.349614,33.697203]]]}},{"type":"Feature","properties":{"geoid":"13089023803","name":"Census Tract 238.03, DeKalb County","county":"DeKalb","score_per1000":2.9,"score_drive_per1000":2.9,"score_transit_per1000":0.1,"score_walk_per1000":0,"pop":4867,"med_hh_income":73238,"pct_no_vehicle":8.5,"pct_black":54.3,"pct_hispanic":12.9,"pct_65plus":19.8,"pct_drive":99.08,"pct_transit":0.92,"pct_walk":0,"min_drive_time":9.19,"min_walk_time":129.35,"min_transit_time":58.46},"geometry":{"type":"Polygon","coordinates":[[[-84.32993,33.718446],[-84.329882,33.717231],[-84.326674,33.717228],[-84.325941,33.717495],[-84.324095,33.716366],[-84.32357,33.715744],[-84.324392,33.715336],[-84.324851,33.714706],[-84.325169,33.71407],[-84.325021,33.713379],[-84.32456,33.713002],[-84.322866,33.7135],[-84.322458,33.712677],[-84.321503,33.712204],[-84.322549,33.711198],[-84.322843,33.709338],[-84.323259,33.709003],[-84.323221,33.708216],[-84.321712,33.707668],[-84.321462,33.706994],[-84.319435,33.706616],[-84.31911,33.706204],[-84.319379,33.705706],[-84.320845,33.705488],[-84.322314,33.704788],[-84.32182,33.702181],[-84.322225,33.701496],[-84.322234,33.700639],[-84.32168,33.699636],[-84.320333,33.698924],[-84.319117,33.698721],[-84.317046,33.697045],[-84.316767,33.695709],[-84.315813,33.69559],[-84.314746,33.694938],[-84.312426,33.694946],[-84.310894,33.695315],[-84.306932,33.693944],[-84.303824,33.6949],[-84.303004,33.695716],[-84.300553,33.70048],[-84.300899,33.701772],[-84.300606,33.70384],[-84.299433,33.706291],[-84.303452,33.710267],[-84.30492,33.71428],[-84.305638,33.715285],[-84.308317,33.7154],[-84.309698,33.715786],[-84.320652,33.720869],[-84.322999,33.722572],[-84.323936,33.724588],[-84.327248,33.722777],[-84.328508,33.721127],[-84.329281,33.719192],[-84.32929,33.718446],[-84.32993,33.718446]]]}},{"type":"Feature","properties":{"geoid":"13089980000","name":"Census Tract 9800, DeKalb County","county":"DeKalb","score_per1000":null,"score_drive_per1000":4.2,"score_transit_per1000":0.4,"score_walk_per1000":0,"pop":0,"med_hh_income":0,"pct_no_vehicle":0,"pct_black":0,"pct_hispanic":0,"pct_65plus":0,"pct_drive":0,"pct_transit":0,"pct_walk":0,"min_drive_time":6.52,"min_walk_time":80.36,"min_transit_time":39.05},"geometry":{"type":"Polygon","coordinates":[[[-84.309736,33.745261],[-84.30966,33.740683],[-84.305092,33.740602],[-84.305081,33.739941],[-84.295353,33.739672],[-84.295184,33.744926],[-84.309736,33.745261]]]}},{"type":"Feature","properties":{"geoid":"13121000100","name":"Census Tract 1, Fulton County","county":"Fulton","score_per1000":5.3,"score_drive_per1000":5.4,"score_transit_per1000":0.4,"score_walk_per1000":0,"pop":5675,"med_hh_income":115352,"pct_no_vehicle":3.5,"pct_black":17.5,"pct_hispanic":3.7,"pct_65plus":10,"pct_drive":99.46,"pct_transit":0,"pct_walk":0.54,"min_drive_time":4.5,"min_walk_time":50.26,"min_transit_time":34.57},"geometry":{"type":"Polygon","coordinates":[[[-84.367372,33.805448],[-84.366029,33.804548],[-84.365036,33.802669],[-84.362298,33.799497],[-84.361452,33.798817],[-84.359249,33.797909],[-84.35845,33.794443],[-84.355396,33.791027],[-84.355675,33.78955],[-84.354338,33.782385],[-84.34999,33.781914],[-84.348742,33.779756],[-84.348229,33.791811],[-84.348229,33.80901],[-84.350799,33.810054],[-84.357388,33.81111],[-84.365928,33.807695],[-84.367372,33.805448]]]}},{"type":"Feature","properties":{"geoid":"13121000201","name":"Census Tract 2.01, Fulton County","county":"Fulton","score_per1000":5.2,"score_drive_per1000":5.4,"score_transit_per1000":0.4,"score_walk_per1000":0,"pop":2184,"med_hh_income":142700,"pct_no_vehicle":0,"pct_black":22.5,"pct_hispanic":10.2,"pct_65plus":11.5,"pct_drive":97.11,"pct_transit":2.89,"pct_walk":0,"min_drive_time":4.08,"min_walk_time":54.62,"min_transit_time":41.0},"geometry":{"type":"Polygon","coordinates":[[[-84.370144,33.802232],[-84.374217,33.801092],[-84.370933,33.795416],[-84.370077,33.792258],[-84.369609,33.791947],[-84.367062,33.791214],[-84.367114,33.793104],[-84.364307,33.792531],[-84.36112,33.792571],[-84.360694,33.79322],[-84.359487,33.79323],[-84.356099,33.789934],[-84.355673,33.789929],[-84.355396,33.791027],[-84.35845,33.794443],[-84.359249,33.797909],[-84.361452,33.798817],[-84.362298,33.799497],[-84.364894,33.80248],[-84.365836,33.804295],[-84.366624,33.805129],[-84.367372,33.805448],[-84.367402,33.804407],[-84.368508,33.803036],[-84.370144,33.802232]]]}},{"type":"Feature","properties":{"geoid":"13121000202","name":"Census Tract 2.02, Fulton County","county":"Fulton","score_per1000":4.3,"score_drive_per1000":4.7,"score_transit_per1000":0.8,"score_walk_per1000":0,"pop":3932,"med_hh_income":181061,"pct_no_vehicle":1.5,"pct_black":0.2,"pct_hispanic":4.9,"pct_65plus":10.7,"pct_drive":91.95,"pct_transit":1.61,"pct_walk":6.44,"min_drive_time":3.81,"min_walk_time":48.6,"min_transit_time":33.0},"geometry":{"type":"Polygon","coordinates":[[[-84.370763,33.786425],[-84.37027,33.784442],[-84.367802,33.781159],[-84.36665,33.781532],[-84.354338,33.782385],[-84.355673,33.789929],[-84.356099,33.789934],[-84.359423,33.793216],[-84.360694,33.79322],[-84.36112,33.792571],[-84.364307,33.792531],[-84.367114,33.793104],[-84.367062,33.791214],[-84.370077,33.792258],[-84.370763,33.786425]]]}},{"type":"Feature","properties":{"geoid":"13121000400","name":"Census Tract 4, Fulton County","county":"Fulton","score_per1000":4.0,"score_drive_per1000":5.0,"score_transit_per1000":2.3,"score_walk_per1000":0,"pop":1922,"med_hh_income":150481,"pct_no_vehicle":3.4,"pct_black":11.8,"pct_hispanic":0.6,"pct_65plus":25.9,"pct_drive":76.29,"pct_transit":8.21,"pct_walk":15.5,"min_drive_time":2.59,"min_walk_time":34.56,"min_transit_time":17.0},"geometry":{"type":"Polygon","coordinates":[[[-84.387652,33.795807],[-84.387812,33.786675],[-84.37814,33.78649],[-84.378913,33.78427],[-84.378416,33.784238],[-84.37817,33.78369],[-84.377871,33.78367],[-84.377875,33.781791],[-84.36869,33.781745],[-84.368574,33.782114],[-84.37027,33.784442],[-84.370724,33.78594],[-84.370073,33.792225],[-84.370285,33.793666],[-84.372771,33.793225],[-84.374243,33.791637],[-84.375159,33.791729],[-84.376524,33.791356],[-84.378198,33.792296],[-84.378606,33.793093],[-84.379185,33.793398],[-84.380897,33.792905],[-84.383912,33.79307],[-84.3844,33.794494],[-84.38493,33.795075],[-84.386057,33.795655],[-84.387652,33.795807]]]}},{"type":"Feature","properties":{"geoid":"13121000501","name":"Census Tract 5.01, Fulton County","county":"Fulton","score_per1000":4.1,"score_drive_per1000":5.2,"score_transit_per1000":2.3,"score_walk_per1000":0,"pop":5401,"med_hh_income":113030,"pct_no_vehicle":8.1,"pct_black":33.3,"pct_hispanic":7.3,"pct_65plus":4.5,"pct_drive":77.81,"pct_transit":3.48,"pct_walk":18.71,"min_drive_time":2.23,"min_walk_time":33.31,"min_transit_time":17.0},"geometry":{"type":"Polygon","coordinates":[[[-84.40086,33.792713],[-84.400176,33.792125],[-84.398747,33.792365],[-84.398739,33.786199],[-84.392633,33.786687],[-84.387812,33.786675],[-84.387738,33.796501],[-84.388144,33.796981],[-84.390898,33.798372],[-84.392157,33.799704],[-84.40086,33.792713]]]}},{"type":"Feature","properties":{"geoid":"13121000502","name":"Census Tract 5.02, Fulton County","county":"Fulton","score_per1000":4.1,"score_drive_per1000":4.5,"score_transit_per1000":1.6,"score_walk_per1000":0,"pop":2410,"med_hh_income":177069,"pct_no_vehicle":1,"pct_black":7.8,"pct_hispanic":3.2,"pct_65plus":17.3,"pct_drive":88.39,"pct_transit":3.93,"pct_walk":7.68,"min_drive_time":3.49,"min_walk_time":38.44,"min_transit_time":26.0},"geometry":{"type":"Polygon","coordinates":[[[-84.39214,33.799719],[-84.390898,33.798372],[-84.388034,33.796895],[-84.387652,33.795807],[-84.385894,33.795608],[-84.384729,33.794913],[-84.383912,33.79307],[-84.380897,33.792905],[-84.379185,33.793398],[-84.378606,33.793093],[-84.378198,33.792296],[-84.376524,33.791356],[-84.375159,33.791729],[-84.374243,33.791637],[-84.372771,33.793225],[-84.370285,33.793666],[-84.370933,33.795416],[-84.377287,33.806601],[-84.377579,33.809978],[-84.375845,33.81314],[-84.378329,33.809604],[-84.379803,33.808199],[-84.39214,33.799719]]]}},{"type":"Feature","properties":{"geoid":"13121000601","name":"Census Tract 6.01, Fulton County","county":"Fulton","score_per1000":3.2,"score_drive_per1000":4.5,"score_transit_per1000":1.6,"score_walk_per1000":0,"pop":4984,"med_hh_income":82350,"pct_no_vehicle":27.1,"pct_black":28.4,"pct_hispanic":7.6,"pct_65plus":0.6,"pct_drive":65.62,"pct_transit":13.33,"pct_walk":21.04,"min_drive_time":2.8,"min_walk_time":37.87,"min_transit_time":23.0},"geometry":{"type":"Polygon","coordinates":[[[-84.415294,33.784091],[-84.414763,33.781732],[-84.412977,33.779935],[-84.402671,33.779652],[-84.403327,33.780574],[-84.402718,33.780571],[-84.40263,33.781532],[-84.399151,33.781518],[-84.398739,33.786199],[-84.407449,33.786234],[-84.40767,33.788582],[-84.410579,33.786919],[-84.414216,33.785514],[-84.414975,33.784857],[-84.415294,33.784091]]]}},{"type":"Feature","properties":{"geoid":"13121000602","name":"Census Tract 6.02, Fulton County","county":"Fulton","score_per1000":3.4,"score_drive_per1000":4.3,"score_transit_per1000":1.6,"score_walk_per1000":0,"pop":2551,"med_hh_income":75179,"pct_no_vehicle":22.9,"pct_black":20.9,"pct_hispanic":4.9,"pct_65plus":0,"pct_drive":72.95,"pct_transit":15.66,"pct_walk":11.39,"min_drive_time":3.19,"min_walk_time":44.03,"min_transit_time":26.0},"geometry":{"type":"Polygon","coordinates":[[[-84.407649,33.788595],[-84.407449,33.786234],[-84.398739,33.786199],[-84.398747,33.792365],[-84.400176,33.792125],[-84.40086,33.792713],[-84.407649,33.788595]]]}},{"type":"Feature","properties":{"geoid":"13121000700","name":"Census Tract 7, Fulton County","county":"Fulton","score_per1000":3.9,"score_drive_per1000":4.1,"score_transit_per1000":0.5,"score_walk_per1000":0,"pop":3038,"med_hh_income":164028,"pct_no_vehicle":0,"pct_black":56.6,"pct_hispanic":6.1,"pct_65plus":5.7,"pct_drive":96.64,"pct_transit":2.6,"pct_walk":0.76,"min_drive_time":4.86,"min_walk_time":59.29,"min_transit_time":37.26},"geometry":{"type":"Polygon","coordinates":[[[-84.432377,33.787432],[-84.432246,33.784749],[-84.431851,33.783243],[-84.431069,33.781765],[-84.427204,33.777232],[-84.426132,33.77227],[-84.424223,33.773078],[-84.422108,33.773224],[-84.422108,33.771386],[-84.417385,33.771396],[-84.417305,33.782647],[-84.415316,33.780447],[-84.412977,33.779935],[-84.417992,33.784558],[-84.419374,33.78529],[-84.424345,33.786611],[-84.432377,33.787432]]]}},{"type":"Feature","properties":{"geoid":"13121001001","name":"Census Tract 10.01, Fulton County","county":"Fulton","score_per1000":3.3,"score_drive_per1000":4.9,"score_transit_per1000":2.3,"score_walk_per1000":0.1,"pop":5617,"med_hh_income":101094,"pct_no_vehicle":19.4,"pct_black":11,"pct_hispanic":11.4,"pct_65plus":2.2,"pct_drive":65.77,"pct_transit":2.49,"pct_walk":31.74,"min_drive_time":1.43,"min_walk_time":22.51,"min_transit_time":17.0},"geometry":{"type":"Polygon","coordinates":[[[-84.398739,33.786199],[-84.399151,33.781518],[-84.391146,33.781539],[-84.391118,33.777722],[-84.390316,33.773518],[-84.390461,33.771292],[-84.387425,33.771277],[-84.387276,33.779963],[-84.38784,33.781735],[-84.387812,33.786675],[-84.392633,33.786687],[-84.398739,33.786199]]]}},{"type":"Feature","properties":{"geoid":"13121001002","name":"Census Tract 10.02, Fulton County","county":"Fulton","score_per1000":2.2,"score_drive_per1000":4.5,"score_transit_per1000":1.0,"score_walk_per1000":0.1,"pop":7127,"med_hh_income":47969,"pct_no_vehicle":24.7,"pct_black":19.3,"pct_hispanic":8.7,"pct_65plus":0.3,"pct_drive":47.01,"pct_transit":4.09,"pct_walk":48.9,"min_drive_time":2.36,"min_walk_time":25.87,"min_transit_time":23.0},"geometry":{"type":"Polygon","coordinates":[[[-84.412977,33.779935],[-84.409505,33.776633],[-84.407048,33.77307],[-84.405468,33.772073],[-84.401799,33.771484],[-84.400216,33.770746],[-84.3982,33.771373],[-84.390461,33.771292],[-84.390316,33.773518],[-84.391118,33.777722],[-84.391146,33.781539],[-84.40263,33.781532],[-84.402718,33.780571],[-84.403327,33.780574],[-84.402671,33.779652],[-84.412977,33.779935]]]}},{"type":"Feature","properties":{"geoid":"13121001101","name":"Census Tract 11.01, Fulton County","county":"Fulton","score_per1000":3.9,"score_drive_per1000":4.5,"score_transit_per1000":2.3,"score_walk_per1000":0.1,"pop":3582,"med_hh_income":128750,"pct_no_vehicle":3.8,"pct_black":12.7,"pct_hispanic":8.7,"pct_65plus":11.8,"pct_drive":83.37,"pct_transit":4.56,"pct_walk":12.07,"min_drive_time":2.73,"min_walk_time":26.24,"min_transit_time":17.0},"geometry":{"type":"Polygon","coordinates":[[[-84.387812,33.786675],[-84.387828,33.784584],[-84.378913,33.78427],[-84.37814,33.78649],[-84.387812,33.786675]]]}},{"type":"Feature","properties":{"geoid":"13121001102","name":"Census Tract 11.02, Fulton County","county":"Fulton","score_per1000":3.1,"score_drive_per1000":4.5,"score_transit_per1000":2.5,"score_walk_per1000":0.1,"pop":3789,"med_hh_income":135192,"pct_no_vehicle":12.2,"pct_black":8.8,"pct_hispanic":11.1,"pct_65plus":2.8,"pct_drive":59.9,"pct_transit":14.58,"pct_walk":25.52,"min_drive_time":2.4,"min_walk_time":23.43,"min_transit_time":11.0},"geometry":{"type":"Polygon","coordinates":[[[-84.387828,33.784584],[-84.387806,33.781509],[-84.387004,33.781472],[-84.377875,33.781791],[-84.377871,33.78367],[-84.37817,33.78369],[-84.378416,33.784238],[-84.387828,33.784584]]]}},{"type":"Feature","properties":{"geoid":"13121001203","name":"Census Tract 12.03, Fulton County","county":"Fulton","score_per1000":4.2,"score_drive_per1000":4.7,"score_transit_per1000":2.0,"score_walk_per1000":0.3,"pop":2854,"med_hh_income":78381,"pct_no_vehicle":17,"pct_black":24,"pct_hispanic":6.8,"pct_65plus":6.5,"pct_drive":85.58,"pct_transit":6.93,"pct_walk":7.49,"min_drive_time":1.23,"min_walk_time":13.72,"min_transit_time":13.48},"geometry":{"type":"Polygon","coordinates":[[[-84.383417,33.771383],[-84.377739,33.771239],[-84.377678,33.775711],[-84.382964,33.776055],[-84.383417,33.771383]]]}},{"type":"Feature","properties":{"geoid":"13121001204","name":"Census Tract 12.04, Fulton County","county":"Fulton","score_per1000":4.0,"score_drive_per1000":4.7,"score_transit_per1000":1.8,"score_walk_per1000":0.1,"pop":2213,"med_hh_income":110270,"pct_no_vehicle":11.3,"pct_black":1.3,"pct_hispanic":4.6,"pct_65plus":6.8,"pct_drive":83.49,"pct_transit":2.88,"pct_walk":13.63,"min_drive_time":1.81,"min_walk_time":21.3,"min_transit_time":17.0},"geometry":{"type":"Polygon","coordinates":[[[-84.382946,33.776233],[-84.377678,33.775711],[-84.377663,33.781791],[-84.382503,33.781754],[-84.382946,33.776233]]]}},{"type":"Feature","properties":{"geoid":"13121001205","name":"Census Tract 12.05, Fulton County","county":"Fulton","score_per1000":3.4,"score_drive_per1000":4.7,"score_transit_per1000":2.0,"score_walk_per1000":0.3,"pop":1891,"med_hh_income":94896,"pct_no_vehicle":15.8,"pct_black":12,"pct_hispanic":16.8,"pct_65plus":7.5,"pct_drive":61.15,"pct_transit":21.08,"pct_walk":17.77,"min_drive_time":1.12,"min_walk_time":10.6,"min_transit_time":8.88},"geometry":{"type":"Polygon","coordinates":[[[-84.3873,33.777547],[-84.387425,33.771277],[-84.383447,33.771286],[-84.382851,33.777256],[-84.3873,33.777547]]]}},{"type":"Feature","properties":{"geoid":"13121001206","name":"Census Tract 12.06, Fulton County","county":"Fulton","score_per1000":3.5,"score_drive_per1000":4.7,"score_transit_per1000":2.5,"score_walk_per1000":0.3,"pop":3569,"med_hh_income":122690,"pct_no_vehicle":15.3,"pct_black":10.2,"pct_hispanic":9.6,"pct_65plus":2,"pct_drive":66.98,"pct_transit":9.61,"pct_walk":23.41,"min_drive_time":2.08,"min_walk_time":17.38,"min_transit_time":10.88},"geometry":{"type":"Polygon","coordinates":[[[-84.387806,33.781509],[-84.387302,33.780187],[-84.3873,33.777547],[-84.382851,33.777256],[-84.382503,33.781754],[-84.387806,33.781509]]]}},{"type":"Feature","properties":{"geoid":"13121001301","name":"Census Tract 13.01, Fulton County","county":"Fulton","score_per1000":4.2,"score_drive_per1000":4.7,"score_transit_per1000":1.4,"score_walk_per1000":0.1,"pop":3223,"med_hh_income":101731,"pct_no_vehicle":22,"pct_black":15.6,"pct_hispanic":3,"pct_65plus":3.6,"pct_drive":88.93,"pct_transit":1.64,"pct_walk":9.43,"min_drive_time":2.31,"min_walk_time":24.54,"min_transit_time":23.0},"geometry":{"type":"Polygon","coordinates":[[[-84.377693,33.772666],[-84.37535,33.772348],[-84.370908,33.773672],[-84.370875,33.775118],[-84.369413,33.779499],[-84.37766,33.779518],[-84.377693,33.772666]]]}},{"type":"Feature","properties":{"geoid":"13121001302","name":"Census Tract 13.02, Fulton County","county":"Fulton","score_per1000":4.0,"score_drive_per1000":4.7,"score_transit_per1000":1.4,"score_walk_per1000":0.1,"pop":1916,"med_hh_income":106661,"pct_no_vehicle":5.5,"pct_black":23.2,"pct_hispanic":4.8,"pct_65plus":13.4,"pct_drive":84.04,"pct_transit":5.47,"pct_walk":10.49,"min_drive_time":2.08,"min_walk_time":27.55,"min_transit_time":23.0},"geometry":{"type":"Polygon","coordinates":[[[-84.37772,33.772454],[-84.377739,33.771239],[-84.363927,33.771139],[-84.365888,33.778366],[-84.368574,33.782114],[-84.36869,33.781745],[-84.377663,33.781791],[-84.37766,33.779518],[-84.369413,33.779499],[-84.370875,33.775118],[-84.370908,33.773672],[-84.37535,33.772348],[-84.37772,33.772454]]]}},{"type":"Feature","properties":{"geoid":"13121001400","name":"Census Tract 14, Fulton County","county":"Fulton","score_per1000":4.3,"score_drive_per1000":4.7,"score_transit_per1000":1.1,"score_walk_per1000":0,"pop":2414,"med_hh_income":110152,"pct_no_vehicle":4.2,"pct_black":7.2,"pct_hispanic":5.9,"pct_65plus":10.6,"pct_drive":91.65,"pct_transit":2.09,"pct_walk":6.26,"min_drive_time":3.09,"min_walk_time":38.11,"min_transit_time":28.48},"geometry":{"type":"Polygon","coordinates":[[[-84.358685,33.782086],[-84.367802,33.781159],[-84.365669,33.777826],[-84.363927,33.771139],[-84.359384,33.771099],[-84.35995,33.773258],[-84.359878,33.773795],[-84.35873,33.77382],[-84.358685,33.782086]]]}},{"type":"Feature","properties":{"geoid":"13121001501","name":"Census Tract 15.01, Fulton County","county":"Fulton","score_per1000":4.2,"score_drive_per1000":4.8,"score_transit_per1000":1.4,"score_walk_per1000":0,"pop":2261,"med_hh_income":105640,"pct_no_vehicle":9.9,"pct_black":14.6,"pct_hispanic":5.7,"pct_65plus":26.1,"pct_drive":86.81,"pct_transit":3.63,"pct_walk":9.56,"min_drive_time":3.15,"min_walk_time":43.63,"min_transit_time":23.57},"geometry":{"type":"Polygon","coordinates":[[[-84.359878,33.773795],[-84.359384,33.771099],[-84.348986,33.771087],[-84.348829,33.776321],[-84.352506,33.776312],[-84.352506,33.776706],[-84.355557,33.776708],[-84.355583,33.775423],[-84.35872,33.775429],[-84.35873,33.77382],[-84.359878,33.773795]]]}},{"type":"Feature","properties":{"geoid":"13121001502","name":"Census Tract 15.02, Fulton County","county":"Fulton","score_per1000":4.3,"score_drive_per1000":4.7,"score_transit_per1000":1.4,"score_walk_per1000":0,"pop":2355,"med_hh_income":97962,"pct_no_vehicle":2.2,"pct_black":0.5,"pct_hispanic":34.9,"pct_65plus":6.2,"pct_drive":91.74,"pct_transit":1.41,"pct_walk":6.85,"min_drive_time":4.28,"min_walk_time":50.7,"min_transit_time":23.57},"geometry":{"type":"Polygon","coordinates":[[[-84.358685,33.782086],[-84.35872,33.775429],[-84.355583,33.775423],[-84.355557,33.776708],[-84.352506,33.776706],[-84.352506,33.776312],[-84.348829,33.776321],[-84.348742,33.779756],[-84.34999,33.781914],[-84.352208,33.781965],[-84.353864,33.782416],[-84.358685,33.782086]]]}},{"type":"Feature","properties":{"geoid":"13121001600","name":"Census Tract 16, Fulton County","county":"Fulton","score_per1000":3.7,"score_drive_per1000":4.8,"score_transit_per1000":1.4,"score_walk_per1000":0,"pop":2392,"med_hh_income":133422,"pct_no_vehicle":7.3,"pct_black":7.4,"pct_hispanic":5.4,"pct_65plus":4.3,"pct_drive":76.36,"pct_transit":6.0,"pct_walk":17.64,"min_drive_time":3.38,"min_walk_time":42.42,"min_transit_time":23.57},"geometry":{"type":"Polygon","coordinates":[[[-84.363927,33.771139],[-84.36268,33.769276],[-84.360454,33.767007],[-84.359753,33.765687],[-84.359587,33.76447],[-84.360037,33.763065],[-84.361738,33.761348],[-84.360645,33.761526],[-84.354731,33.765072],[-84.352188,33.763114],[-84.349156,33.765466],[-84.348986,33.771087],[-84.363927,33.771139]]]}},{"type":"Feature","properties":{"geoid":"13121001701","name":"Census Tract 17.01, Fulton County","county":"Fulton","score_per1000":4.2,"score_drive_per1000":4.7,"score_transit_per1000":1.1,"score_walk_per1000":0.2,"pop":2117,"med_hh_income":104271,"pct_no_vehicle":16.4,"pct_black":32.3,"pct_hispanic":5.2,"pct_65plus":1.8,"pct_drive":89.41,"pct_transit":0,"pct_walk":10.59,"min_drive_time":2.42,"min_walk_time":22.87,"min_transit_time":22.87},"geometry":{"type":"Polygon","coordinates":[[[-84.374249,33.762592],[-84.37428,33.761393],[-84.367846,33.761331],[-84.367703,33.771136],[-84.372785,33.771186],[-84.373632,33.764066],[-84.374249,33.762592]]]}},{"type":"Feature","properties":{"geoid":"13121001702","name":"Census Tract 17.02, Fulton County","county":"Fulton","score_per1000":4.6,"score_drive_per1000":4.7,"score_transit_per1000":0.8,"score_walk_per1000":0,"pop":3848,"med_hh_income":144819,"pct_no_vehicle":1.6,"pct_black":18.6,"pct_hispanic":3.5,"pct_65plus":7.8,"pct_drive":97.82,"pct_transit":0.59,"pct_walk":1.58,"min_drive_time":3.02,"min_walk_time":33.54,"min_transit_time":32.31},"geometry":{"type":"Polygon","coordinates":[[[-84.367703,33.771136],[-84.367846,33.761331],[-84.361738,33.761348],[-84.360037,33.763065],[-84.359587,33.76447],[-84.360016,33.766327],[-84.363038,33.769702],[-84.363927,33.771139],[-84.367703,33.771136]]]}},{"type":"Feature","properties":{"geoid":"13121001801","name":"Census Tract 18.01, Fulton County","county":"Fulton","score_per1000":3.8,"score_drive_per1000":4.5,"score_transit_per1000":2.0,"score_walk_per1000":0.4,"pop":2338,"med_hh_income":53250,"pct_no_vehicle":35.7,"pct_black":56.2,"pct_hispanic":5.7,"pct_65plus":15.4,"pct_drive":80.81,"pct_transit":4.05,"pct_walk":15.14,"min_drive_time":1.67,"min_walk_time":15.5,"min_transit_time":13.48},"geometry":{"type":"Polygon","coordinates":[[[-84.381897,33.771286],[-84.382023,33.767515],[-84.378578,33.767496],[-84.374797,33.766417],[-84.37338,33.766342],[-84.372785,33.771186],[-84.381897,33.771286]]]}},{"type":"Feature","properties":{"geoid":"13121001802","name":"Census Tract 18.02, Fulton County","county":"Fulton","score_per1000":4.3,"score_drive_per1000":4.5,"score_transit_per1000":2.0,"score_walk_per1000":0.4,"pop":2052,"med_hh_income":68583,"pct_no_vehicle":19.1,"pct_black":41.4,"pct_hispanic":2.9,"pct_65plus":18.7,"pct_drive":91.51,"pct_transit":5.82,"pct_walk":2.67,"min_drive_time":1.58,"min_walk_time":17.49,"min_transit_time":12.7},"geometry":{"type":"Polygon","coordinates":[[[-84.38409,33.765508],[-84.384159,33.762219],[-84.380891,33.762204],[-84.378734,33.761377],[-84.37428,33.761393],[-84.37338,33.766342],[-84.374797,33.766417],[-84.378578,33.767496],[-84.382023,33.767515],[-84.382053,33.765557],[-84.38409,33.765508]]]}},{"type":"Feature","properties":{"geoid":"13121001901","name":"Census Tract 19.01, Fulton County","county":"Fulton","score_per1000":2.4,"score_drive_per1000":4.5,"score_transit_per1000":1.8,"score_walk_per1000":0.4,"pop":2295,"med_hh_income":53487,"pct_no_vehicle":0,"pct_black":21.9,"pct_hispanic":7.6,"pct_65plus":0,"pct_drive":46.58,"pct_transit":1.99,"pct_walk":51.42,"min_drive_time":1.49,"min_walk_time":14.53,"min_transit_time":14.16},"geometry":{"type":"Polygon","coordinates":[[[-84.392984,33.768933],[-84.393054,33.765969],[-84.39177,33.765943],[-84.389743,33.765946],[-84.389171,33.766607],[-84.38896,33.767233],[-84.389767,33.767798],[-84.390492,33.769077],[-84.390461,33.771292],[-84.39206,33.771294],[-84.392126,33.768925],[-84.392984,33.768933]]]}},{"type":"Feature","properties":{"geoid":"13121001902","name":"Census Tract 19.02, Fulton County","county":"Fulton","score_per1000":3.4,"score_drive_per1000":4.5,"score_transit_per1000":2.9,"score_walk_per1000":0.6,"pop":1842,"med_hh_income":85152,"pct_no_vehicle":16.9,"pct_black":45.4,"pct_hispanic":5.7,"pct_65plus":5.2,"pct_drive":55.98,"pct_transit":24.44,"pct_walk":19.58,"min_drive_time":0.55,"min_walk_time":7.62,"min_transit_time":4.99},"geometry":{"type":"Polygon","coordinates":[[[-84.390341,33.765085],[-84.390568,33.759728],[-84.384202,33.759672],[-84.38409,33.765508],[-84.382053,33.765557],[-84.381897,33.771286],[-84.390461,33.771292],[-84.390315,33.768555],[-84.38896,33.767233],[-84.390341,33.765085]]]}},{"type":"Feature","properties":{"geoid":"13121002100","name":"Census Tract 21, Fulton County","county":"Fulton","score_per1000":3.9,"score_drive_per1000":4.3,"score_transit_per1000":1.8,"score_walk_per1000":0.4,"pop":3081,"med_hh_income":83065,"pct_no_vehicle":15.1,"pct_black":63.8,"pct_hispanic":2.4,"pct_65plus":10.5,"pct_drive":86.19,"pct_transit":7.15,"pct_walk":6.66,"min_drive_time":1.5,"min_walk_time":14.03,"min_transit_time":13.37},"geometry":{"type":"Polygon","coordinates":[[[-84.400216,33.770746],[-84.399422,33.769994],[-84.39864,33.768469],[-84.397689,33.76312],[-84.394986,33.758497],[-84.393277,33.759669],[-84.390568,33.759728],[-84.390341,33.765085],[-84.389743,33.765946],[-84.393054,33.765969],[-84.392984,33.768933],[-84.392126,33.768925],[-84.39206,33.771294],[-84.3982,33.771373],[-84.400216,33.770746]]]}},{"type":"Feature","properties":{"geoid":"13121002300","name":"Census Tract 23, Fulton County","county":"Fulton","score_per1000":3.6,"score_drive_per1000":4.1,"score_transit_per1000":1.0,"score_walk_per1000":0,"pop":1321,"med_hh_income":38958,"pct_no_vehicle":29.8,"pct_black":82.9,"pct_hispanic":0.2,"pct_65plus":18.6,"pct_drive":83.76,"pct_transit":16.24,"pct_walk":0,"min_drive_time":3.64,"min_walk_time":44.0,"min_transit_time":28.99},"geometry":{"type":"Polygon","coordinates":[[[-84.426132,33.77227],[-84.425357,33.76757],[-84.425766,33.766522],[-84.425019,33.765581],[-84.424395,33.763506],[-84.408884,33.763439],[-84.408812,33.767292],[-84.414525,33.76738],[-84.414497,33.77009],[-84.4174,33.77004],[-84.417385,33.771396],[-84.422108,33.771386],[-84.422108,33.773224],[-84.424223,33.773078],[-84.426132,33.77227]]]}},{"type":"Feature","properties":{"geoid":"13121002400","name":"Census Tract 24, Fulton County","county":"Fulton","score_per1000":3.4,"score_drive_per1000":4.0,"score_transit_per1000":1.0,"score_walk_per1000":0,"pop":2490,"med_hh_income":59091,"pct_no_vehicle":18.9,"pct_black":81.1,"pct_hispanic":2.1,"pct_65plus":13.9,"pct_drive":83.64,"pct_transit":9.61,"pct_walk":6.74,"min_drive_time":5.75,"min_walk_time":54.22,"min_transit_time":28.99},"geometry":{"type":"Polygon","coordinates":[[[-84.433549,33.755899],[-84.433332,33.753797],[-84.426553,33.753498],[-84.422676,33.754776],[-84.417558,33.754726],[-84.417472,33.763481],[-84.431402,33.763544],[-84.43152,33.762513],[-84.430479,33.759392],[-84.430436,33.757904],[-84.431588,33.756485],[-84.433549,33.755899]]]}},{"type":"Feature","properties":{"geoid":"13121002500","name":"Census Tract 25, Fulton County","county":"Fulton","score_per1000":3.0,"score_drive_per1000":4.1,"score_transit_per1000":1.2,"score_walk_per1000":0,"pop":3031,"med_hh_income":41116,"pct_no_vehicle":49.8,"pct_black":82.9,"pct_hispanic":5.2,"pct_65plus":13.4,"pct_drive":64.89,"pct_transit":33.87,"pct_walk":1.24,"min_drive_time":4.07,"min_walk_time":39.87,"min_transit_time":18.54},"geometry":{"type":"Polygon","coordinates":[[[-84.417472,33.763481],[-84.417558,33.754726],[-84.407868,33.754708],[-84.407765,33.763439],[-84.417472,33.763481]]]}},{"type":"Feature","properties":{"geoid":"13121002600","name":"Census Tract 26, Fulton County","county":"Fulton","score_per1000":2.9,"score_drive_per1000":4.3,"score_transit_per1000":2.1,"score_walk_per1000":0.1,"pop":865,"med_hh_income":21250,"pct_no_vehicle":50.5,"pct_black":78,"pct_hispanic":5.9,"pct_65plus":13.4,"pct_drive":58.62,"pct_transit":14.56,"pct_walk":26.82,"min_drive_time":2.74,"min_walk_time":29.19,"min_transit_time":13.26},"geometry":{"type":"Polygon","coordinates":[[[-84.407765,33.763439],[-84.407868,33.754708],[-84.402806,33.75463],[-84.402823,33.753877],[-84.398727,33.753814],[-84.397566,33.753406],[-84.397923,33.763393],[-84.407765,33.763439]]]}},{"type":"Feature","properties":{"geoid":"13121002801","name":"Census Tract 28.01, Fulton County","county":"Fulton","score_per1000":3.2,"score_drive_per1000":4.8,"score_transit_per1000":1.9,"score_walk_per1000":0.5,"pop":4087,"med_hh_income":80795,"pct_no_vehicle":13.7,"pct_black":38.2,"pct_hispanic":3.7,"pct_65plus":1.7,"pct_drive":63.38,"pct_transit":1.97,"pct_walk":34.65,"min_drive_time":1.1,"min_walk_time":12.64,"min_transit_time":12.31},"geometry":{"type":"Polygon","coordinates":[[[-84.382104,33.762232],[-84.382232,33.757102],[-84.378257,33.757732],[-84.374335,33.757692],[-84.37428,33.761393],[-84.378734,33.761377],[-84.380637,33.762159],[-84.382104,33.762232]]]}},{"type":"Feature","properties":{"geoid":"13121002802","name":"Census Tract 28.02, Fulton County","county":"Fulton","score_per1000":3.0,"score_drive_per1000":4.5,"score_transit_per1000":1.9,"score_walk_per1000":0.8,"pop":2342,"med_hh_income":14375,"pct_no_vehicle":49,"pct_black":62,"pct_hispanic":4.8,"pct_65plus":12.1,"pct_drive":55.04,"pct_transit":15.04,"pct_walk":29.92,"min_drive_time":0.89,"min_walk_time":7.41,"min_transit_time":7.41},"geometry":{"type":"Polygon","coordinates":[[[-84.384291,33.754527],[-84.374388,33.754343],[-84.374335,33.757692],[-84.378257,33.757732],[-84.382232,33.757102],[-84.382104,33.762232],[-84.384159,33.762219],[-84.384291,33.754527]]]}},{"type":"Feature","properties":{"geoid":"13121002900","name":"Census Tract 29, Fulton County","county":"Fulton","score_per1000":4.3,"score_drive_per1000":4.6,"score_transit_per1000":1.1,"score_walk_per1000":0.1,"pop":2561,"med_hh_income":109010,"pct_no_vehicle":8.3,"pct_black":25.1,"pct_hispanic":6.4,"pct_65plus":6.4,"pct_drive":93.18,"pct_transit":3.61,"pct_walk":3.21,"min_drive_time":2.18,"min_walk_time":20.54,"min_transit_time":19.11},"geometry":{"type":"Polygon","coordinates":[[[-84.37428,33.761393],[-84.374388,33.754343],[-84.365603,33.754318],[-84.364512,33.758734],[-84.363513,33.760033],[-84.361738,33.761348],[-84.37428,33.761393]]]}},{"type":"Feature","properties":{"geoid":"13121003000","name":"Census Tract 30, Fulton County","county":"Fulton","score_per1000":4.3,"score_drive_per1000":4.7,"score_transit_per1000":1.6,"score_walk_per1000":0,"pop":4303,"med_hh_income":165413,"pct_no_vehicle":5.1,"pct_black":3.4,"pct_hispanic":5.8,"pct_65plus":8.3,"pct_drive":90.13,"pct_transit":3.12,"pct_walk":6.74,"min_drive_time":3.41,"min_walk_time":34.48,"min_transit_time":23.46},"geometry":{"type":"Polygon","coordinates":[[[-84.365621,33.754248],[-84.367252,33.752376],[-84.357711,33.754364],[-84.354672,33.755668],[-84.349184,33.759745],[-84.349156,33.765466],[-84.352188,33.763114],[-84.354731,33.765072],[-84.360645,33.761526],[-84.361738,33.761348],[-84.362602,33.760754],[-84.364512,33.758734],[-84.365621,33.754248]]]}},{"type":"Feature","properties":{"geoid":"13121003100","name":"Census Tract 31, Fulton County","county":"Fulton","score_per1000":3.5,"score_drive_per1000":4.7,"score_transit_per1000":0.8,"score_walk_per1000":0,"pop":2751,"med_hh_income":145058,"pct_no_vehicle":31,"pct_black":34.8,"pct_hispanic":5,"pct_65plus":2,"pct_drive":69.34,"pct_transit":28.3,"pct_walk":2.36,"min_drive_time":3.83,"min_walk_time":39.14,"min_transit_time":33.68},"geometry":{"type":"Polygon","coordinates":[[[-84.356562,33.753775],[-84.358184,33.746598],[-84.354368,33.746551],[-84.349201,33.747627],[-84.349184,33.759745],[-84.353454,33.756571],[-84.354458,33.754998],[-84.356562,33.753775]]]}},{"type":"Feature","properties":{"geoid":"13121003200","name":"Census Tract 32, Fulton County","county":"Fulton","score_per1000":4.4,"score_drive_per1000":4.6,"score_transit_per1000":0.8,"score_walk_per1000":0,"pop":2995,"med_hh_income":124893,"pct_no_vehicle":3.2,"pct_black":14.6,"pct_hispanic":12,"pct_65plus":6.8,"pct_drive":96.21,"pct_transit":0.8,"pct_walk":2.99,"min_drive_time":2.66,"min_walk_time":30.18,"min_transit_time":28.03},"geometry":{"type":"Polygon","coordinates":[[[-84.375052,33.749761],[-84.375189,33.746818],[-84.358184,33.746598],[-84.356748,33.75345],[-84.356204,33.75413],[-84.354307,33.755127],[-84.353454,33.756571],[-84.356856,33.754615],[-84.366039,33.752706],[-84.375052,33.749761]]]}},{"type":"Feature","properties":{"geoid":"13121003500","name":"Census Tract 35, Fulton County","county":"Fulton","score_per1000":3.4,"score_drive_per1000":4.4,"score_transit_per1000":2.4,"score_walk_per1000":0.5,"pop":3186,"med_hh_income":54734,"pct_no_vehicle":34,"pct_black":67.3,"pct_hispanic":11.1,"pct_65plus":6.1,"pct_drive":58.95,"pct_transit":28.8,"pct_walk":12.25,"min_drive_time":1.24,"min_walk_time":14.08,"min_transit_time":9.33},"geometry":{"type":"Polygon","coordinates":[[[-84.400067,33.751148],[-84.402298,33.748759],[-84.399838,33.747119],[-84.397926,33.747094],[-84.397933,33.74653],[-84.397005,33.746984],[-84.375189,33.746818],[-84.375052,33.749761],[-84.377206,33.74909],[-84.380147,33.748693],[-84.383497,33.748947],[-84.384874,33.749455],[-84.391529,33.753843],[-84.39384,33.754926],[-84.393243,33.75657],[-84.394256,33.757357],[-84.393511,33.757906],[-84.394329,33.758961],[-84.394986,33.758497],[-84.397923,33.763393],[-84.39758,33.752324],[-84.398143,33.751668],[-84.400067,33.751148]]]}},{"type":"Feature","properties":{"geoid":"13121003600","name":"Census Tract 36, Fulton County","county":"Fulton","score_per1000":3.0,"score_drive_per1000":4.1,"score_transit_per1000":1.2,"score_walk_per1000":0,"pop":939,"med_hh_income":80032,"pct_no_vehicle":23,"pct_black":76,"pct_hispanic":0,"pct_65plus":13.4,"pct_drive":73.43,"pct_transit":0,"pct_walk":26.57,"min_drive_time":2.69,"min_walk_time":30.74,"min_transit_time":18.54},"geometry":{"type":"Polygon","coordinates":[[[-84.406503,33.754712],[-84.40658,33.749173],[-84.402453,33.748593],[-84.400067,33.751148],[-84.398085,33.751706],[-84.39758,33.752324],[-84.397566,33.753406],[-84.398727,33.753814],[-84.402823,33.753877],[-84.402806,33.75463],[-84.406503,33.754712]]]}},{"type":"Feature","properties":{"geoid":"13121003700","name":"Census Tract 37, Fulton County","county":"Fulton","score_per1000":null,"score_drive_per1000":null,"score_transit_per1000":1.2,"score_walk_per1000":null,"pop":231,"med_hh_income":17527,"pct_no_vehicle":69.9,"pct_black":92.2,"pct_hispanic":0,"pct_65plus":90.5,"pct_drive":73.79,"pct_transit":0,"pct_walk":26.21,"min_drive_time":null,"min_walk_time":null,"min_transit_time":22.99},"geometry":{"type":"Polygon","coordinates":[[[-84.41132,33.751263],[-84.411069,33.747144],[-84.410087,33.747019],[-84.409548,33.746478],[-84.408506,33.746687],[-84.409255,33.748055],[-84.409361,33.751267],[-84.41132,33.751263]]]}},{"type":"Feature","properties":{"geoid":"13121003800","name":"Census Tract 38, Fulton County","county":"Fulton","score_per1000":1.5,"score_drive_per1000":4.0,"score_transit_per1000":1.1,"score_walk_per1000":0,"pop":3733,"med_hh_income":0,"pct_no_vehicle":12.4,"pct_black":40,"pct_hispanic":11.6,"pct_65plus":2,"pct_drive":33.96,"pct_transit":11.47,"pct_walk":54.57,"min_drive_time":3.81,"min_walk_time":42.61,"min_transit_time":24.45},"geometry":{"type":"Polygon","coordinates":[[[-84.417558,33.754726],[-84.417563,33.746531],[-84.414743,33.74649],[-84.412819,33.747138],[-84.411069,33.747144],[-84.41132,33.751263],[-84.409361,33.751267],[-84.409255,33.748055],[-84.408506,33.746687],[-84.407512,33.746715],[-84.406571,33.746272],[-84.404534,33.748899],[-84.40658,33.749173],[-84.406503,33.754712],[-84.417558,33.754726]]]}},{"type":"Feature","properties":{"geoid":"13121003900","name":"Census Tract 39, Fulton County","county":"Fulton","score_per1000":3.1,"score_drive_per1000":4.0,"score_transit_per1000":1.1,"score_walk_per1000":0,"pop":1585,"med_hh_income":42625,"pct_no_vehicle":17.2,"pct_black":86.9,"pct_hispanic":1.6,"pct_65plus":9.3,"pct_drive":69.12,"pct_transit":30.88,"pct_walk":0,"min_drive_time":4.1,"min_walk_time":54.22,"min_transit_time":24.45},"geometry":{"type":"Polygon","coordinates":[[[-84.430007,33.747333],[-84.423291,33.747047],[-84.423308,33.745298],[-84.417548,33.745443],[-84.417558,33.754726],[-84.422676,33.754776],[-84.426026,33.753534],[-84.426748,33.751055],[-84.428136,33.749058],[-84.430007,33.747333]]]}},{"type":"Feature","properties":{"geoid":"13121004000","name":"Census Tract 40, Fulton County","county":"Fulton","score_per1000":3.3,"score_drive_per1000":4.0,"score_transit_per1000":0.5,"score_walk_per1000":0,"pop":2608,"med_hh_income":85286,"pct_no_vehicle":8.7,"pct_black":53.8,"pct_hispanic":2.4,"pct_65plus":18.8,"pct_drive":82.42,"pct_transit":9.85,"pct_walk":7.73,"min_drive_time":4.68,"min_walk_time":72.12,"min_transit_time":33.68},"geometry":{"type":"Polygon","coordinates":[[[-84.445872,33.753428],[-84.446096,33.750581],[-84.444198,33.749824],[-84.437281,33.742894],[-84.433928,33.742366],[-84.433583,33.74377],[-84.433063,33.744469],[-84.427969,33.749265],[-84.426693,33.751161],[-84.426026,33.753534],[-84.433332,33.753797],[-84.433549,33.755899],[-84.442169,33.754457],[-84.445872,33.753428]]]}},{"type":"Feature","properties":{"geoid":"13121004100","name":"Census Tract 41, Fulton County","county":"Fulton","score_per1000":3.3,"score_drive_per1000":4.0,"score_transit_per1000":1.2,"score_walk_per1000":0,"pop":2036,"med_hh_income":70731,"pct_no_vehicle":22.3,"pct_black":61.4,"pct_hispanic":9.3,"pct_65plus":9.6,"pct_drive":81.49,"pct_transit":7.95,"pct_walk":10.55,"min_drive_time":4.1,"min_walk_time":63.14,"min_transit_time":22.99},"geometry":{"type":"Polygon","coordinates":[[[-84.437281,33.742894],[-84.434335,33.740303],[-84.433738,33.739099],[-84.433143,33.739037],[-84.431945,33.738056],[-84.431032,33.73655],[-84.425907,33.733372],[-84.424008,33.732636],[-84.423482,33.733271],[-84.423291,33.747047],[-84.430007,33.747333],[-84.433063,33.744469],[-84.433583,33.74377],[-84.433928,33.742366],[-84.437281,33.742894]]]}},{"type":"Feature","properties":{"geoid":"13121004200","name":"Census Tract 42, Fulton County","county":"Fulton","score_per1000":2.4,"score_drive_per1000":4.0,"score_transit_per1000":1.7,"score_walk_per1000":0,"pop":2166,"med_hh_income":37314,"pct_no_vehicle":37.4,"pct_black":89.6,"pct_hispanic":0.2,"pct_65plus":27.9,"pct_drive":37.18,"pct_transit":52.89,"pct_walk":9.93,"min_drive_time":2.95,"min_walk_time":51.34,"min_transit_time":17.99},"geometry":{"type":"Polygon","coordinates":[[[-84.423389,33.733501],[-84.414129,33.733432],[-84.414181,33.732408],[-84.413661,33.732074],[-84.412887,33.734334],[-84.41272,33.739039],[-84.411515,33.741367],[-84.414055,33.741492],[-84.413989,33.744419],[-84.417546,33.744486],[-84.417548,33.745443],[-84.423308,33.745298],[-84.423389,33.733501]]]}},{"type":"Feature","properties":{"geoid":"13121004300","name":"Census Tract 43, Fulton County","county":"Fulton","score_per1000":2.7,"score_drive_per1000":4.1,"score_transit_per1000":1.2,"score_walk_per1000":0,"pop":2571,"med_hh_income":0,"pct_no_vehicle":21.7,"pct_black":58.7,"pct_hispanic":2.6,"pct_65plus":6.2,"pct_drive":61.98,"pct_transit":14.35,"pct_walk":23.67,"min_drive_time":2.62,"min_walk_time":39.19,"min_transit_time":22.99},"geometry":{"type":"Polygon","coordinates":[[[-84.417563,33.746531],[-84.417546,33.744486],[-84.413989,33.744419],[-84.414055,33.741492],[-84.411515,33.741367],[-84.409146,33.742953],[-84.405447,33.744175],[-84.404737,33.744735],[-84.404465,33.744353],[-84.402646,33.745108],[-84.400134,33.747298],[-84.402298,33.748759],[-84.404534,33.748899],[-84.406571,33.746272],[-84.407782,33.746757],[-84.409548,33.746478],[-84.410537,33.747139],[-84.412819,33.747138],[-84.414743,33.74649],[-84.417563,33.746531]]]}},{"type":"Feature","properties":{"geoid":"13121004400","name":"Census Tract 44, Fulton County","county":"Fulton","score_per1000":3.3,"score_drive_per1000":4.0,"score_transit_per1000":1.2,"score_walk_per1000":0,"pop":3044,"med_hh_income":31031,"pct_no_vehicle":33,"pct_black":88.4,"pct_hispanic":5.4,"pct_65plus":11.9,"pct_drive":74.72,"pct_transit":25.28,"pct_walk":0,"min_drive_time":2.53,"min_walk_time":32.73,"min_transit_time":18.48},"geometry":{"type":"Polygon","coordinates":[[[-84.407246,33.741604],[-84.406988,33.740438],[-84.406015,33.738672],[-84.402351,33.735651],[-84.401404,33.734481],[-84.398353,33.734386],[-84.397926,33.747094],[-84.400134,33.747298],[-84.402306,33.745309],[-84.405645,33.743892],[-84.406862,33.742712],[-84.407246,33.741604]]]}},{"type":"Feature","properties":{"geoid":"13121004800","name":"Census Tract 48, Fulton County","county":"Fulton","score_per1000":4.4,"score_drive_per1000":4.4,"score_transit_per1000":1.9,"score_walk_per1000":0.4,"pop":1416,"med_hh_income":17132,"pct_no_vehicle":37.5,"pct_black":76.3,"pct_hispanic":3.3,"pct_65plus":35.7,"pct_drive":100,"pct_transit":0,"pct_walk":0,"min_drive_time":1.5,"min_walk_time":14.6,"min_transit_time":13.26},"geometry":{"type":"Polygon","coordinates":[[[-84.387712,33.746906],[-84.387793,33.741886],[-84.379359,33.742414],[-84.379336,33.74397],[-84.380477,33.74401],[-84.380452,33.746876],[-84.387712,33.746906]]]}},{"type":"Feature","properties":{"geoid":"13121004900","name":"Census Tract 49, Fulton County","county":"Fulton","score_per1000":4.1,"score_drive_per1000":4.4,"score_transit_per1000":1.1,"score_walk_per1000":0.1,"pop":3356,"med_hh_income":100039,"pct_no_vehicle":10.7,"pct_black":40.1,"pct_hispanic":3.2,"pct_65plus":4.9,"pct_drive":93.85,"pct_transit":0,"pct_walk":6.15,"min_drive_time":2.11,"min_walk_time":21.31,"min_transit_time":20.73},"geometry":{"type":"Polygon","coordinates":[[[-84.387793,33.741886],[-84.387876,33.736849],[-84.373642,33.736604],[-84.373392,33.746794],[-84.380452,33.746876],[-84.380477,33.74401],[-84.379336,33.74397],[-84.379359,33.742414],[-84.387793,33.741886]]]}},{"type":"Feature","properties":{"geoid":"13121005000","name":"Census Tract 50, Fulton County","county":"Fulton","score_per1000":4.1,"score_drive_per1000":4.3,"score_transit_per1000":0.8,"score_walk_per1000":0,"pop":3942,"med_hh_income":104038,"pct_no_vehicle":3.1,"pct_black":25.7,"pct_hispanic":9,"pct_65plus":8.8,"pct_drive":95.93,"pct_transit":0.16,"pct_walk":3.91,"min_drive_time":2.82,"min_walk_time":34.75,"min_transit_time":28.03},"geometry":{"type":"Polygon","coordinates":[[[-84.373378,33.742224],[-84.373606,33.741625],[-84.369777,33.741575],[-84.369858,33.737134],[-84.3682,33.737157],[-84.368206,33.736829],[-84.359279,33.736501],[-84.358169,33.740592],[-84.358184,33.746598],[-84.373392,33.746794],[-84.373378,33.742224]]]}},{"type":"Feature","properties":{"geoid":"13121005200","name":"Census Tract 52, Fulton County","county":"Fulton","score_per1000":4.1,"score_drive_per1000":4.3,"score_transit_per1000":0.3,"score_walk_per1000":0,"pop":5198,"med_hh_income":158447,"pct_no_vehicle":6,"pct_black":20.2,"pct_hispanic":4.5,"pct_65plus":4.6,"pct_drive":95.71,"pct_transit":2.65,"pct_walk":1.63,"min_drive_time":5.23,"min_walk_time":58.13,"min_transit_time":43.54},"geometry":{"type":"Polygon","coordinates":[[[-84.362437,33.729546],[-84.363804,33.728295],[-84.363221,33.727464],[-84.354101,33.726188],[-84.352455,33.724859],[-84.349438,33.723998],[-84.349201,33.747627],[-84.354105,33.746579],[-84.358184,33.746598],[-84.358157,33.740707],[-84.358654,33.738336],[-84.361268,33.731257],[-84.362437,33.729546]]]}},{"type":"Feature","properties":{"geoid":"13121005300","name":"Census Tract 53, Fulton County","county":"Fulton","score_per1000":4.1,"score_drive_per1000":4.3,"score_transit_per1000":0.5,"score_walk_per1000":0,"pop":3917,"med_hh_income":162665,"pct_no_vehicle":2.6,"pct_black":18.2,"pct_hispanic":6.4,"pct_65plus":7.6,"pct_drive":95.51,"pct_transit":3.77,"pct_walk":0.72,"min_drive_time":3.86,"min_walk_time":44.35,"min_transit_time":33.68},"geometry":{"type":"Polygon","coordinates":[[[-84.379868,33.736743],[-84.379965,33.730341],[-84.378516,33.730329],[-84.378589,33.724287],[-84.373956,33.724482],[-84.366244,33.726942],[-84.363246,33.728717],[-84.361268,33.731257],[-84.359279,33.736501],[-84.368206,33.736829],[-84.3682,33.737157],[-84.369858,33.737134],[-84.369777,33.741575],[-84.373606,33.741625],[-84.373642,33.736604],[-84.379868,33.736743]]]}},{"type":"Feature","properties":{"geoid":"13121005501","name":"Census Tract 55.01, Fulton County","county":"Fulton","score_per1000":3.7,"score_drive_per1000":4.0,"score_transit_per1000":0.5,"score_walk_per1000":0,"pop":3279,"med_hh_income":52478,"pct_no_vehicle":14.6,"pct_black":59.1,"pct_hispanic":3,"pct_65plus":2.4,"pct_drive":91.98,"pct_transit":8.02,"pct_walk":0,"min_drive_time":3.61,"min_walk_time":39.39,"min_transit_time":37.26},"geometry":{"type":"Polygon","coordinates":[[[-84.387876,33.736849],[-84.388066,33.721835],[-84.382699,33.724098],[-84.378589,33.724287],[-84.378516,33.730329],[-84.379965,33.730341],[-84.379868,33.736743],[-84.387876,33.736849]]]}},{"type":"Feature","properties":{"geoid":"13121005503","name":"Census Tract 55.03, Fulton County","county":"Fulton","score_per1000":3.6,"score_drive_per1000":4.0,"score_transit_per1000":0.5,"score_walk_per1000":0,"pop":1582,"med_hh_income":20341,"pct_no_vehicle":45.8,"pct_black":89.1,"pct_hispanic":5.8,"pct_65plus":11.7,"pct_drive":90.91,"pct_transit":9.09,"pct_walk":0,"min_drive_time":4.04,"min_walk_time":64.03,"min_transit_time":32.65},"geometry":{"type":"Polygon","coordinates":[[[-84.393423,33.717696],[-84.393519,33.708759],[-84.392717,33.708144],[-84.39101,33.70583],[-84.389928,33.705338],[-84.388136,33.705139],[-84.387919,33.707126],[-84.388312,33.708911],[-84.388223,33.714546],[-84.389162,33.714604],[-84.389146,33.716631],[-84.390807,33.716668],[-84.390881,33.717703],[-84.393423,33.717696]]]}},{"type":"Feature","properties":{"geoid":"13121005504","name":"Census Tract 55.04, Fulton County","county":"Fulton","score_per1000":3.9,"score_drive_per1000":4.0,"score_transit_per1000":0.5,"score_walk_per1000":0,"pop":1240,"med_hh_income":66250,"pct_no_vehicle":12.9,"pct_black":73.1,"pct_hispanic":0,"pct_65plus":13.5,"pct_drive":97.8,"pct_transit":1.97,"pct_walk":0.23,"min_drive_time":3.39,"min_walk_time":51.54,"min_transit_time":38.48},"geometry":{"type":"Polygon","coordinates":[[[-84.393403,33.719469],[-84.393423,33.717696],[-84.390881,33.717703],[-84.390807,33.716668],[-84.389146,33.716631],[-84.389162,33.714604],[-84.388223,33.714546],[-84.388256,33.712733],[-84.385421,33.712737],[-84.382673,33.713298],[-84.382974,33.714227],[-84.379399,33.714922],[-84.380606,33.717496],[-84.378482,33.716903],[-84.378814,33.71741],[-84.378589,33.724287],[-84.382018,33.724224],[-84.383787,33.723774],[-84.39015,33.720634],[-84.393403,33.719469]]]}},{"type":"Feature","properties":{"geoid":"13121005700","name":"Census Tract 57, Fulton County","county":"Fulton","score_per1000":3.5,"score_drive_per1000":4.0,"score_transit_per1000":0.5,"score_walk_per1000":0,"pop":1638,"med_hh_income":46582,"pct_no_vehicle":15.9,"pct_black":88.6,"pct_hispanic":0.5,"pct_65plus":13.7,"pct_drive":85.82,"pct_transit":14.18,"pct_walk":0,"min_drive_time":3.49,"min_walk_time":46.64,"min_transit_time":34.99},"geometry":{"type":"Polygon","coordinates":[[[-84.408188,33.738205],[-84.407976,33.728149],[-84.403185,33.728114],[-84.403186,33.729315],[-84.399218,33.729309],[-84.399236,33.726892],[-84.398417,33.726893],[-84.398421,33.726582],[-84.394413,33.726337],[-84.397471,33.728599],[-84.400009,33.731608],[-84.401404,33.734481],[-84.402842,33.736075],[-84.405509,33.738179],[-84.408188,33.738205]]]}},{"type":"Feature","properties":{"geoid":"13121005800","name":"Census Tract 58, Fulton County","county":"Fulton","score_per1000":3.8,"score_drive_per1000":4.0,"score_transit_per1000":0.8,"score_walk_per1000":0,"pop":1733,"med_hh_income":40859,"pct_no_vehicle":16.9,"pct_black":47.1,"pct_hispanic":10.7,"pct_65plus":14.3,"pct_drive":93.78,"pct_transit":6.22,"pct_walk":0,"min_drive_time":3.54,"min_walk_time":52.25,"min_transit_time":28.99},"geometry":{"type":"Polygon","coordinates":[[[-84.416877,33.728025],[-84.413691,33.72574],[-84.411167,33.721661],[-84.40932,33.720706],[-84.407862,33.720439],[-84.408188,33.738205],[-84.405509,33.738179],[-84.406502,33.739378],[-84.407246,33.741604],[-84.406395,33.743239],[-84.404465,33.744353],[-84.404737,33.744735],[-84.405447,33.744175],[-84.40984,33.742629],[-84.411836,33.740981],[-84.412787,33.7387],[-84.412847,33.73479],[-84.413238,33.732991],[-84.413661,33.732074],[-84.416877,33.728025]]]}},{"type":"Feature","properties":{"geoid":"13121006000","name":"Census Tract 60, Fulton County","county":"Fulton","score_per1000":3.7,"score_drive_per1000":4.0,"score_transit_per1000":0.5,"score_walk_per1000":0,"pop":3226,"med_hh_income":64500,"pct_no_vehicle":7.1,"pct_black":75.6,"pct_hispanic":5.5,"pct_65plus":12.5,"pct_drive":92.82,"pct_transit":7.18,"pct_walk":0,"min_drive_time":5.09,"min_walk_time":75.49,"min_transit_time":38.99},"geometry":{"type":"Polygon","coordinates":[[[-84.446609,33.738805],[-84.447501,33.733703],[-84.427146,33.733179],[-84.424777,33.731731],[-84.424008,33.732636],[-84.426771,33.733807],[-84.431032,33.73655],[-84.431945,33.738056],[-84.433143,33.739037],[-84.433738,33.739099],[-84.434335,33.740303],[-84.440346,33.745895],[-84.440441,33.744012],[-84.446524,33.744058],[-84.446609,33.738805]]]}},{"type":"Feature","properties":{"geoid":"13121006100","name":"Census Tract 61, Fulton County","county":"Fulton","score_per1000":3.2,"score_drive_per1000":3.7,"score_transit_per1000":0.5,"score_walk_per1000":0,"pop":3361,"med_hh_income":51848,"pct_no_vehicle":5.8,"pct_black":64.4,"pct_hispanic":2.7,"pct_65plus":14.8,"pct_drive":84.39,"pct_transit":15.61,"pct_walk":0,"min_drive_time":5.94,"min_walk_time":85.05,"min_transit_time":38.99},"geometry":{"type":"Polygon","coordinates":[[[-84.450425,33.72352],[-84.449177,33.722564],[-84.427431,33.722264],[-84.427221,33.730728],[-84.425643,33.73072],[-84.424777,33.731731],[-84.427146,33.733179],[-84.445122,33.733693],[-84.445129,33.730892],[-84.446349,33.730874],[-84.446358,33.72915],[-84.443539,33.727703],[-84.445115,33.726648],[-84.446538,33.72652],[-84.449498,33.725401],[-84.450425,33.72352]]]}},{"type":"Feature","properties":{"geoid":"13121006200","name":"Census Tract 62, Fulton County","county":"Fulton","score_per1000":3.1,"score_drive_per1000":4.0,"score_transit_per1000":0.8,"score_walk_per1000":0,"pop":1489,"med_hh_income":104694,"pct_no_vehicle":24.5,"pct_black":54.3,"pct_hispanic":6.4,"pct_65plus":6.2,"pct_drive":72.82,"pct_transit":27.18,"pct_walk":0,"min_drive_time":4.51,"min_walk_time":66.86,"min_transit_time":28.99},"geometry":{"type":"Polygon","coordinates":[[[-84.427221,33.730728],[-84.427431,33.722264],[-84.423014,33.722281],[-84.417506,33.727294],[-84.41438,33.73114],[-84.413661,33.732074],[-84.414181,33.732408],[-84.414129,33.733432],[-84.423429,33.733375],[-84.425643,33.73072],[-84.427221,33.730728]]]}},{"type":"Feature","properties":{"geoid":"13121006300","name":"Census Tract 63, Fulton County","county":"Fulton","score_per1000":2.9,"score_drive_per1000":4.0,"score_transit_per1000":0.5,"score_walk_per1000":0,"pop":2080,"med_hh_income":50645,"pct_no_vehicle":19.3,"pct_black":80.5,"pct_hispanic":0,"pct_65plus":8.1,"pct_drive":69.35,"pct_transit":30.65,"pct_walk":0,"min_drive_time":3.25,"min_walk_time":56.19,"min_transit_time":32.65},"geometry":{"type":"Polygon","coordinates":[[[-84.407976,33.728149],[-84.407862,33.720439],[-84.398789,33.720106],[-84.394164,33.719345],[-84.391241,33.720199],[-84.38808,33.721603],[-84.388066,33.721835],[-84.389514,33.722392],[-84.394408,33.726581],[-84.394413,33.726337],[-84.39583,33.726344],[-84.395829,33.726572],[-84.398421,33.726582],[-84.398417,33.726893],[-84.399236,33.726892],[-84.399218,33.729309],[-84.403186,33.729315],[-84.403185,33.728114],[-84.407976,33.728149]]]}},{"type":"Feature","properties":{"geoid":"13121006400","name":"Census Tract 64, Fulton County","county":"Fulton","score_per1000":3.8,"score_drive_per1000":4.0,"score_transit_per1000":0.5,"score_walk_per1000":0,"pop":872,"med_hh_income":78659,"pct_no_vehicle":4,"pct_black":25.7,"pct_hispanic":20.9,"pct_65plus":6.2,"pct_drive":94.66,"pct_transit":3.75,"pct_walk":1.59,"min_drive_time":4.57,"min_walk_time":59.92,"min_transit_time":38.48},"geometry":{"type":"Polygon","coordinates":[[[-84.379688,33.717341],[-84.376611,33.711784],[-84.37537,33.710636],[-84.373785,33.709956],[-84.373643,33.713977],[-84.368613,33.713823],[-84.368425,33.726253],[-84.374487,33.724373],[-84.378589,33.724287],[-84.378814,33.71741],[-84.378482,33.716903],[-84.379688,33.717341]]]}},{"type":"Feature","properties":{"geoid":"13121006500","name":"Census Tract 65, Fulton County","county":"Fulton","score_per1000":3.4,"score_drive_per1000":4.0,"score_transit_per1000":0.5,"score_walk_per1000":0,"pop":3760,"med_hh_income":77201,"pct_no_vehicle":5.9,"pct_black":71.2,"pct_hispanic":2.7,"pct_65plus":16.4,"pct_drive":83.93,"pct_transit":14.11,"pct_walk":1.96,"min_drive_time":4.61,"min_walk_time":76.29,"min_transit_time":34.99},"geometry":{"type":"Polygon","coordinates":[[[-84.418297,33.72656],[-84.417976,33.726314],[-84.417968,33.724458],[-84.418256,33.702723],[-84.415631,33.702703],[-84.413642,33.703368],[-84.413192,33.702496],[-84.411949,33.702232],[-84.411634,33.703729],[-84.412245,33.704973],[-84.41077,33.705208],[-84.409704,33.705765],[-84.408795,33.705852],[-84.408042,33.705379],[-84.408018,33.707275],[-84.406194,33.707264],[-84.406176,33.706266],[-84.403762,33.704141],[-84.403055,33.707094],[-84.401245,33.711715],[-84.399049,33.714568],[-84.397861,33.717501],[-84.396492,33.719614],[-84.398789,33.720106],[-84.40932,33.720706],[-84.411255,33.721746],[-84.413421,33.725408],[-84.414734,33.726703],[-84.416927,33.727967],[-84.418297,33.72656]]]}},{"type":"Feature","properties":{"geoid":"13121006601","name":"Census Tract 66.01, Fulton County","county":"Fulton","score_per1000":3.4,"score_drive_per1000":3.7,"score_transit_per1000":0.8,"score_walk_per1000":0,"pop":1656,"med_hh_income":47237,"pct_no_vehicle":23.8,"pct_black":59.1,"pct_hispanic":5.5,"pct_65plus":14.6,"pct_drive":88.36,"pct_transit":11.64,"pct_walk":0,"min_drive_time":5.88,"min_walk_time":86.36,"min_transit_time":28.99},"geometry":{"type":"Polygon","coordinates":[[[-84.429101,33.701628],[-84.427785,33.701385],[-84.418275,33.701421],[-84.417968,33.724458],[-84.417976,33.726314],[-84.418297,33.72656],[-84.422708,33.722636],[-84.423913,33.720814],[-84.427252,33.711058],[-84.429101,33.701628]]]}},{"type":"Feature","properties":{"geoid":"13121006602","name":"Census Tract 66.02, Fulton County","county":"Fulton","score_per1000":2.8,"score_drive_per1000":3.7,"score_transit_per1000":1.2,"score_walk_per1000":0,"pop":913,"med_hh_income":0,"pct_no_vehicle":18.9,"pct_black":85.2,"pct_hispanic":6.8,"pct_65plus":13.4,"pct_drive":64.86,"pct_transit":35.14,"pct_walk":0,"min_drive_time":5.47,"min_walk_time":80.94,"min_transit_time":22.99},"geometry":{"type":"Polygon","coordinates":[[[-84.432511,33.715148],[-84.433849,33.714591],[-84.426059,33.714637],[-84.424034,33.720519],[-84.423014,33.722281],[-84.432529,33.722409],[-84.432795,33.715817],[-84.432511,33.715148]]]}},{"type":"Feature","properties":{"geoid":"13121006701","name":"Census Tract 67.01, Fulton County","county":"Fulton","score_per1000":3.3,"score_drive_per1000":4.0,"score_transit_per1000":0.5,"score_walk_per1000":0,"pop":3341,"med_hh_income":65591,"pct_no_vehicle":10.1,"pct_black":91.9,"pct_hispanic":3.6,"pct_65plus":4.2,"pct_drive":79.44,"pct_transit":20.56,"pct_walk":0,"min_drive_time":4.23,"min_walk_time":66.76,"min_transit_time":32.65},"geometry":{"type":"Polygon","coordinates":[[[-84.401102,33.712016],[-84.403542,33.705241],[-84.398873,33.705178],[-84.398673,33.706013],[-84.397884,33.706832],[-84.394434,33.708632],[-84.393519,33.708759],[-84.393403,33.719469],[-84.395155,33.719346],[-84.396492,33.719614],[-84.397162,33.718737],[-84.398971,33.714701],[-84.401102,33.712016]]]}},{"type":"Feature","properties":{"geoid":"13121006702","name":"Census Tract 67.02, Fulton County","county":"Fulton","score_per1000":3.1,"score_drive_per1000":4.0,"score_transit_per1000":0.5,"score_walk_per1000":0,"pop":1663,"med_hh_income":48125,"pct_no_vehicle":26.7,"pct_black":85.7,"pct_hispanic":2.5,"pct_65plus":13.5,"pct_drive":75.48,"pct_transit":24.52,"pct_walk":0,"min_drive_time":4.85,"min_walk_time":73.39,"min_transit_time":38.48},"geometry":{"type":"Polygon","coordinates":[[[-84.403542,33.705241],[-84.404656,33.697126],[-84.401318,33.698004],[-84.393302,33.698515],[-84.391193,33.699875],[-84.386731,33.701158],[-84.380332,33.70506],[-84.378456,33.70512],[-84.374727,33.708134],[-84.373785,33.709956],[-84.376226,33.711333],[-84.378632,33.715747],[-84.379884,33.717374],[-84.380606,33.717496],[-84.379399,33.714922],[-84.382974,33.714227],[-84.382673,33.713298],[-84.385421,33.712737],[-84.388256,33.712733],[-84.388312,33.708911],[-84.387919,33.707126],[-84.388136,33.705139],[-84.390811,33.705693],[-84.393093,33.708558],[-84.393756,33.708765],[-84.398107,33.70668],[-84.398673,33.706013],[-84.398873,33.705178],[-84.403542,33.705241]]]}},{"type":"Feature","properties":{"geoid":"13121006801","name":"Census Tract 68.01, Fulton County","county":"Fulton","score_per1000":0.4,"score_drive_per1000":4.0,"score_transit_per1000":0.5,"score_walk_per1000":0,"pop":1781,"med_hh_income":0,"pct_no_vehicle":0,"pct_black":50.3,"pct_hispanic":28.1,"pct_65plus":4.4,"pct_drive":0,"pct_transit":75.0,"pct_walk":25.0,"min_drive_time":4.79,"min_walk_time":67.93,"min_transit_time":38.48},"geometry":{"type":"Polygon","coordinates":[[[-84.373643,33.713977],[-84.373785,33.709956],[-84.370178,33.708643],[-84.368931,33.707793],[-84.368036,33.706811],[-84.366919,33.704707],[-84.364617,33.70711],[-84.36064,33.709784],[-84.365382,33.712744],[-84.368807,33.713843],[-84.373643,33.713977]]]}},{"type":"Feature","properties":{"geoid":"13121006802","name":"Census Tract 68.02, Fulton County","county":"Fulton","score_per1000":3.2,"score_drive_per1000":3.8,"score_transit_per1000":0.3,"score_walk_per1000":0,"pop":834,"med_hh_income":0,"pct_no_vehicle":68.3,"pct_black":88.4,"pct_hispanic":0,"pct_65plus":10.9,"pct_drive":83.32,"pct_transit":16.68,"pct_walk":0,"min_drive_time":6.53,"min_walk_time":87.35,"min_transit_time":43.63},"geometry":{"type":"Polygon","coordinates":[[[-84.366919,33.704707],[-84.366084,33.703569],[-84.363854,33.701816],[-84.359854,33.697781],[-84.358837,33.698387],[-84.358889,33.700316],[-84.357648,33.702655],[-84.356719,33.703435],[-84.35578,33.703622],[-84.355316,33.705348],[-84.36064,33.709784],[-84.364617,33.70711],[-84.366919,33.704707]]]}},{"type":"Feature","properties":{"geoid":"13121006900","name":"Census Tract 69, Fulton County","county":"Fulton","score_per1000":3.5,"score_drive_per1000":3.8,"score_transit_per1000":0.5,"score_walk_per1000":0,"pop":3681,"med_hh_income":160051,"pct_no_vehicle":6.2,"pct_black":34.3,"pct_hispanic":12.3,"pct_65plus":5.1,"pct_drive":91.52,"pct_transit":7.88,"pct_walk":0.61,"min_drive_time":6.25,"min_walk_time":77.46,"min_transit_time":33.68},"geometry":{"type":"Polygon","coordinates":[[[-84.368595,33.7139],[-84.364837,33.712463],[-84.359511,33.708959],[-84.354257,33.708914],[-84.349515,33.709272],[-84.349438,33.723998],[-84.352455,33.724859],[-84.353975,33.726156],[-84.363221,33.727464],[-84.363804,33.728295],[-84.365724,33.727156],[-84.368425,33.726253],[-84.368595,33.7139]]]}},{"type":"Feature","properties":{"geoid":"13121007001","name":"Census Tract 70.01, Fulton County","county":"Fulton","score_per1000":3.3,"score_drive_per1000":3.5,"score_transit_per1000":0.1,"score_walk_per1000":0,"pop":3729,"med_hh_income":56036,"pct_no_vehicle":23.8,"pct_black":85.2,"pct_hispanic":5,"pct_65plus":16.3,"pct_drive":91.93,"pct_transit":5.48,"pct_walk":2.59,"min_drive_time":8.09,"min_walk_time":109.29,"min_transit_time":48.48},"geometry":{"type":"Polygon","coordinates":[[[-84.404656,33.697126],[-84.404279,33.694557],[-84.399134,33.687616],[-84.398708,33.685981],[-84.398409,33.68112],[-84.384328,33.681045],[-84.384179,33.682003],[-84.382392,33.683479],[-84.379796,33.684478],[-84.378301,33.687234],[-84.376925,33.688436],[-84.376148,33.688808],[-84.373928,33.688834],[-84.37386,33.69691],[-84.380361,33.696965],[-84.380342,33.698005],[-84.381489,33.698005],[-84.381458,33.702103],[-84.384003,33.702398],[-84.386731,33.701158],[-84.391193,33.699875],[-84.393302,33.698515],[-84.40165,33.697951],[-84.404656,33.697126]]]}},{"type":"Feature","properties":{"geoid":"13121007002","name":"Census Tract 70.02, Fulton County","county":"Fulton","score_per1000":3.7,"score_drive_per1000":3.8,"score_transit_per1000":0.5,"score_walk_per1000":0,"pop":3245,"med_hh_income":58320,"pct_no_vehicle":10.4,"pct_black":75.9,"pct_hispanic":9.6,"pct_65plus":14.5,"pct_drive":97.89,"pct_transit":2.11,"pct_walk":0,"min_drive_time":6.1,"min_walk_time":91.96,"min_transit_time":38.48},"geometry":{"type":"Polygon","coordinates":[[[-84.385519,33.701875],[-84.384003,33.702398],[-84.381458,33.702103],[-84.381489,33.698005],[-84.380342,33.698005],[-84.380361,33.696965],[-84.37386,33.69691],[-84.373928,33.688834],[-84.376148,33.688808],[-84.377147,33.688266],[-84.373207,33.68531],[-84.37073,33.684041],[-84.364499,33.681963],[-84.358752,33.679124],[-84.356223,33.679114],[-84.353831,33.680315],[-84.352544,33.680437],[-84.352558,33.683008],[-84.352898,33.684224],[-84.352291,33.684899],[-84.352574,33.686224],[-84.356261,33.689483],[-84.360361,33.691051],[-84.360469,33.691655],[-84.361667,33.692629],[-84.362544,33.693855],[-84.365374,33.696118],[-84.365779,33.69704],[-84.365217,33.697747],[-84.364997,33.699238],[-84.361817,33.699241],[-84.360632,33.697908],[-84.360266,33.696919],[-84.359854,33.697781],[-84.363854,33.701816],[-84.366084,33.703569],[-84.368228,33.707076],[-84.36999,33.708554],[-84.373785,33.709956],[-84.374727,33.708134],[-84.378456,33.70512],[-84.380332,33.70506],[-84.385519,33.701875]]]}},{"type":"Feature","properties":{"geoid":"13121007100","name":"Census Tract 71, Fulton County","county":"Fulton","score_per1000":3.2,"score_drive_per1000":3.8,"score_transit_per1000":0.3,"score_walk_per1000":0,"pop":2192,"med_hh_income":36635,"pct_no_vehicle":16.3,"pct_black":82.4,"pct_hispanic":4.9,"pct_65plus":19.5,"pct_drive":83.28,"pct_transit":16.72,"pct_walk":0,"min_drive_time":7.78,"min_walk_time":100.93,"min_transit_time":43.63},"geometry":{"type":"Polygon","coordinates":[[[-84.365779,33.69704],[-84.365308,33.696047],[-84.362544,33.693855],[-84.361667,33.692629],[-84.360469,33.691655],[-84.360361,33.691051],[-84.356261,33.689483],[-84.352633,33.6863],[-84.352291,33.684899],[-84.352898,33.684224],[-84.352558,33.683008],[-84.352544,33.680437],[-84.349418,33.680352],[-84.349228,33.689913],[-84.349614,33.697203],[-84.349515,33.709272],[-84.354257,33.708914],[-84.359511,33.708959],[-84.355316,33.705348],[-84.35578,33.703622],[-84.356719,33.703435],[-84.357648,33.702655],[-84.358889,33.700316],[-84.358837,33.698387],[-84.359681,33.698042],[-84.360132,33.696917],[-84.361817,33.699241],[-84.364997,33.699238],[-84.365217,33.697747],[-84.365779,33.69704]]]}},{"type":"Feature","properties":{"geoid":"13121007200","name":"Census Tract 72, Fulton County","county":"Fulton","score_per1000":2.7,"score_drive_per1000":2.8,"score_transit_per1000":0,"score_walk_per1000":0,"pop":1817,"med_hh_income":63507,"pct_no_vehicle":3.1,"pct_black":84.4,"pct_hispanic":10.6,"pct_65plus":29.2,"pct_drive":95.12,"pct_transit":4.88,"pct_walk":0,"min_drive_time":9.63,"min_walk_time":140.46,"min_transit_time":64.99},"geometry":{"type":"Polygon","coordinates":[[[-84.397431,33.648215],[-84.350228,33.647914],[-84.349418,33.680352],[-84.353425,33.680432],[-84.356223,33.679114],[-84.360671,33.67905],[-84.362333,33.678095],[-84.363637,33.677923],[-84.366496,33.676483],[-84.366987,33.6751],[-84.366535,33.674115],[-84.36557,33.673634],[-84.365295,33.672519],[-84.364929,33.672202],[-84.36498,33.67026],[-84.364525,33.667294],[-84.365006,33.666651],[-84.364816,33.665691],[-84.366116,33.665144],[-84.36739,33.665054],[-84.367688,33.664689],[-84.367581,33.663503],[-84.367146,33.663324],[-84.367076,33.662706],[-84.366743,33.662557],[-84.366463,33.661702],[-84.366842,33.661391],[-84.366435,33.660897],[-84.369035,33.656352],[-84.369259,33.65625],[-84.371885,33.660184],[-84.373253,33.661715],[-84.373762,33.663739],[-84.377429,33.66363],[-84.380199,33.664972],[-84.381505,33.664208],[-84.385343,33.66019],[-84.389833,33.657848],[-84.392345,33.65543],[-84.393337,33.652993],[-84.394265,33.651868],[-84.395847,33.652799],[-84.397431,33.648215]]]}},{"type":"Feature","properties":{"geoid":"13121007301","name":"Census Tract 73.01, Fulton County","county":"Fulton","score_per1000":3.4,"score_drive_per1000":3.9,"score_transit_per1000":0.1,"score_walk_per1000":0,"pop":4221,"med_hh_income":50728,"pct_no_vehicle":10.7,"pct_black":86,"pct_hispanic":0,"pct_65plus":9.6,"pct_drive":87.62,"pct_transit":12.38,"pct_walk":0,"min_drive_time":7.52,"min_walk_time":136.43,"min_transit_time":58.99},"geometry":{"type":"Polygon","coordinates":[[[-84.398379,33.681125],[-84.397528,33.6756],[-84.397554,33.668821],[-84.395176,33.662253],[-84.394707,33.659573],[-84.394846,33.656441],[-84.395847,33.652799],[-84.394265,33.651868],[-84.393337,33.652993],[-84.392345,33.65543],[-84.389833,33.657848],[-84.385343,33.66019],[-84.381505,33.664208],[-84.380199,33.664972],[-84.380285,33.667203],[-84.379697,33.66861],[-84.380135,33.669408],[-84.382493,33.671605],[-84.382498,33.672639],[-84.383556,33.673677],[-84.384193,33.675788],[-84.384328,33.681045],[-84.398379,33.681125]]]}},{"type":"Feature","properties":{"geoid":"13121007302","name":"Census Tract 73.02, Fulton County","county":"Fulton","score_per1000":2.7,"score_drive_per1000":2.9,"score_transit_per1000":0.5,"score_walk_per1000":0,"pop":3106,"med_hh_income":0,"pct_no_vehicle":31.7,"pct_black":97.6,"pct_hispanic":0,"pct_65plus":16,"pct_drive":92.72,"pct_transit":7.28,"pct_walk":0,"min_drive_time":9.71,"min_walk_time":129.52,"min_transit_time":38.48},"geometry":{"type":"Polygon","coordinates":[[[-84.384179,33.682003],[-84.384193,33.675788],[-84.383556,33.673677],[-84.382498,33.672639],[-84.382493,33.671605],[-84.379709,33.668695],[-84.380285,33.667203],[-84.380222,33.664834],[-84.377429,33.66363],[-84.373762,33.663739],[-84.373253,33.661715],[-84.371885,33.660184],[-84.369259,33.65625],[-84.369035,33.656352],[-84.366435,33.660897],[-84.366842,33.661391],[-84.366463,33.661702],[-84.366743,33.662557],[-84.367076,33.662706],[-84.367146,33.663324],[-84.367581,33.663503],[-84.367688,33.664689],[-84.36739,33.665054],[-84.366116,33.665144],[-84.364816,33.665691],[-84.365006,33.666651],[-84.364525,33.667294],[-84.36498,33.67026],[-84.364929,33.672202],[-84.365625,33.673711],[-84.366535,33.674115],[-84.366956,33.675014],[-84.366632,33.676238],[-84.363931,33.677809],[-84.362333,33.678095],[-84.360671,33.67905],[-84.359064,33.679212],[-84.364499,33.681963],[-84.372125,33.684719],[-84.377147,33.688266],[-84.378301,33.687234],[-84.379796,33.684478],[-84.382392,33.683479],[-84.384179,33.682003]]]}},{"type":"Feature","properties":{"geoid":"13121007400","name":"Census Tract 74, Fulton County","county":"Fulton","score_per1000":3.4,"score_drive_per1000":3.9,"score_transit_per1000":0.5,"score_walk_per1000":0,"pop":2808,"med_hh_income":38098,"pct_no_vehicle":35.3,"pct_black":68.1,"pct_hispanic":19.4,"pct_65plus":30.4,"pct_drive":86.12,"pct_transit":13.88,"pct_walk":0,"min_drive_time":6.29,"min_walk_time":119.16,"min_transit_time":34.99},"geometry":{"type":"Polygon","coordinates":[[[-84.418231,33.676914],[-84.418331,33.673114],[-84.397527,33.672931],[-84.397528,33.6756],[-84.398623,33.682369],[-84.398699,33.685872],[-84.402668,33.686462],[-84.408351,33.684713],[-84.412602,33.684435],[-84.412854,33.684746],[-84.413606,33.684744],[-84.414063,33.684134],[-84.414959,33.683873],[-84.416831,33.684214],[-84.416942,33.681377],[-84.415133,33.68135],[-84.415124,33.678779],[-84.415532,33.677514],[-84.417231,33.677414],[-84.417231,33.677014],[-84.418231,33.676914]]]}},{"type":"Feature","properties":{"geoid":"13121007500","name":"Census Tract 75, Fulton County","county":"Fulton","score_per1000":3.3,"score_drive_per1000":4.1,"score_transit_per1000":0.5,"score_walk_per1000":0,"pop":3116,"med_hh_income":26212,"pct_no_vehicle":35.2,"pct_black":82.2,"pct_hispanic":6.4,"pct_65plus":19.4,"pct_drive":78.91,"pct_transit":21.09,"pct_walk":0,"min_drive_time":4.92,"min_walk_time":99.31,"min_transit_time":38.99},"geometry":{"type":"Polygon","coordinates":[[[-84.429113,33.701541],[-84.429589,33.697547],[-84.425499,33.697235],[-84.415423,33.697195],[-84.415549,33.692227],[-84.416866,33.69219],[-84.416831,33.684214],[-84.416343,33.684214],[-84.416219,33.683912],[-84.414425,33.683923],[-84.41347,33.684759],[-84.412854,33.684746],[-84.412602,33.684435],[-84.408351,33.684713],[-84.402668,33.686462],[-84.398699,33.685872],[-84.399338,33.687993],[-84.403556,33.693437],[-84.404633,33.695332],[-84.404745,33.696622],[-84.403974,33.700765],[-84.403762,33.704141],[-84.406176,33.706266],[-84.406194,33.707264],[-84.408018,33.707275],[-84.408042,33.705379],[-84.408795,33.705852],[-84.409704,33.705765],[-84.41077,33.705208],[-84.412245,33.704973],[-84.411634,33.703729],[-84.411949,33.702232],[-84.413192,33.702496],[-84.413642,33.703368],[-84.415631,33.702703],[-84.418256,33.702723],[-84.418275,33.701421],[-84.429113,33.701541]]]}},{"type":"Feature","properties":{"geoid":"13121007602","name":"Census Tract 76.02, Fulton County","county":"Fulton","score_per1000":2.3,"score_drive_per1000":2.9,"score_transit_per1000":0.1,"score_walk_per1000":0,"pop":2536,"med_hh_income":51201,"pct_no_vehicle":26.5,"pct_black":90.3,"pct_hispanic":3.8,"pct_65plus":24.6,"pct_drive":80.36,"pct_transit":19.64,"pct_walk":0,"min_drive_time":8.75,"min_walk_time":122.78,"min_transit_time":45.64},"geometry":{"type":"Polygon","coordinates":[[[-84.476874,33.705066],[-84.476202,33.703363],[-84.476163,33.702361],[-84.474284,33.702708],[-84.469666,33.702616],[-84.466322,33.703953],[-84.463281,33.704534],[-84.458342,33.706094],[-84.448843,33.709819],[-84.446625,33.711035],[-84.441447,33.711962],[-84.434026,33.714531],[-84.453521,33.714788],[-84.461569,33.715456],[-84.46714,33.719364],[-84.469216,33.719251],[-84.469219,33.720645],[-84.471548,33.720167],[-84.471622,33.717498],[-84.474531,33.712586],[-84.474585,33.707559],[-84.474843,33.707215],[-84.476736,33.706678],[-84.476874,33.705066]]]}},{"type":"Feature","properties":{"geoid":"13121007603","name":"Census Tract 76.03, Fulton County","county":"Fulton","score_per1000":2.4,"score_drive_per1000":2.9,"score_transit_per1000":0.1,"score_walk_per1000":0,"pop":2835,"med_hh_income":23750,"pct_no_vehicle":32.1,"pct_black":85.4,"pct_hispanic":2.5,"pct_65plus":43,"pct_drive":82.7,"pct_transit":17.3,"pct_walk":0,"min_drive_time":9.54,"min_walk_time":117.57,"min_transit_time":45.64},"geometry":{"type":"Polygon","coordinates":[[[-84.457243,33.706524],[-84.457346,33.699186],[-84.454218,33.699249],[-84.449693,33.698126],[-84.449453,33.705636],[-84.442932,33.705713],[-84.443045,33.701116],[-84.437901,33.701023],[-84.437916,33.699923],[-84.429298,33.699802],[-84.427368,33.710589],[-84.426059,33.714637],[-84.433849,33.714591],[-84.441447,33.711962],[-84.446625,33.711035],[-84.448843,33.709819],[-84.457243,33.706524]]]}},{"type":"Feature","properties":{"geoid":"13121007604","name":"Census Tract 76.04, Fulton County","county":"Fulton","score_per1000":2.1,"score_drive_per1000":2.9,"score_transit_per1000":0.5,"score_walk_per1000":0,"pop":4329,"med_hh_income":31302,"pct_no_vehicle":22,"pct_black":93.9,"pct_hispanic":1.9,"pct_65plus":6.2,"pct_drive":68.96,"pct_transit":26.84,"pct_walk":4.2,"min_drive_time":9.48,"min_walk_time":133.19,"min_transit_time":34.99},"geometry":{"type":"Polygon","coordinates":[[[-84.476163,33.702361],[-84.475967,33.70162],[-84.475143,33.700695],[-84.474858,33.697771],[-84.460688,33.697678],[-84.458813,33.698776],[-84.457346,33.699186],[-84.457243,33.706524],[-84.463281,33.704534],[-84.466322,33.703953],[-84.469666,33.702616],[-84.474284,33.702708],[-84.476163,33.702361]]]}},{"type":"Feature","properties":{"geoid":"13121007703","name":"Census Tract 77.03, Fulton County","county":"Fulton","score_per1000":1.8,"score_drive_per1000":1.9,"score_transit_per1000":0.1,"score_walk_per1000":0,"pop":3537,"med_hh_income":48112,"pct_no_vehicle":11.8,"pct_black":95.6,"pct_hispanic":2.1,"pct_65plus":16.5,"pct_drive":95.68,"pct_transit":4.32,"pct_walk":0,"min_drive_time":12.85,"min_walk_time":184.97,"min_transit_time":53.26},"geometry":{"type":"Polygon","coordinates":[[[-84.518385,33.70072],[-84.517683,33.695767],[-84.518065,33.693236],[-84.513439,33.690862],[-84.50805,33.690049],[-84.499928,33.690119],[-84.499762,33.695748],[-84.497695,33.7026],[-84.497532,33.70641],[-84.498707,33.71097],[-84.501914,33.717232],[-84.502494,33.720022],[-84.502564,33.72303],[-84.506468,33.723154],[-84.510236,33.723805],[-84.50785,33.719808],[-84.508236,33.716445],[-84.506114,33.713213],[-84.506088,33.710188],[-84.507153,33.708468],[-84.518231,33.708092],[-84.518385,33.70072]]]}},{"type":"Feature","properties":{"geoid":"13121007705","name":"Census Tract 77.05, Fulton County","county":"Fulton","score_per1000":1.7,"score_drive_per1000":2.2,"score_transit_per1000":0.1,"score_walk_per1000":0,"pop":3875,"med_hh_income":32874,"pct_no_vehicle":20.3,"pct_black":97.9,"pct_hispanic":0.2,"pct_65plus":30.7,"pct_drive":74.66,"pct_transit":25.34,"pct_walk":0,"min_drive_time":12.1,"min_walk_time":177.69,"min_transit_time":52.99},"geometry":{"type":"Polygon","coordinates":[[[-84.499928,33.690119],[-84.499634,33.68085],[-84.497767,33.669186],[-84.497554,33.666071],[-84.492155,33.666074],[-84.492172,33.673955],[-84.487841,33.673939],[-84.487841,33.67433],[-84.486611,33.67432],[-84.48654,33.689987],[-84.482189,33.691094],[-84.482177,33.692717],[-84.476345,33.692636],[-84.476453,33.697762],[-84.481032,33.697854],[-84.482663,33.697429],[-84.490987,33.691203],[-84.492799,33.690279],[-84.499928,33.690119]]]}},{"type":"Feature","properties":{"geoid":"13121007707","name":"Census Tract 77.07, Fulton County","county":"Fulton","score_per1000":1.7,"score_drive_per1000":1.9,"score_transit_per1000":0.1,"score_walk_per1000":0,"pop":2352,"med_hh_income":85472,"pct_no_vehicle":3.4,"pct_black":82.2,"pct_hispanic":7.4,"pct_65plus":13.8,"pct_drive":90.06,"pct_transit":5.6,"pct_walk":4.34,"min_drive_time":12.55,"min_walk_time":173.01,"min_transit_time":53.26},"geometry":{"type":"Polygon","coordinates":[[[-84.502564,33.72303],[-84.502494,33.720022],[-84.501914,33.717232],[-84.498707,33.71097],[-84.497532,33.70641],[-84.497695,33.7026],[-84.499762,33.695748],[-84.499928,33.690119],[-84.492799,33.690279],[-84.490987,33.691203],[-84.486255,33.694906],[-84.486229,33.699811],[-84.488416,33.705971],[-84.488569,33.707249],[-84.490604,33.710114],[-84.490308,33.720163],[-84.494379,33.720938],[-84.500462,33.722994],[-84.502564,33.72303]]]}},{"type":"Feature","properties":{"geoid":"13121007708","name":"Census Tract 77.08, Fulton County","county":"Fulton","score_per1000":1.7,"score_drive_per1000":2.2,"score_transit_per1000":0.1,"score_walk_per1000":0,"pop":3088,"med_hh_income":73046,"pct_no_vehicle":17.5,"pct_black":96.3,"pct_hispanic":0,"pct_65plus":8,"pct_drive":74.21,"pct_transit":21.13,"pct_walk":4.65,"min_drive_time":10.94,"min_walk_time":154.02,"min_transit_time":52.99},"geometry":{"type":"Polygon","coordinates":[[[-84.490308,33.720163],[-84.490529,33.709902],[-84.488569,33.707249],[-84.488416,33.705971],[-84.486229,33.699811],[-84.486255,33.694906],[-84.483455,33.697005],[-84.482039,33.697645],[-84.474858,33.697771],[-84.475119,33.700607],[-84.476056,33.701829],[-84.476202,33.703363],[-84.476855,33.704839],[-84.476847,33.706279],[-84.476508,33.706838],[-84.474843,33.707215],[-84.474585,33.707559],[-84.474531,33.712586],[-84.471622,33.717498],[-84.471548,33.720167],[-84.473962,33.719726],[-84.479263,33.720338],[-84.484316,33.719909],[-84.490308,33.720163]]]}},{"type":"Feature","properties":{"geoid":"13121007709","name":"Census Tract 77.09, Fulton County","county":"Fulton","score_per1000":1.6,"score_drive_per1000":1.7,"score_transit_per1000":0,"score_walk_per1000":0,"pop":4104,"med_hh_income":64950,"pct_no_vehicle":18.6,"pct_black":95.9,"pct_hispanic":0,"pct_65plus":6.4,"pct_drive":93.76,"pct_transit":6.24,"pct_walk":0,"min_drive_time":15.63,"min_walk_time":222.23,"min_transit_time":76.99},"geometry":{"type":"Polygon","coordinates":[[[-84.522823,33.664408],[-84.52162,33.655841],[-84.519234,33.655815],[-84.515624,33.655068],[-84.515595,33.65613],[-84.507984,33.654309],[-84.506235,33.654176],[-84.506738,33.666256],[-84.497554,33.666071],[-84.497767,33.669186],[-84.498978,33.676628],[-84.508545,33.674116],[-84.511238,33.673138],[-84.514334,33.673452],[-84.514616,33.67514],[-84.515508,33.675576],[-84.516761,33.670599],[-84.518497,33.66875],[-84.521733,33.666766],[-84.522548,33.665551],[-84.522823,33.664408]]]}},{"type":"Feature","properties":{"geoid":"13121007710","name":"Census Tract 77.10, Fulton County","county":"Fulton","score_per1000":1.4,"score_drive_per1000":1.7,"score_transit_per1000":0,"score_walk_per1000":0,"pop":2775,"med_hh_income":39710,"pct_no_vehicle":24.5,"pct_black":99.2,"pct_hispanic":0,"pct_65plus":19.8,"pct_drive":81.47,"pct_transit":18.53,"pct_walk":0,"min_drive_time":15.42,"min_walk_time":240.92,"min_transit_time":64.99},"geometry":{"type":"Polygon","coordinates":[[[-84.547602,33.673694],[-84.546909,33.67098],[-84.547612,33.669465],[-84.536095,33.660136],[-84.5335,33.659178],[-84.525876,33.658915],[-84.525934,33.656746],[-84.52192,33.656704],[-84.52162,33.655841],[-84.522821,33.664074],[-84.522656,33.665294],[-84.521733,33.666766],[-84.518497,33.66875],[-84.516761,33.670599],[-84.515014,33.67741],[-84.511724,33.682191],[-84.511539,33.684182],[-84.512352,33.68556],[-84.516815,33.689855],[-84.517773,33.691504],[-84.518065,33.693236],[-84.518813,33.693572],[-84.521993,33.691175],[-84.526289,33.689512],[-84.531265,33.685268],[-84.537963,33.680616],[-84.543673,33.678013],[-84.5471,33.674795],[-84.547602,33.673694]]]}},{"type":"Feature","properties":{"geoid":"13121007711","name":"Census Tract 77.11, Fulton County","county":"Fulton","score_per1000":1.5,"score_drive_per1000":1.9,"score_transit_per1000":0.1,"score_walk_per1000":0,"pop":3042,"med_hh_income":45809,"pct_no_vehicle":16.9,"pct_black":99.1,"pct_hispanic":0,"pct_65plus":14.3,"pct_drive":77.17,"pct_transit":22.83,"pct_walk":0,"min_drive_time":12.42,"min_walk_time":191.81,"min_transit_time":52.99},"geometry":{"type":"Polygon","coordinates":[[[-84.518065,33.693236],[-84.517773,33.691504],[-84.517089,33.690223],[-84.512352,33.68556],[-84.511498,33.684002],[-84.511724,33.682191],[-84.514477,33.678463],[-84.515267,33.676519],[-84.515508,33.675576],[-84.514616,33.67514],[-84.514334,33.673452],[-84.510992,33.673158],[-84.508545,33.674116],[-84.498978,33.676628],[-84.499656,33.68112],[-84.499928,33.690119],[-84.50805,33.690049],[-84.513439,33.690862],[-84.518065,33.693236]]]}},{"type":"Feature","properties":{"geoid":"13121007805","name":"Census Tract 78.05, Fulton County","county":"Fulton","score_per1000":1.3,"score_drive_per1000":1.8,"score_transit_per1000":0.1,"score_walk_per1000":0,"pop":5539,"med_hh_income":63261,"pct_no_vehicle":31.7,"pct_black":87.5,"pct_hispanic":9,"pct_65plus":11.5,"pct_drive":73.15,"pct_transit":26.85,"pct_walk":0,"min_drive_time":13.18,"min_walk_time":187.43,"min_transit_time":53.26},"geometry":{"type":"Polygon","coordinates":[[[-84.573436,33.745513],[-84.56838,33.743427],[-84.565557,33.742819],[-84.558936,33.744013],[-84.557889,33.742545],[-84.556481,33.742205],[-84.556809,33.741674],[-84.556474,33.741053],[-84.554637,33.740414],[-84.553128,33.740613],[-84.553078,33.73953],[-84.552479,33.738553],[-84.549435,33.737713],[-84.547435,33.736413],[-84.547413,33.733668],[-84.540481,33.733492],[-84.535704,33.73473],[-84.529925,33.733546],[-84.526589,33.732107],[-84.523265,33.729614],[-84.520742,33.728716],[-84.518151,33.726871],[-84.514215,33.725098],[-84.514717,33.726747],[-84.51758,33.730285],[-84.517628,33.731467],[-84.516994,33.733272],[-84.517364,33.734518],[-84.518216,33.735258],[-84.522437,33.736895],[-84.523304,33.738068],[-84.524083,33.738209],[-84.525139,33.739778],[-84.52569,33.739885],[-84.524795,33.740559],[-84.524027,33.740721],[-84.522399,33.742034],[-84.522489,33.742953],[-84.523784,33.746541],[-84.524317,33.746295],[-84.528009,33.746243],[-84.527896,33.749051],[-84.528297,33.752027],[-84.523504,33.754196],[-84.521403,33.754562],[-84.521291,33.755799],[-84.519862,33.757052],[-84.519601,33.758949],[-84.518236,33.758821],[-84.518324,33.759714],[-84.519294,33.760716],[-84.517675,33.761923],[-84.507976,33.761891],[-84.51322,33.768525],[-84.51388,33.769856],[-84.514477,33.772344],[-84.515048,33.773126],[-84.519698,33.769992],[-84.527384,33.775526],[-84.53355,33.779128],[-84.538037,33.77111],[-84.539939,33.76951],[-84.544438,33.76741],[-84.552637,33.762412],[-84.559236,33.757713],[-84.573436,33.745513]]]}},{"type":"Feature","properties":{"geoid":"13121007806","name":"Census Tract 78.06, Fulton County","county":"Fulton","score_per1000":1.9,"score_drive_per1000":2.1,"score_transit_per1000":0.1,"score_walk_per1000":0,"pop":4986,"med_hh_income":51638,"pct_no_vehicle":16.5,"pct_black":85.8,"pct_hispanic":3.9,"pct_65plus":14.7,"pct_drive":91.41,"pct_transit":8.59,"pct_walk":0,"min_drive_time":11.66,"min_walk_time":168.97,"min_transit_time":53.26},"geometry":{"type":"Polygon","coordinates":[[[-84.528297,33.752027],[-84.527896,33.749051],[-84.528009,33.746243],[-84.524317,33.746295],[-84.523784,33.746541],[-84.522489,33.742953],[-84.522399,33.742034],[-84.524027,33.740721],[-84.524795,33.740559],[-84.52569,33.739885],[-84.525139,33.739778],[-84.524083,33.738209],[-84.523304,33.738068],[-84.522437,33.736895],[-84.518216,33.735258],[-84.517457,33.73463],[-84.516994,33.733272],[-84.517668,33.731182],[-84.517298,33.729716],[-84.514717,33.726747],[-84.514215,33.725098],[-84.512339,33.724253],[-84.510236,33.723805],[-84.511065,33.725407],[-84.510404,33.728121],[-84.510326,33.730861],[-84.509101,33.731781],[-84.508679,33.732801],[-84.509146,33.737316],[-84.508414,33.739637],[-84.510354,33.740748],[-84.510438,33.741721],[-84.508621,33.74533],[-84.508287,33.748727],[-84.50558,33.753938],[-84.505463,33.759613],[-84.507976,33.761891],[-84.517516,33.761989],[-84.519294,33.760716],[-84.518324,33.759714],[-84.518236,33.758821],[-84.519601,33.758949],[-84.519862,33.757052],[-84.521291,33.755799],[-84.521403,33.754562],[-84.523504,33.754196],[-84.528297,33.752027]]]}},{"type":"Feature","properties":{"geoid":"13121007807","name":"Census Tract 78.07, Fulton County","county":"Fulton","score_per1000":1.5,"score_drive_per1000":2.7,"score_transit_per1000":0.3,"score_walk_per1000":0,"pop":4134,"med_hh_income":44897,"pct_no_vehicle":30.7,"pct_black":96.5,"pct_hispanic":0,"pct_65plus":8.8,"pct_drive":50.11,"pct_transit":49.89,"pct_walk":0,"min_drive_time":9.86,"min_walk_time":154.26,"min_transit_time":43.54},"geometry":{"type":"Polygon","coordinates":[[[-84.51397,33.770146],[-84.51322,33.768525],[-84.508319,33.762256],[-84.504774,33.759005],[-84.502176,33.757431],[-84.499998,33.756697],[-84.481929,33.754981],[-84.48293,33.757855],[-84.482526,33.76057],[-84.482873,33.761838],[-84.48444,33.763023],[-84.485122,33.762887],[-84.489836,33.765898],[-84.492024,33.768636],[-84.493919,33.767903],[-84.496541,33.767899],[-84.499552,33.768873],[-84.501036,33.768998],[-84.502314,33.768812],[-84.503952,33.767934],[-84.5075,33.768697],[-84.509461,33.769879],[-84.51397,33.770146]]]}},{"type":"Feature","properties":{"geoid":"13121007808","name":"Census Tract 78.08, Fulton County","county":"Fulton","score_per1000":2.0,"score_drive_per1000":3.0,"score_transit_per1000":0.5,"score_walk_per1000":0,"pop":3311,"med_hh_income":22461,"pct_no_vehicle":53.5,"pct_black":93.6,"pct_hispanic":5.9,"pct_65plus":14,"pct_drive":61.08,"pct_transit":34.94,"pct_walk":3.99,"min_drive_time":8.92,"min_walk_time":145.89,"min_transit_time":33.68},"geometry":{"type":"Polygon","coordinates":[[[-84.510462,33.741441],[-84.510354,33.740748],[-84.508414,33.739637],[-84.502033,33.749151],[-84.500748,33.750384],[-84.499008,33.750879],[-84.488799,33.751762],[-84.487268,33.75236],[-84.484453,33.754315],[-84.481929,33.754981],[-84.500188,33.756734],[-84.502176,33.757431],[-84.505463,33.759613],[-84.50558,33.753938],[-84.508287,33.748727],[-84.508621,33.74533],[-84.510462,33.741441]]]}},{"type":"Feature","properties":{"geoid":"13121007809","name":"Census Tract 78.09, Fulton County","county":"Fulton","score_per1000":1.4,"score_drive_per1000":1.5,"score_transit_per1000":0,"score_walk_per1000":0,"pop":4546,"med_hh_income":85302,"pct_no_vehicle":12.6,"pct_black":91,"pct_hispanic":1.5,"pct_65plus":16.5,"pct_drive":94.33,"pct_transit":5.67,"pct_walk":0,"min_drive_time":15.88,"min_walk_time":246.54,"min_transit_time":105.64},"geometry":{"type":"Polygon","coordinates":[[[-84.558838,33.708653],[-84.556607,33.70815],[-84.549486,33.703957],[-84.54615,33.70085],[-84.544403,33.697157],[-84.541401,33.694801],[-84.540203,33.694432],[-84.538898,33.694463],[-84.535082,33.69603],[-84.534166,33.69407],[-84.534506,33.690872],[-84.533761,33.687519],[-84.534193,33.686671],[-84.53634,33.68465],[-84.537771,33.680747],[-84.531265,33.685268],[-84.526289,33.689512],[-84.521993,33.691175],[-84.518813,33.693572],[-84.524134,33.695271],[-84.527862,33.695584],[-84.527992,33.697624],[-84.52941,33.703387],[-84.529468,33.706659],[-84.534018,33.708848],[-84.535256,33.710245],[-84.534596,33.712984],[-84.535564,33.715639],[-84.534308,33.715787],[-84.533149,33.717343],[-84.533964,33.719705],[-84.533897,33.726246],[-84.52022,33.725818],[-84.517589,33.726623],[-84.520742,33.728716],[-84.523265,33.729614],[-84.526266,33.731933],[-84.529925,33.733546],[-84.535963,33.73473],[-84.538817,33.733807],[-84.541096,33.73346],[-84.540225,33.729178],[-84.53876,33.72575],[-84.539576,33.721054],[-84.545887,33.715833],[-84.550643,33.715087],[-84.554339,33.713344],[-84.558838,33.708653]]]}},{"type":"Feature","properties":{"geoid":"13121007810","name":"Census Tract 78.10, Fulton County","county":"Fulton","score_per1000":1.7,"score_drive_per1000":1.8,"score_transit_per1000":0.1,"score_walk_per1000":0,"pop":4305,"med_hh_income":44244,"pct_no_vehicle":12.6,"pct_black":93.1,"pct_hispanic":2.3,"pct_65plus":14.5,"pct_drive":94.76,"pct_transit":5.24,"pct_walk":0,"min_drive_time":15.26,"min_walk_time":209.56,"min_transit_time":53.26},"geometry":{"type":"Polygon","coordinates":[[[-84.535564,33.715639],[-84.534596,33.712984],[-84.535256,33.710245],[-84.534018,33.708848],[-84.52943,33.706566],[-84.52941,33.703387],[-84.527992,33.697624],[-84.527862,33.695584],[-84.524134,33.695271],[-84.518065,33.693236],[-84.517683,33.695767],[-84.51839,33.699606],[-84.518231,33.708092],[-84.507153,33.708468],[-84.50606,33.710317],[-84.506114,33.713213],[-84.508236,33.716445],[-84.50785,33.719808],[-84.510236,33.723805],[-84.512339,33.724253],[-84.517589,33.726623],[-84.52022,33.725818],[-84.533897,33.726246],[-84.533964,33.719705],[-84.533149,33.717343],[-84.534308,33.715787],[-84.535564,33.715639]]]}},{"type":"Feature","properties":{"geoid":"13121007900","name":"Census Tract 79, Fulton County","county":"Fulton","score_per1000":1.9,"score_drive_per1000":2.1,"score_transit_per1000":0.1,"score_walk_per1000":0,"pop":5336,"med_hh_income":91013,"pct_no_vehicle":5.6,"pct_black":90.8,"pct_hispanic":2.3,"pct_65plus":28.3,"pct_drive":89.23,"pct_transit":10.77,"pct_walk":0,"min_drive_time":10.8,"min_walk_time":155.22,"min_transit_time":53.26},"geometry":{"type":"Polygon","coordinates":[[[-84.511041,33.7256],[-84.510236,33.723805],[-84.506225,33.723133],[-84.500462,33.722994],[-84.494379,33.720938],[-84.489676,33.720049],[-84.484316,33.719909],[-84.479263,33.720338],[-84.473717,33.719733],[-84.472288,33.720015],[-84.472053,33.724669],[-84.469661,33.729875],[-84.472092,33.733241],[-84.475033,33.735113],[-84.476634,33.736713],[-84.476433,33.737612],[-84.477833,33.738512],[-84.480233,33.739712],[-84.485233,33.739812],[-84.486733,33.743914],[-84.485933,33.745014],[-84.487833,33.746014],[-84.491933,33.746214],[-84.497186,33.744926],[-84.497696,33.74659],[-84.499199,33.747865],[-84.499328,33.749838],[-84.499701,33.750748],[-84.500748,33.750384],[-84.501786,33.749497],[-84.508817,33.738899],[-84.509145,33.737045],[-84.508679,33.732801],[-84.509101,33.731781],[-84.510326,33.730861],[-84.510404,33.728121],[-84.511041,33.7256]]]}},{"type":"Feature","properties":{"geoid":"13121008000","name":"Census Tract 80, Fulton County","county":"Fulton","score_per1000":3.3,"score_drive_per1000":3.7,"score_transit_per1000":0.5,"score_walk_per1000":0,"pop":5674,"med_hh_income":52837,"pct_no_vehicle":17.4,"pct_black":78.5,"pct_hispanic":1.1,"pct_65plus":16.2,"pct_drive":85.96,"pct_transit":14.04,"pct_walk":0,"min_drive_time":6.87,"min_walk_time":106.03,"min_transit_time":40.99},"geometry":{"type":"Polygon","coordinates":[[[-84.473748,33.735925],[-84.475033,33.735113],[-84.472092,33.733241],[-84.469661,33.729875],[-84.472053,33.724669],[-84.472288,33.720015],[-84.469219,33.720645],[-84.469216,33.719251],[-84.46714,33.719364],[-84.461569,33.715456],[-84.453521,33.714788],[-84.434026,33.714531],[-84.432511,33.715148],[-84.432795,33.715817],[-84.432529,33.722409],[-84.449177,33.722564],[-84.450319,33.723289],[-84.450111,33.724525],[-84.449498,33.725401],[-84.446538,33.72652],[-84.445115,33.726648],[-84.443539,33.727703],[-84.446358,33.72915],[-84.446349,33.730874],[-84.445129,33.730892],[-84.445122,33.733693],[-84.448249,33.733711],[-84.448351,33.730864],[-84.452033,33.730813],[-84.457033,33.734713],[-84.458933,33.736913],[-84.458633,33.738013],[-84.461233,33.738213],[-84.464433,33.736813],[-84.464133,33.734213],[-84.465833,33.733813],[-84.468489,33.735879],[-84.470462,33.738192],[-84.473533,33.739505],[-84.472894,33.738712],[-84.473748,33.735925]]]}},{"type":"Feature","properties":{"geoid":"13121008103","name":"Census Tract 81.03, Fulton County","county":"Fulton","score_per1000":3.0,"score_drive_per1000":3.7,"score_transit_per1000":0.5,"score_walk_per1000":0,"pop":4459,"med_hh_income":29260,"pct_no_vehicle":30.4,"pct_black":86.7,"pct_hispanic":8.8,"pct_65plus":19.5,"pct_drive":77.88,"pct_transit":22.12,"pct_walk":0,"min_drive_time":7.85,"min_walk_time":129.61,"min_transit_time":33.68},"geometry":{"type":"Polygon","coordinates":[[[-84.499667,33.750759],[-84.499199,33.747865],[-84.497696,33.74659],[-84.497186,33.744926],[-84.491933,33.746214],[-84.487833,33.746014],[-84.485933,33.745014],[-84.486733,33.743914],[-84.485233,33.739812],[-84.480233,33.739712],[-84.479166,33.739045],[-84.478906,33.739323],[-84.478953,33.740196],[-84.479367,33.741713],[-84.478817,33.744873],[-84.478156,33.746353],[-84.47649,33.747733],[-84.475121,33.747857],[-84.472897,33.748752],[-84.469589,33.749224],[-84.46857,33.749689],[-84.46757,33.750996],[-84.467458,33.753743],[-84.467863,33.75481],[-84.473031,33.754468],[-84.482831,33.754774],[-84.484453,33.754315],[-84.487268,33.75236],[-84.488799,33.751762],[-84.499667,33.750759]]]}},{"type":"Feature","properties":{"geoid":"13121008104","name":"Census Tract 81.04, Fulton County","county":"Fulton","score_per1000":3.5,"score_drive_per1000":3.7,"score_transit_per1000":0.5,"score_walk_per1000":0,"pop":3186,"med_hh_income":50960,"pct_no_vehicle":20.4,"pct_black":84,"pct_hispanic":3.6,"pct_65plus":22.8,"pct_drive":92.42,"pct_transit":4.24,"pct_walk":3.33,"min_drive_time":6.36,"min_walk_time":100.9,"min_transit_time":37.26},"geometry":{"type":"Polygon","coordinates":[[[-84.479367,33.741713],[-84.478953,33.740196],[-84.478906,33.739323],[-84.479166,33.739045],[-84.476433,33.737612],[-84.476634,33.736713],[-84.475033,33.735113],[-84.473748,33.735925],[-84.472894,33.738712],[-84.473533,33.739505],[-84.470462,33.738192],[-84.468489,33.735879],[-84.465833,33.733813],[-84.464133,33.734213],[-84.464433,33.736813],[-84.461233,33.738213],[-84.458633,33.738013],[-84.458933,33.736913],[-84.457033,33.734713],[-84.452033,33.730813],[-84.448351,33.730864],[-84.448249,33.733711],[-84.447501,33.733703],[-84.446609,33.738805],[-84.446524,33.744058],[-84.440441,33.744012],[-84.440346,33.745895],[-84.444198,33.749824],[-84.446096,33.750581],[-84.446048,33.753353],[-84.451654,33.751388],[-84.453909,33.751145],[-84.455374,33.751363],[-84.46514,33.75463],[-84.467863,33.75481],[-84.467492,33.754006],[-84.467427,33.752499],[-84.46757,33.750996],[-84.467963,33.750206],[-84.469301,33.74931],[-84.472519,33.74885],[-84.47705,33.747417],[-84.478507,33.745784],[-84.479367,33.741713]]]}},{"type":"Feature","properties":{"geoid":"13121008202","name":"Census Tract 82.02, Fulton County","county":"Fulton","score_per1000":2.8,"score_drive_per1000":3.1,"score_transit_per1000":0,"score_walk_per1000":0,"pop":2351,"med_hh_income":42070,"pct_no_vehicle":31.9,"pct_black":77.5,"pct_hispanic":1.1,"pct_65plus":12.7,"pct_drive":89.72,"pct_transit":10.28,"pct_walk":0,"min_drive_time":10.38,"min_walk_time":162.08,"min_transit_time":66.45},"geometry":{"type":"Polygon","coordinates":[[[-84.531235,33.781812],[-84.53355,33.779128],[-84.526723,33.775085],[-84.519698,33.769992],[-84.515048,33.773126],[-84.514477,33.772344],[-84.51397,33.770146],[-84.509461,33.769879],[-84.5075,33.768697],[-84.506214,33.768623],[-84.50407,33.767946],[-84.502151,33.768871],[-84.500583,33.769],[-84.496762,33.76792],[-84.494093,33.767889],[-84.495024,33.769664],[-84.495909,33.77265],[-84.495987,33.781303],[-84.49494,33.78427],[-84.493017,33.786769],[-84.494427,33.787788],[-84.497192,33.791196],[-84.499419,33.793148],[-84.501685,33.794045],[-84.505545,33.794511],[-84.507915,33.795538],[-84.510736,33.792812],[-84.529135,33.783312],[-84.531235,33.781812]]]}},{"type":"Feature","properties":{"geoid":"13121008203","name":"Census Tract 82.03, Fulton County","county":"Fulton","score_per1000":3.1,"score_drive_per1000":3.6,"score_transit_per1000":0.1,"score_walk_per1000":0,"pop":2522,"med_hh_income":24409,"pct_no_vehicle":33.5,"pct_black":94,"pct_hispanic":0.8,"pct_65plus":33.4,"pct_drive":86.34,"pct_transit":13.66,"pct_walk":0,"min_drive_time":8.64,"min_walk_time":121.12,"min_transit_time":53.26},"geometry":{"type":"Polygon","coordinates":[[[-84.491299,33.786045],[-84.492505,33.782714],[-84.491425,33.781788],[-84.492095,33.781354],[-84.490086,33.778304],[-84.490486,33.772008],[-84.485171,33.772056],[-84.484966,33.769673],[-84.482683,33.766458],[-84.47902,33.768114],[-84.47547,33.768326],[-84.474577,33.770167],[-84.473016,33.770265],[-84.473472,33.771173],[-84.473743,33.776324],[-84.477227,33.777836],[-84.482341,33.781189],[-84.486162,33.782176],[-84.488763,33.784809],[-84.490498,33.785801],[-84.491299,33.786045]]]}},{"type":"Feature","properties":{"geoid":"13121008204","name":"Census Tract 82.04, Fulton County","county":"Fulton","score_per1000":3.1,"score_drive_per1000":3.4,"score_transit_per1000":0.3,"score_walk_per1000":0,"pop":2220,"med_hh_income":31617,"pct_no_vehicle":15.9,"pct_black":90.2,"pct_hispanic":1.2,"pct_65plus":25.8,"pct_drive":90.75,"pct_transit":8.92,"pct_walk":0.33,"min_drive_time":8.27,"min_walk_time":120.05,"min_transit_time":43.54},"geometry":{"type":"Polygon","coordinates":[[[-84.495929,33.781886],[-84.495909,33.77265],[-84.494659,33.768814],[-84.494093,33.767889],[-84.491884,33.768559],[-84.489836,33.765898],[-84.485122,33.762887],[-84.48444,33.763023],[-84.483036,33.762045],[-84.482526,33.76057],[-84.48293,33.757855],[-84.481898,33.754825],[-84.473031,33.754468],[-84.467863,33.75481],[-84.468829,33.756281],[-84.469987,33.763086],[-84.470206,33.766864],[-84.470602,33.767699],[-84.473016,33.770265],[-84.474577,33.770167],[-84.47547,33.768326],[-84.47902,33.768114],[-84.482683,33.766458],[-84.484966,33.769673],[-84.485171,33.772056],[-84.490486,33.772008],[-84.490086,33.778304],[-84.492095,33.781354],[-84.491425,33.781788],[-84.492505,33.782714],[-84.492021,33.783446],[-84.491299,33.786045],[-84.493017,33.786769],[-84.49494,33.78427],[-84.495929,33.781886]]]}},{"type":"Feature","properties":{"geoid":"13121008301","name":"Census Tract 83.01, Fulton County","county":"Fulton","score_per1000":2.7,"score_drive_per1000":3.7,"score_transit_per1000":0.5,"score_walk_per1000":0,"pop":3983,"med_hh_income":40798,"pct_no_vehicle":15.2,"pct_black":83.4,"pct_hispanic":7.3,"pct_65plus":11.3,"pct_drive":69.91,"pct_transit":30.09,"pct_walk":0,"min_drive_time":7.9,"min_walk_time":90.03,"min_transit_time":37.26},"geometry":{"type":"Polygon","coordinates":[[[-84.471446,33.769487],[-84.471948,33.769143],[-84.470602,33.767699],[-84.470122,33.766567],[-84.469987,33.763086],[-84.468829,33.756281],[-84.467863,33.75481],[-84.465944,33.754815],[-84.462989,33.753958],[-84.463154,33.759963],[-84.460208,33.759957],[-84.460252,33.760968],[-84.459132,33.760928],[-84.45693,33.760229],[-84.450497,33.760106],[-84.451099,33.76216],[-84.451424,33.764669],[-84.451127,33.76478],[-84.450385,33.764727],[-84.449034,33.763654],[-84.446697,33.763703],[-84.44519,33.764424],[-84.443604,33.763634],[-84.441033,33.763585],[-84.441015,33.768054],[-84.444677,33.76842],[-84.454,33.768585],[-84.455567,33.769143],[-84.45649,33.770217],[-84.45809,33.770322],[-84.462426,33.770136],[-84.465003,33.769344],[-84.471446,33.769487]]]}},{"type":"Feature","properties":{"geoid":"13121008302","name":"Census Tract 83.02, Fulton County","county":"Fulton","score_per1000":3.4,"score_drive_per1000":3.7,"score_transit_per1000":0.5,"score_walk_per1000":0,"pop":1842,"med_hh_income":40725,"pct_no_vehicle":31.7,"pct_black":89.4,"pct_hispanic":2.1,"pct_65plus":26.1,"pct_drive":90.33,"pct_transit":9.67,"pct_walk":0,"min_drive_time":6.19,"min_walk_time":85.43,"min_transit_time":33.68},"geometry":{"type":"Polygon","coordinates":[[[-84.463154,33.759963],[-84.462989,33.753958],[-84.455374,33.751363],[-84.4524,33.751215],[-84.444389,33.753898],[-84.44423,33.758028],[-84.443292,33.760307],[-84.44129,33.762016],[-84.441033,33.763585],[-84.443604,33.763634],[-84.44519,33.764424],[-84.446697,33.763703],[-84.449034,33.763654],[-84.45022,33.764636],[-84.450974,33.764807],[-84.451424,33.764669],[-84.450497,33.760106],[-84.45693,33.760229],[-84.459132,33.760928],[-84.460252,33.760968],[-84.460208,33.759957],[-84.463154,33.759963]]]}},{"type":"Feature","properties":{"geoid":"13121008400","name":"Census Tract 84, Fulton County","county":"Fulton","score_per1000":3.0,"score_drive_per1000":4.0,"score_transit_per1000":0.5,"score_walk_per1000":0,"pop":3211,"med_hh_income":0,"pct_no_vehicle":20.9,"pct_black":77.3,"pct_hispanic":9.8,"pct_65plus":9.6,"pct_drive":72.46,"pct_transit":20.6,"pct_walk":6.95,"min_drive_time":6.28,"min_walk_time":61.8,"min_transit_time":37.26},"geometry":{"type":"Polygon","coordinates":[[[-84.444381,33.753964],[-84.432815,33.75601],[-84.431251,33.756709],[-84.430506,33.757743],[-84.430351,33.758596],[-84.43152,33.762513],[-84.431402,33.763544],[-84.424395,33.763506],[-84.425019,33.765581],[-84.425766,33.766522],[-84.425357,33.76757],[-84.4255,33.768628],[-84.428627,33.768051],[-84.441015,33.768054],[-84.441112,33.762453],[-84.441386,33.76189],[-84.443292,33.760307],[-84.443696,33.759422],[-84.444269,33.757898],[-84.444143,33.755109],[-84.444381,33.753964]]]}},{"type":"Feature","properties":{"geoid":"13121008500","name":"Census Tract 85, Fulton County","county":"Fulton","score_per1000":3.7,"score_drive_per1000":3.8,"score_transit_per1000":1.0,"score_walk_per1000":0,"pop":2637,"med_hh_income":53878,"pct_no_vehicle":9.6,"pct_black":76.8,"pct_hispanic":9.9,"pct_65plus":7.9,"pct_drive":96.96,"pct_transit":3.04,"pct_walk":0,"min_drive_time":6.28,"min_walk_time":74.82,"min_transit_time":28.99},"geometry":{"type":"Polygon","coordinates":[[[-84.45602,33.790166],[-84.459719,33.789161],[-84.45808,33.788397],[-84.457207,33.786552],[-84.456414,33.786174],[-84.457012,33.783186],[-84.458148,33.782571],[-84.456534,33.781936],[-84.456457,33.77657],[-84.454057,33.776653],[-84.454066,33.770972],[-84.456487,33.770955],[-84.456407,33.770014],[-84.455567,33.769143],[-84.453741,33.768555],[-84.444677,33.76842],[-84.442755,33.768053],[-84.431307,33.767954],[-84.427618,33.768141],[-84.4255,33.768628],[-84.426841,33.776271],[-84.42767,33.777859],[-84.430324,33.775775],[-84.431282,33.775416],[-84.432849,33.776622],[-84.434319,33.776836],[-84.435921,33.776713],[-84.441361,33.775204],[-84.441351,33.775531],[-84.440604,33.775918],[-84.440546,33.776411],[-84.441627,33.777188],[-84.44299,33.777032],[-84.443208,33.77781],[-84.443032,33.779236],[-84.444249,33.780606],[-84.445282,33.783699],[-84.44568,33.783875],[-84.450282,33.783046],[-84.451055,33.783509],[-84.450444,33.784],[-84.450471,33.785944],[-84.451895,33.787759],[-84.452043,33.788543],[-84.451585,33.789264],[-84.451864,33.789808],[-84.452736,33.790308],[-84.45602,33.790166]]]}},{"type":"Feature","properties":{"geoid":"13121008601","name":"Census Tract 86.01, Fulton County","county":"Fulton","score_per1000":2.8,"score_drive_per1000":3.6,"score_transit_per1000":0.1,"score_walk_per1000":0,"pop":4478,"med_hh_income":32066,"pct_no_vehicle":32.1,"pct_black":92,"pct_hispanic":2.1,"pct_65plus":22.2,"pct_drive":76.74,"pct_transit":23.26,"pct_walk":0,"min_drive_time":8.88,"min_walk_time":104.58,"min_transit_time":52.99},"geometry":{"type":"Polygon","coordinates":[[[-84.476662,33.788073],[-84.476563,33.780574],[-84.476069,33.779593],[-84.47395,33.777166],[-84.473432,33.770935],[-84.471948,33.769143],[-84.471446,33.769487],[-84.468197,33.769594],[-84.464654,33.769367],[-84.462213,33.770164],[-84.45649,33.770217],[-84.456314,33.771119],[-84.454066,33.770972],[-84.454057,33.776653],[-84.456457,33.77657],[-84.456534,33.781936],[-84.458148,33.782571],[-84.457012,33.783186],[-84.456414,33.786174],[-84.457207,33.786552],[-84.45808,33.788397],[-84.460332,33.789519],[-84.461535,33.791652],[-84.463842,33.793201],[-84.466671,33.794422],[-84.468729,33.794757],[-84.469389,33.794099],[-84.469612,33.795874],[-84.470286,33.795803],[-84.473179,33.795104],[-84.474304,33.794427],[-84.474043,33.793123],[-84.474254,33.791955],[-84.476246,33.789304],[-84.476662,33.788073]]]}},{"type":"Feature","properties":{"geoid":"13121008602","name":"Census Tract 86.02, Fulton County","county":"Fulton","score_per1000":3.0,"score_drive_per1000":3.4,"score_transit_per1000":0.1,"score_walk_per1000":0,"pop":1456,"med_hh_income":37065,"pct_no_vehicle":20.7,"pct_black":73.1,"pct_hispanic":9,"pct_65plus":8.9,"pct_drive":89.87,"pct_transit":10.13,"pct_walk":0,"min_drive_time":9.49,"min_walk_time":146.9,"min_transit_time":53.26},"geometry":{"type":"Polygon","coordinates":[[[-84.507841,33.79561],[-84.505545,33.794511],[-84.501685,33.794045],[-84.499419,33.793148],[-84.498052,33.792101],[-84.493793,33.78724],[-84.489407,33.785297],[-84.486404,33.782324],[-84.482341,33.781189],[-84.477227,33.777836],[-84.473743,33.776324],[-84.474247,33.777691],[-84.476215,33.7798],[-84.476655,33.781238],[-84.476604,33.788445],[-84.474254,33.791955],[-84.474043,33.793123],[-84.474304,33.794427],[-84.475141,33.79465],[-84.476048,33.795676],[-84.476382,33.795545],[-84.476883,33.794412],[-84.477563,33.794495],[-84.478107,33.795203],[-84.478815,33.795298],[-84.479972,33.797334],[-84.480166,33.798384],[-84.482782,33.799342],[-84.484161,33.799486],[-84.485884,33.798912],[-84.488194,33.799938],[-84.488452,33.799387],[-84.49513,33.808548],[-84.499735,33.803711],[-84.502635,33.799411],[-84.507841,33.79561]]]}},{"type":"Feature","properties":{"geoid":"13121008701","name":"Census Tract 87.01, Fulton County","county":"Fulton","score_per1000":2.6,"score_drive_per1000":3.1,"score_transit_per1000":0.1,"score_walk_per1000":0,"pop":3616,"med_hh_income":38418,"pct_no_vehicle":24.7,"pct_black":79.5,"pct_hispanic":8.8,"pct_65plus":14.4,"pct_drive":82.76,"pct_transit":15.75,"pct_walk":1.48,"min_drive_time":10.19,"min_walk_time":119.4,"min_transit_time":52.99},"geometry":{"type":"Polygon","coordinates":[[[-84.495005,33.808631],[-84.488452,33.799387],[-84.488194,33.799938],[-84.485624,33.798898],[-84.483559,33.799495],[-84.480259,33.79843],[-84.478815,33.795298],[-84.478107,33.795203],[-84.477272,33.794356],[-84.476883,33.794412],[-84.476231,33.795652],[-84.474525,33.794392],[-84.473179,33.795104],[-84.469612,33.795874],[-84.469389,33.794099],[-84.468788,33.794738],[-84.467812,33.794675],[-84.463842,33.793201],[-84.461359,33.791493],[-84.460332,33.789519],[-84.459719,33.789161],[-84.45602,33.790166],[-84.452736,33.790308],[-84.452848,33.79092],[-84.452129,33.792371],[-84.453333,33.792699],[-84.45462,33.792393],[-84.455481,33.79256],[-84.456592,33.79406],[-84.455842,33.794764],[-84.45586,33.796245],[-84.456879,33.797051],[-84.458536,33.796786],[-84.458743,33.798261],[-84.457979,33.799686],[-84.457039,33.800081],[-84.455417,33.799326],[-84.454739,33.7995],[-84.456603,33.800928],[-84.457865,33.802489],[-84.461263,33.805463],[-84.461136,33.80611],[-84.461776,33.806937],[-84.480527,33.805705],[-84.482679,33.805791],[-84.484043,33.806229],[-84.485408,33.807218],[-84.488968,33.812826],[-84.495005,33.808631]]]}},{"type":"Feature","properties":{"geoid":"13121008702","name":"Census Tract 87.02, Fulton County","county":"Fulton","score_per1000":3.8,"score_drive_per1000":3.8,"score_transit_per1000":0.5,"score_walk_per1000":0,"pop":2110,"med_hh_income":123158,"pct_no_vehicle":6.1,"pct_black":49.7,"pct_hispanic":13,"pct_65plus":16.9,"pct_drive":100,"pct_transit":0,"pct_walk":0,"min_drive_time":7.05,"min_walk_time":82.06,"min_transit_time":37.26},"geometry":{"type":"Polygon","coordinates":[[[-84.461776,33.806937],[-84.461136,33.80611],[-84.461263,33.805463],[-84.457865,33.802489],[-84.456603,33.800928],[-84.454739,33.7995],[-84.455417,33.799326],[-84.457039,33.800081],[-84.457979,33.799686],[-84.458743,33.798261],[-84.458536,33.796786],[-84.456879,33.797051],[-84.45586,33.796245],[-84.455842,33.794764],[-84.456592,33.79406],[-84.455481,33.79256],[-84.45462,33.792393],[-84.453333,33.792699],[-84.452129,33.792371],[-84.452848,33.790766],[-84.452736,33.790308],[-84.451608,33.789505],[-84.452043,33.788543],[-84.451895,33.787759],[-84.450471,33.785944],[-84.450444,33.784],[-84.451055,33.783509],[-84.450282,33.783046],[-84.44568,33.783875],[-84.445282,33.783699],[-84.444249,33.780606],[-84.443032,33.779236],[-84.443208,33.77781],[-84.44299,33.777032],[-84.441627,33.777188],[-84.440546,33.776411],[-84.440604,33.775918],[-84.441351,33.775531],[-84.441242,33.77516],[-84.435921,33.776713],[-84.434319,33.776836],[-84.432849,33.776622],[-84.431282,33.775416],[-84.430324,33.775775],[-84.427856,33.777552],[-84.42767,33.777859],[-84.431586,33.782629],[-84.432246,33.784749],[-84.432377,33.787432],[-84.434355,33.788146],[-84.437513,33.790831],[-84.442423,33.79417],[-84.452265,33.800304],[-84.458605,33.806134],[-84.460131,33.806732],[-84.461776,33.806937]]]}},{"type":"Feature","properties":{"geoid":"13121008801","name":"Census Tract 88.01, Fulton County","county":"Fulton","score_per1000":3.3,"score_drive_per1000":3.3,"score_transit_per1000":0.1,"score_walk_per1000":0,"pop":2189,"med_hh_income":193333,"pct_no_vehicle":0,"pct_black":27.3,"pct_hispanic":1.6,"pct_65plus":10.1,"pct_drive":97.54,"pct_transit":2.46,"pct_walk":0,"min_drive_time":9.61,"min_walk_time":121.09,"min_transit_time":53.26},"geometry":{"type":"Polygon","coordinates":[[[-84.488968,33.812826],[-84.486139,33.808104],[-84.485094,33.80694],[-84.483761,33.8061],[-84.48137,33.805663],[-84.471045,33.806319],[-84.472107,33.809189],[-84.470818,33.811718],[-84.463108,33.818278],[-84.463259,33.819986],[-84.462527,33.823497],[-84.463297,33.827119],[-84.468434,33.82741],[-84.471334,33.825911],[-84.478034,33.819811],[-84.480234,33.817211],[-84.483334,33.814711],[-84.485534,33.813611],[-84.488968,33.812826]]]}},{"type":"Feature","properties":{"geoid":"13121008802","name":"Census Tract 88.02, Fulton County","county":"Fulton","score_per1000":3.6,"score_drive_per1000":3.6,"score_transit_per1000":0.1,"score_walk_per1000":0,"pop":3198,"med_hh_income":166310,"pct_no_vehicle":19.6,"pct_black":16.8,"pct_hispanic":4.3,"pct_65plus":6.2,"pct_drive":100,"pct_transit":0,"pct_walk":0,"min_drive_time":8.42,"min_walk_time":90.96,"min_transit_time":59.0},"geometry":{"type":"Polygon","coordinates":[[[-84.472107,33.809189],[-84.471045,33.806319],[-84.463148,33.806958],[-84.460131,33.806732],[-84.458605,33.806134],[-84.452265,33.800304],[-84.442423,33.79417],[-84.437513,33.790831],[-84.434355,33.788146],[-84.431535,33.787201],[-84.427908,33.786885],[-84.428647,33.789432],[-84.435989,33.801618],[-84.438109,33.807851],[-84.439334,33.81272],[-84.439876,33.813665],[-84.441287,33.814744],[-84.44611,33.816431],[-84.456501,33.822357],[-84.457328,33.823286],[-84.457885,33.824584],[-84.459333,33.82501],[-84.463297,33.827119],[-84.462527,33.823497],[-84.463259,33.819986],[-84.463108,33.818278],[-84.470559,33.812101],[-84.472107,33.809189]]]}},{"type":"Feature","properties":{"geoid":"13121008903","name":"Census Tract 89.03, Fulton County","county":"Fulton","score_per1000":3.9,"score_drive_per1000":3.9,"score_transit_per1000":0.1,"score_walk_per1000":0,"pop":3420,"med_hh_income":106068,"pct_no_vehicle":3.3,"pct_black":45.3,"pct_hispanic":17.3,"pct_65plus":2.7,"pct_drive":99.09,"pct_transit":0,"pct_walk":0.91,"min_drive_time":7.5,"min_walk_time":82.26,"min_transit_time":59.0},"geometry":{"type":"Polygon","coordinates":[[[-84.457885,33.824584],[-84.456661,33.822492],[-84.452852,33.820148],[-84.445796,33.81627],[-84.440525,33.814288],[-84.439435,33.812966],[-84.438762,33.81047],[-84.435573,33.808348],[-84.432155,33.811202],[-84.43112,33.811632],[-84.441168,33.819085],[-84.450804,33.822888],[-84.45588,33.825776],[-84.457885,33.824584]]]}},{"type":"Feature","properties":{"geoid":"13121008905","name":"Census Tract 89.05, Fulton County","county":"Fulton","score_per1000":3.8,"score_drive_per1000":3.9,"score_transit_per1000":0.1,"score_walk_per1000":0,"pop":5380,"med_hh_income":120184,"pct_no_vehicle":6,"pct_black":31.5,"pct_hispanic":3.2,"pct_65plus":2.8,"pct_drive":97.55,"pct_transit":0,"pct_walk":2.45,"min_drive_time":6.16,"min_walk_time":68.28,"min_transit_time":50.64},"geometry":{"type":"Polygon","coordinates":[[[-84.438762,33.81047],[-84.435989,33.801618],[-84.428647,33.789432],[-84.427908,33.786885],[-84.424345,33.786611],[-84.418953,33.785124],[-84.414423,33.781241],[-84.414977,33.782238],[-84.415302,33.783983],[-84.414502,33.785325],[-84.40952,33.787441],[-84.402306,33.791658],[-84.395033,33.79735],[-84.395208,33.797559],[-84.397573,33.796174],[-84.407853,33.796152],[-84.407846,33.79925],[-84.416015,33.799606],[-84.415935,33.800475],[-84.417775,33.800523],[-84.420186,33.802125],[-84.421786,33.80464],[-84.424034,33.805068],[-84.424887,33.806575],[-84.425117,33.808166],[-84.426901,33.810084],[-84.426636,33.811294],[-84.427472,33.811741],[-84.430578,33.81206],[-84.432155,33.811202],[-84.435573,33.808348],[-84.438762,33.81047]]]}},{"type":"Feature","properties":{"geoid":"13121008906","name":"Census Tract 89.06, Fulton County","county":"Fulton","score_per1000":3.8,"score_drive_per1000":3.9,"score_transit_per1000":0.1,"score_walk_per1000":0,"pop":2285,"med_hh_income":215348,"pct_no_vehicle":12.2,"pct_black":6.4,"pct_hispanic":6.2,"pct_65plus":19.1,"pct_drive":97.38,"pct_transit":0,"pct_walk":2.62,"min_drive_time":7.39,"min_walk_time":76.14,"min_transit_time":59.0},"geometry":{"type":"Polygon","coordinates":[[[-84.455833,33.82581],[-84.450804,33.822888],[-84.441168,33.819085],[-84.43112,33.811632],[-84.430303,33.812138],[-84.428736,33.812065],[-84.426636,33.811294],[-84.425555,33.812361],[-84.425723,33.813508],[-84.429906,33.816134],[-84.430572,33.816965],[-84.430802,33.818284],[-84.429264,33.820035],[-84.429284,33.822347],[-84.431566,33.823594],[-84.433247,33.82383],[-84.433778,33.825555],[-84.43479,33.826392],[-84.438517,33.824397],[-84.441942,33.825273],[-84.444023,33.827471],[-84.442613,33.829924],[-84.442621,33.830453],[-84.444728,33.831985],[-84.445424,33.83197],[-84.447349,33.829719],[-84.44775,33.828509],[-84.447739,33.8269],[-84.448158,33.826289],[-84.449106,33.826264],[-84.450731,33.82701],[-84.452344,33.827217],[-84.455497,33.826814],[-84.455833,33.82581]]]}},{"type":"Feature","properties":{"geoid":"13121008907","name":"Census Tract 89.07, Fulton County","county":"Fulton","score_per1000":3.9,"score_drive_per1000":3.9,"score_transit_per1000":0.1,"score_walk_per1000":0,"pop":2870,"med_hh_income":84104,"pct_no_vehicle":1.6,"pct_black":26.6,"pct_hispanic":7.8,"pct_65plus":13.9,"pct_drive":100,"pct_transit":0,"pct_walk":0,"min_drive_time":5.6,"min_walk_time":61.08,"min_transit_time":59.0},"geometry":{"type":"Polygon","coordinates":[[[-84.430835,33.818156],[-84.430572,33.816965],[-84.430046,33.816253],[-84.425651,33.81342],[-84.425555,33.812361],[-84.426636,33.811294],[-84.424415,33.811258],[-84.422321,33.810028],[-84.418745,33.810198],[-84.421532,33.815924],[-84.423829,33.824924],[-84.425092,33.824744],[-84.429284,33.822347],[-84.429327,33.819832],[-84.430835,33.818156]]]}},{"type":"Feature","properties":{"geoid":"13121008908","name":"Census Tract 89.08, Fulton County","county":"Fulton","score_per1000":4.2,"score_drive_per1000":4.5,"score_transit_per1000":0.9,"score_walk_per1000":0,"pop":2130,"med_hh_income":57143,"pct_no_vehicle":15.3,"pct_black":52,"pct_hispanic":9.5,"pct_65plus":2,"pct_drive":89.58,"pct_transit":10.42,"pct_walk":0,"min_drive_time":3.12,"min_walk_time":41.57,"min_transit_time":31.27},"geometry":{"type":"Polygon","coordinates":[[[-84.415705,33.801214],[-84.416015,33.799606],[-84.407846,33.79925],[-84.407853,33.796152],[-84.397573,33.796174],[-84.395208,33.797559],[-84.396829,33.799896],[-84.398379,33.800831],[-84.406109,33.802475],[-84.413215,33.805403],[-84.415705,33.801214]]]}},{"type":"Feature","properties":{"geoid":"13121008909","name":"Census Tract 89.09, Fulton County","county":"Fulton","score_per1000":4.1,"score_drive_per1000":4.3,"score_transit_per1000":0.5,"score_walk_per1000":0,"pop":1565,"med_hh_income":136851,"pct_no_vehicle":0,"pct_black":8.6,"pct_hispanic":0,"pct_65plus":5.7,"pct_drive":97.34,"pct_transit":0,"pct_walk":2.66,"min_drive_time":4.21,"min_walk_time":48.64,"min_transit_time":41.0},"geometry":{"type":"Polygon","coordinates":[[[-84.426948,33.810347],[-84.425117,33.808166],[-84.424887,33.806575],[-84.424034,33.805068],[-84.421736,33.804604],[-84.420347,33.802279],[-84.417928,33.800583],[-84.415935,33.800475],[-84.413215,33.805403],[-84.416934,33.807903],[-84.418745,33.810198],[-84.422456,33.810049],[-84.424703,33.811302],[-84.426636,33.811294],[-84.426948,33.810347]]]}},{"type":"Feature","properties":{"geoid":"13121009001","name":"Census Tract 90.01, Fulton County","county":"Fulton","score_per1000":4.5,"score_drive_per1000":4.5,"score_transit_per1000":0.9,"score_walk_per1000":0,"pop":1944,"med_hh_income":87336,"pct_no_vehicle":5.4,"pct_black":8,"pct_hispanic":2.9,"pct_65plus":3.9,"pct_drive":100,"pct_transit":0,"pct_walk":0,"min_drive_time":2.48,"min_walk_time":32.92,"min_transit_time":31.27},"geometry":{"type":"Polygon","coordinates":[[[-84.418745,33.810198],[-84.41737,33.808325],[-84.415758,33.806893],[-84.412514,33.804985],[-84.406109,33.802475],[-84.400513,33.801351],[-84.400522,33.801751],[-84.401136,33.802213],[-84.401422,33.804109],[-84.400638,33.806169],[-84.401411,33.806752],[-84.402415,33.808438],[-84.403073,33.809965],[-84.402611,33.810434],[-84.403077,33.810898],[-84.40491,33.810948],[-84.40975,33.809475],[-84.414143,33.809466],[-84.418745,33.810198]]]}},{"type":"Feature","properties":{"geoid":"13121009002","name":"Census Tract 90.02, Fulton County","county":"Fulton","score_per1000":4.3,"score_drive_per1000":4.3,"score_transit_per1000":0.3,"score_walk_per1000":0,"pop":2938,"med_hh_income":250001,"pct_no_vehicle":0,"pct_black":0,"pct_hispanic":6.1,"pct_65plus":10.1,"pct_drive":100,"pct_transit":0,"pct_walk":0,"min_drive_time":3.55,"min_walk_time":40.38,"min_transit_time":40.38},"geometry":{"type":"Polygon","coordinates":[[[-84.423829,33.824924],[-84.421532,33.815924],[-84.418745,33.810198],[-84.414143,33.809466],[-84.40975,33.809475],[-84.404625,33.810998],[-84.403434,33.811033],[-84.402611,33.810434],[-84.401012,33.810961],[-84.40213,33.812004],[-84.402527,33.813008],[-84.403343,33.81354],[-84.404631,33.816159],[-84.404653,33.816597],[-84.403612,33.817371],[-84.402963,33.818467],[-84.40323,33.819127],[-84.404192,33.81998],[-84.406675,33.820312],[-84.410228,33.820084],[-84.41208,33.82054],[-84.412701,33.821243],[-84.412413,33.823456],[-84.412843,33.824334],[-84.416502,33.824611],[-84.416848,33.824182],[-84.416558,33.822794],[-84.416898,33.822062],[-84.420117,33.821923],[-84.421174,33.822538],[-84.422844,33.824433],[-84.423829,33.824924]]]}},{"type":"Feature","properties":{"geoid":"13121009103","name":"Census Tract 91.03, Fulton County","county":"Fulton","score_per1000":4.5,"score_drive_per1000":5.0,"score_transit_per1000":1.8,"score_walk_per1000":0.4,"pop":3861,"med_hh_income":96500,"pct_no_vehicle":8.7,"pct_black":15.8,"pct_hispanic":18,"pct_65plus":7.6,"pct_drive":86.24,"pct_transit":11.31,"pct_walk":2.45,"min_drive_time":1.69,"min_walk_time":18.21,"min_transit_time":18.21},"geometry":{"type":"Polygon","coordinates":[[[-84.403073,33.809965],[-84.401464,33.80683],[-84.400638,33.806169],[-84.401422,33.804109],[-84.401136,33.802213],[-84.400522,33.801751],[-84.400513,33.801351],[-84.397386,33.800323],[-84.396132,33.7991],[-84.395033,33.79735],[-84.392157,33.799704],[-84.393818,33.805556],[-84.39383,33.80667],[-84.396475,33.808002],[-84.401691,33.809644],[-84.402611,33.810434],[-84.403073,33.809965]]]}},{"type":"Feature","properties":{"geoid":"13121009104","name":"Census Tract 91.04, Fulton County","county":"Fulton","score_per1000":4.9,"score_drive_per1000":4.9,"score_transit_per1000":1.6,"score_walk_per1000":0.4,"pop":3176,"med_hh_income":117813,"pct_no_vehicle":2.7,"pct_black":18.9,"pct_hispanic":4.7,"pct_65plus":15.4,"pct_drive":99.29,"pct_transit":0.71,"pct_walk":0,"min_drive_time":1.49,"min_walk_time":12.91,"min_transit_time":12.91},"geometry":{"type":"Polygon","coordinates":[[[-84.404685,33.816511],[-84.403343,33.81354],[-84.402527,33.813008],[-84.40213,33.812004],[-84.40101,33.81105],[-84.401305,33.810708],[-84.402611,33.810434],[-84.402137,33.809923],[-84.396475,33.808002],[-84.39383,33.80667],[-84.393498,33.808345],[-84.392209,33.811559],[-84.392421,33.813064],[-84.392216,33.813726],[-84.391457,33.815241],[-84.389059,33.817665],[-84.39079,33.818343],[-84.393871,33.818787],[-84.394679,33.818299],[-84.396534,33.81605],[-84.400357,33.815713],[-84.40159,33.816214],[-84.402963,33.818467],[-84.403612,33.817371],[-84.404685,33.816511]]]}},{"type":"Feature","properties":{"geoid":"13121009105","name":"Census Tract 91.05, Fulton County","county":"Fulton","score_per1000":4.9,"score_drive_per1000":5.0,"score_transit_per1000":1.8,"score_walk_per1000":0.4,"pop":1175,"med_hh_income":250001,"pct_no_vehicle":0,"pct_black":5.4,"pct_hispanic":0,"pct_65plus":18.1,"pct_drive":96.87,"pct_transit":1.04,"pct_walk":2.09,"min_drive_time":1.84,"min_walk_time":17.41,"min_transit_time":17.41},"geometry":{"type":"Polygon","coordinates":[[[-84.393868,33.806397],[-84.392157,33.799704],[-84.385366,33.804215],[-84.386398,33.806116],[-84.386181,33.807854],[-84.382897,33.810608],[-84.382381,33.811737],[-84.381348,33.812385],[-84.381288,33.812953],[-84.385232,33.811928],[-84.387667,33.811746],[-84.387616,33.809916],[-84.392281,33.808053],[-84.393498,33.808345],[-84.393868,33.806397]]]}},{"type":"Feature","properties":{"geoid":"13121009106","name":"Census Tract 91.06, Fulton County","county":"Fulton","score_per1000":4.1,"score_drive_per1000":4.3,"score_transit_per1000":0.7,"score_walk_per1000":0.1,"pop":2686,"med_hh_income":79706,"pct_no_vehicle":7.6,"pct_black":21.6,"pct_hispanic":10.6,"pct_65plus":9.2,"pct_drive":95.38,"pct_transit":2.87,"pct_walk":1.75,"min_drive_time":2.53,"min_walk_time":21.77,"min_transit_time":21.77},"geometry":{"type":"Polygon","coordinates":[[[-84.392209,33.811559],[-84.393498,33.808345],[-84.392281,33.808053],[-84.387616,33.809916],[-84.387667,33.811746],[-84.385232,33.811928],[-84.381288,33.812953],[-84.381348,33.812385],[-84.382381,33.811737],[-84.382897,33.810608],[-84.386181,33.807854],[-84.386398,33.806116],[-84.385366,33.804215],[-84.379068,33.808853],[-84.373959,33.815774],[-84.376163,33.815707],[-84.382507,33.813418],[-84.38342,33.813504],[-84.387391,33.812449],[-84.388339,33.813685],[-84.390248,33.814767],[-84.390153,33.815288],[-84.388504,33.816957],[-84.388569,33.817389],[-84.389059,33.817665],[-84.391754,33.814759],[-84.392397,33.813236],[-84.392209,33.811559]]]}},{"type":"Feature","properties":{"geoid":"13121009201","name":"Census Tract 92.01, Fulton County","county":"Fulton","score_per1000":4.1,"score_drive_per1000":5.0,"score_transit_per1000":1.9,"score_walk_per1000":0,"pop":2015,"med_hh_income":0,"pct_no_vehicle":16.9,"pct_black":15.5,"pct_hispanic":47.3,"pct_65plus":4.9,"pct_drive":78.71,"pct_transit":6.45,"pct_walk":14.84,"min_drive_time":5.28,"min_walk_time":64.93,"min_transit_time":28.67},"geometry":{"type":"Polygon","coordinates":[[[-84.357388,33.81111],[-84.350799,33.810054],[-84.348229,33.80901],[-84.34851,33.825123],[-84.351992,33.823677],[-84.351309,33.819684],[-84.352583,33.815906],[-84.354532,33.812579],[-84.357388,33.81111]]]}},{"type":"Feature","properties":{"geoid":"13121009202","name":"Census Tract 92.02, Fulton County","county":"Fulton","score_per1000":5.1,"score_drive_per1000":5.2,"score_transit_per1000":2.7,"score_walk_per1000":0,"pop":2510,"med_hh_income":100833,"pct_no_vehicle":2,"pct_black":33.5,"pct_hispanic":2.9,"pct_65plus":4.8,"pct_drive":98.9,"pct_transit":0,"pct_walk":1.1,"min_drive_time":3.45,"min_walk_time":40.35,"min_transit_time":23.0},"geometry":{"type":"Polygon","coordinates":[[[-84.377673,33.808977],[-84.377287,33.806601],[-84.374217,33.801092],[-84.371896,33.80197],[-84.370144,33.802232],[-84.368508,33.803036],[-84.367402,33.804407],[-84.367372,33.805448],[-84.365927,33.808044],[-84.36584,33.809368],[-84.366734,33.811237],[-84.366678,33.813377],[-84.363793,33.815578],[-84.361577,33.818489],[-84.36865,33.816804],[-84.370314,33.815749],[-84.373959,33.815774],[-84.377366,33.81049],[-84.377673,33.808977]]]}},{"type":"Feature","properties":{"geoid":"13121009203","name":"Census Tract 92.03, Fulton County","county":"Fulton","score_per1000":3.9,"score_drive_per1000":5.0,"score_transit_per1000":1.9,"score_walk_per1000":0,"pop":2649,"med_hh_income":70866,"pct_no_vehicle":16.8,"pct_black":36.5,"pct_hispanic":15.3,"pct_65plus":12.6,"pct_drive":75.41,"pct_transit":6.78,"pct_walk":17.82,"min_drive_time":5.28,"min_walk_time":62.41,"min_transit_time":28.67},"geometry":{"type":"Polygon","coordinates":[[[-84.366768,33.811699],[-84.36584,33.809368],[-84.366101,33.807572],[-84.354891,33.812257],[-84.352782,33.815492],[-84.351368,33.819266],[-84.351977,33.823664],[-84.356994,33.822825],[-84.359378,33.821598],[-84.363139,33.816296],[-84.364968,33.814519],[-84.366678,33.813377],[-84.366768,33.811699]]]}},{"type":"Feature","properties":{"geoid":"13121009301","name":"Census Tract 93.01, Fulton County","county":"Fulton","score_per1000":4.4,"score_drive_per1000":5.2,"score_transit_per1000":1.6,"score_walk_per1000":0.1,"pop":3394,"med_hh_income":129076,"pct_no_vehicle":2,"pct_black":1.9,"pct_hispanic":3.5,"pct_65plus":15.1,"pct_drive":84.43,"pct_transit":1.12,"pct_walk":14.45,"min_drive_time":2.13,"min_walk_time":24.55,"min_transit_time":24.55},"geometry":{"type":"Polygon","coordinates":[[[-84.390272,33.814945],[-84.388192,33.813553],[-84.387583,33.812528],[-84.386852,33.812426],[-84.385739,33.812952],[-84.383314,33.813521],[-84.382507,33.813418],[-84.378834,33.81461],[-84.379917,33.815486],[-84.381056,33.815544],[-84.381046,33.817833],[-84.380656,33.817888],[-84.380539,33.818534],[-84.381096,33.819458],[-84.381144,33.820739],[-84.381789,33.82078],[-84.381791,33.822818],[-84.378451,33.822806],[-84.378454,33.828658],[-84.387392,33.828652],[-84.387412,33.823012],[-84.389059,33.817665],[-84.388479,33.817044],[-84.390272,33.814945]]]}},{"type":"Feature","properties":{"geoid":"13121009302","name":"Census Tract 93.02, Fulton County","county":"Fulton","score_per1000":4.9,"score_drive_per1000":5.2,"score_transit_per1000":2.7,"score_walk_per1000":0,"pop":2252,"med_hh_income":156250,"pct_no_vehicle":5.8,"pct_black":11.5,"pct_hispanic":2.3,"pct_65plus":21.2,"pct_drive":90.61,"pct_transit":9.39,"pct_walk":0,"min_drive_time":2.99,"min_walk_time":36.27,"min_transit_time":23.0},"geometry":{"type":"Polygon","coordinates":[[[-84.381791,33.822818],[-84.381789,33.82078],[-84.381144,33.820739],[-84.381096,33.819458],[-84.380539,33.818534],[-84.380656,33.817888],[-84.381046,33.817833],[-84.381056,33.815544],[-84.379917,33.815486],[-84.378834,33.81461],[-84.376163,33.815707],[-84.373959,33.815774],[-84.37278,33.81813],[-84.372655,33.821439],[-84.372223,33.823491],[-84.371017,33.82545],[-84.367441,33.828465],[-84.368054,33.831254],[-84.368815,33.831177],[-84.369375,33.830747],[-84.36921,33.829114],[-84.369665,33.82863],[-84.378454,33.828658],[-84.378451,33.822806],[-84.381791,33.822818]]]}},{"type":"Feature","properties":{"geoid":"13121009405","name":"Census Tract 94.05, Fulton County","county":"Fulton","score_per1000":4.4,"score_drive_per1000":5.2,"score_transit_per1000":2.9,"score_walk_per1000":0,"pop":3385,"med_hh_income":75522,"pct_no_vehicle":21.3,"pct_black":43.5,"pct_hispanic":4.5,"pct_65plus":2.6,"pct_drive":69.27,"pct_transit":28.12,"pct_walk":2.61,"min_drive_time":3.59,"min_walk_time":41.4,"min_transit_time":17.0},"geometry":{"type":"Polygon","coordinates":[[[-84.373923,33.815827],[-84.370314,33.815749],[-84.36865,33.816804],[-84.361577,33.818489],[-84.360169,33.820663],[-84.367557,33.820648],[-84.367107,33.826659],[-84.367441,33.828465],[-84.371017,33.82545],[-84.372223,33.823491],[-84.372655,33.821439],[-84.37278,33.81813],[-84.373923,33.815827]]]}},{"type":"Feature","properties":{"geoid":"13121009406","name":"Census Tract 94.06, Fulton County","county":"Fulton","score_per1000":4.7,"score_drive_per1000":5.2,"score_transit_per1000":2.2,"score_walk_per1000":0,"pop":2159,"med_hh_income":85373,"pct_no_vehicle":10.7,"pct_black":36,"pct_hispanic":23,"pct_65plus":7.6,"pct_drive":83.94,"pct_transit":16.06,"pct_walk":0,"min_drive_time":4.18,"min_walk_time":56.02,"min_transit_time":28.67},"geometry":{"type":"Polygon","coordinates":[[[-84.367147,33.825882],[-84.367557,33.820648],[-84.360169,33.820663],[-84.359378,33.821598],[-84.357437,33.822692],[-84.352662,33.823472],[-84.349235,33.824757],[-84.34851,33.825123],[-84.348472,33.826359],[-84.349938,33.825571],[-84.353026,33.82556],[-84.356164,33.824075],[-84.361866,33.825798],[-84.367147,33.825882]]]}},{"type":"Feature","properties":{"geoid":"13121009407","name":"Census Tract 94.07, Fulton County","county":"Fulton","score_per1000":5.1,"score_drive_per1000":5.2,"score_transit_per1000":1.9,"score_walk_per1000":0,"pop":1222,"med_hh_income":98102,"pct_no_vehicle":1.2,"pct_black":30.9,"pct_hispanic":21.2,"pct_65plus":5,"pct_drive":96.35,"pct_transit":3.65,"pct_walk":0,"min_drive_time":4.52,"min_walk_time":65.69,"min_transit_time":29.0},"geometry":{"type":"Polygon","coordinates":[[[-84.357861,33.826605],[-84.358522,33.824893],[-84.356164,33.824075],[-84.352809,33.825616],[-84.354714,33.82754],[-84.355245,33.827464],[-84.358043,33.828607],[-84.357861,33.826605]]]}},{"type":"Feature","properties":{"geoid":"13121009408","name":"Census Tract 94.08, Fulton County","county":"Fulton","score_per1000":null,"score_drive_per1000":5.0,"score_transit_per1000":1.8,"score_walk_per1000":null,"pop":1274,"med_hh_income":60250,"pct_no_vehicle":9.1,"pct_black":20.1,"pct_hispanic":8.8,"pct_65plus":9.8,"pct_drive":86.66,"pct_transit":6.43,"pct_walk":6.91,"min_drive_time":4.96,"min_walk_time":null,"min_transit_time":29.0},"geometry":{"type":"Polygon","coordinates":[[[-84.367441,33.828465],[-84.367147,33.825882],[-84.362077,33.825827],[-84.358522,33.824893],[-84.357861,33.826605],[-84.358043,33.828607],[-84.360223,33.829739],[-84.359378,33.834469],[-84.360517,33.834457],[-84.361747,33.832889],[-84.367441,33.828465]]]}},{"type":"Feature","properties":{"geoid":"13121009409","name":"Census Tract 94.09, Fulton County","county":"Fulton","score_per1000":4.1,"score_drive_per1000":5.0,"score_transit_per1000":2.3,"score_walk_per1000":0,"pop":1747,"med_hh_income":100357,"pct_no_vehicle":24.9,"pct_black":39.7,"pct_hispanic":13,"pct_65plus":12.7,"pct_drive":71.72,"pct_transit":22.5,"pct_walk":5.78,"min_drive_time":4.58,"min_walk_time":51.63,"min_transit_time":23.0},"geometry":{"type":"Polygon","coordinates":[[[-84.361592,33.841732],[-84.361538,33.840423],[-84.360145,33.836962],[-84.360134,33.835653],[-84.360517,33.834457],[-84.359378,33.834469],[-84.360223,33.829739],[-84.35755,33.828354],[-84.355245,33.827464],[-84.354714,33.82754],[-84.355203,33.829942],[-84.356616,33.832015],[-84.358135,33.836857],[-84.358096,33.844446],[-84.35839,33.845314],[-84.360867,33.843497],[-84.361592,33.841732]]]}},{"type":"Feature","properties":{"geoid":"13121009410","name":"Census Tract 94.10, Fulton County","county":"Fulton","score_per1000":4.7,"score_drive_per1000":5.0,"score_transit_per1000":1.4,"score_walk_per1000":0,"pop":3479,"med_hh_income":98278,"pct_no_vehicle":9,"pct_black":14.6,"pct_hispanic":6.9,"pct_65plus":4.1,"pct_drive":93.18,"pct_transit":2.76,"pct_walk":4.06,"min_drive_time":3.2,"min_walk_time":41.04,"min_transit_time":33.0},"geometry":{"type":"Polygon","coordinates":[[[-84.35839,33.845314],[-84.358102,33.844588],[-84.358106,33.841569],[-84.353235,33.841636],[-84.350452,33.84135],[-84.35034,33.840446],[-84.349464,33.839293],[-84.348464,33.839738],[-84.348009,33.845026],[-84.348329,33.846009],[-84.348283,33.854244],[-84.349743,33.852943],[-84.351316,33.849803],[-84.352234,33.848694],[-84.35839,33.845314]]]}},{"type":"Feature","properties":{"geoid":"13121009411","name":"Census Tract 94.11, Fulton County","county":"Fulton","score_per1000":4.7,"score_drive_per1000":5.0,"score_transit_per1000":0.5,"score_walk_per1000":0,"pop":2592,"med_hh_income":129864,"pct_no_vehicle":0.3,"pct_black":20.4,"pct_hispanic":10.1,"pct_65plus":20.1,"pct_drive":93.26,"pct_transit":3.99,"pct_walk":2.75,"min_drive_time":3.79,"min_walk_time":39.97,"min_transit_time":39.97},"geometry":{"type":"Polygon","coordinates":[[[-84.358145,33.837196],[-84.357179,33.833477],[-84.356279,33.831255],[-84.355203,33.829942],[-84.354556,33.827268],[-84.352809,33.825616],[-84.349938,33.825571],[-84.34849,33.82634],[-84.348464,33.839738],[-84.349464,33.839293],[-84.35034,33.840446],[-84.350452,33.84135],[-84.353235,33.841636],[-84.358106,33.841569],[-84.358145,33.837196]]]}},{"type":"Feature","properties":{"geoid":"13121009501","name":"Census Tract 95.01, Fulton County","county":"Fulton","score_per1000":4.6,"score_drive_per1000":4.8,"score_transit_per1000":1.4,"score_walk_per1000":0,"pop":3676,"med_hh_income":159631,"pct_no_vehicle":6.1,"pct_black":3.5,"pct_hispanic":7.9,"pct_65plus":29.1,"pct_drive":96.04,"pct_transit":0,"pct_walk":3.96,"min_drive_time":3.22,"min_walk_time":35.38,"min_transit_time":26.13},"geometry":{"type":"Polygon","coordinates":[[[-84.407616,33.820416],[-84.404106,33.819926],[-84.403173,33.81905],[-84.401656,33.816285],[-84.400464,33.815725],[-84.396534,33.81605],[-84.394679,33.818299],[-84.393871,33.818787],[-84.39079,33.818343],[-84.389059,33.817665],[-84.387395,33.823174],[-84.38733,33.829546],[-84.387731,33.829849],[-84.389284,33.833461],[-84.388858,33.834875],[-84.387803,33.836327],[-84.388346,33.837379],[-84.390004,33.839051],[-84.390215,33.840259],[-84.391286,33.8417],[-84.39155,33.844333],[-84.396633,33.844204],[-84.398098,33.841878],[-84.402209,33.839838],[-84.404491,33.837514],[-84.405619,33.835895],[-84.40742,33.834976],[-84.407616,33.820416]]]}},{"type":"Feature","properties":{"geoid":"13121009503","name":"Census Tract 95.03, Fulton County","county":"Fulton","score_per1000":4.8,"score_drive_per1000":4.8,"score_transit_per1000":1.4,"score_walk_per1000":0,"pop":1918,"med_hh_income":48750,"pct_no_vehicle":32.7,"pct_black":18.5,"pct_hispanic":8.7,"pct_65plus":57.8,"pct_drive":100,"pct_transit":0,"pct_walk":0,"min_drive_time":4.71,"min_walk_time":47.74,"min_transit_time":26.13},"geometry":{"type":"Polygon","coordinates":[[[-84.389284,33.833461],[-84.387731,33.829849],[-84.38733,33.829546],[-84.382941,33.833848],[-84.381339,33.837087],[-84.38636,33.836816],[-84.386866,33.836322],[-84.387803,33.836327],[-84.388858,33.834875],[-84.389284,33.833461]]]}},{"type":"Feature","properties":{"geoid":"13121009504","name":"Census Tract 95.04, Fulton County","county":"Fulton","score_per1000":4.8,"score_drive_per1000":4.8,"score_transit_per1000":1.2,"score_walk_per1000":0,"pop":3522,"med_hh_income":87962,"pct_no_vehicle":8.9,"pct_black":18.8,"pct_hispanic":9.9,"pct_65plus":17.4,"pct_drive":100,"pct_transit":0,"pct_walk":0,"min_drive_time":4.95,"min_walk_time":53.86,"min_transit_time":34.38},"geometry":{"type":"Polygon","coordinates":[[[-84.395686,33.84517],[-84.395379,33.844046],[-84.39155,33.844333],[-84.391286,33.8417],[-84.390215,33.840259],[-84.390004,33.839051],[-84.388346,33.837379],[-84.387803,33.836327],[-84.386866,33.836322],[-84.38636,33.836816],[-84.381339,33.837087],[-84.37978,33.839392],[-84.378932,33.841801],[-84.379489,33.844076],[-84.381769,33.846606],[-84.382491,33.847967],[-84.383051,33.850841],[-84.382697,33.853299],[-84.385061,33.85228],[-84.38743,33.849227],[-84.394547,33.846885],[-84.39544,33.846051],[-84.395686,33.84517]]]}},{"type":"Feature","properties":{"geoid":"13121009601","name":"Census Tract 96.01, Fulton County","county":"Fulton","score_per1000":4.4,"score_drive_per1000":4.8,"score_transit_per1000":1.5,"score_walk_per1000":0,"pop":3142,"med_hh_income":103782,"pct_no_vehicle":8.7,"pct_black":13.3,"pct_hispanic":8.6,"pct_65plus":8.3,"pct_drive":91.42,"pct_transit":0.83,"pct_walk":7.75,"min_drive_time":4.88,"min_walk_time":58.88,"min_transit_time":33.0},"geometry":{"type":"Polygon","coordinates":[[[-84.383052,33.851053],[-84.382274,33.847432],[-84.379575,33.844214],[-84.378968,33.842673],[-84.378984,33.841607],[-84.379929,33.839438],[-84.378489,33.840198],[-84.377093,33.840374],[-84.375575,33.841032],[-84.371343,33.843658],[-84.37376,33.848249],[-84.378388,33.850403],[-84.382539,33.854184],[-84.383052,33.851053]]]}},{"type":"Feature","properties":{"geoid":"13121009604","name":"Census Tract 96.04, Fulton County","county":"Fulton","score_per1000":4.5,"score_drive_per1000":5.0,"score_transit_per1000":1.8,"score_walk_per1000":0,"pop":3239,"med_hh_income":90705,"pct_no_vehicle":5.3,"pct_black":18.9,"pct_hispanic":3.1,"pct_65plus":15.9,"pct_drive":89.27,"pct_transit":0.64,"pct_walk":10.09,"min_drive_time":4.15,"min_walk_time":47.18,"min_transit_time":26.13},"geometry":{"type":"Polygon","coordinates":[[[-84.387381,33.829257],[-84.387392,33.828652],[-84.369591,33.828656],[-84.36921,33.829114],[-84.369375,33.830747],[-84.368815,33.831177],[-84.368054,33.831254],[-84.36808,33.836984],[-84.381339,33.837087],[-84.382941,33.833848],[-84.387381,33.829257]]]}},{"type":"Feature","properties":{"geoid":"13121009605","name":"Census Tract 96.05, Fulton County","county":"Fulton","score_per1000":4.6,"score_drive_per1000":5.0,"score_transit_per1000":2.4,"score_walk_per1000":0,"pop":2622,"med_hh_income":104761,"pct_no_vehicle":13,"pct_black":18.1,"pct_hispanic":5,"pct_65plus":7.9,"pct_drive":85.05,"pct_transit":12.2,"pct_walk":2.75,"min_drive_time":4.66,"min_walk_time":54.67,"min_transit_time":25.38},"geometry":{"type":"Polygon","coordinates":[[[-84.381339,33.837087],[-84.373328,33.837067],[-84.36808,33.836984],[-84.371343,33.843658],[-84.375575,33.841032],[-84.379252,33.83979],[-84.380823,33.838172],[-84.381339,33.837087]]]}},{"type":"Feature","properties":{"geoid":"13121009606","name":"Census Tract 96.06, Fulton County","county":"Fulton","score_per1000":4.9,"score_drive_per1000":5.0,"score_transit_per1000":2.1,"score_walk_per1000":0,"pop":1578,"med_hh_income":232143,"pct_no_vehicle":1.4,"pct_black":13.2,"pct_hispanic":5.3,"pct_65plus":11.2,"pct_drive":95.85,"pct_transit":2.71,"pct_walk":1.44,"min_drive_time":5.51,"min_walk_time":65.6,"min_transit_time":25.38},"geometry":{"type":"Polygon","coordinates":[[[-84.371343,33.843658],[-84.36808,33.836984],[-84.368044,33.831086],[-84.367441,33.828465],[-84.362293,33.832433],[-84.360774,33.833971],[-84.360315,33.834921],[-84.360099,33.836528],[-84.361538,33.840423],[-84.361475,33.842405],[-84.360867,33.843497],[-84.359641,33.844641],[-84.35697,33.846006],[-84.360863,33.851702],[-84.362896,33.84951],[-84.366435,33.848505],[-84.367811,33.847131],[-84.36872,33.84531],[-84.371343,33.843658]]]}},{"type":"Feature","properties":{"geoid":"13121009607","name":"Census Tract 96.07, Fulton County","county":"Fulton","score_per1000":4.6,"score_drive_per1000":5.0,"score_transit_per1000":2.0,"score_walk_per1000":0,"pop":4699,"med_hh_income":96532,"pct_no_vehicle":13.6,"pct_black":31.8,"pct_hispanic":7.1,"pct_65plus":25.1,"pct_drive":86.31,"pct_transit":10.75,"pct_walk":2.93,"min_drive_time":3.95,"min_walk_time":51.12,"min_transit_time":25.38},"geometry":{"type":"Polygon","coordinates":[[[-84.360863,33.851702],[-84.35697,33.846006],[-84.352959,33.848127],[-84.35164,33.849335],[-84.349743,33.852943],[-84.348283,33.854244],[-84.348302,33.857492],[-84.350665,33.855892],[-84.353951,33.854708],[-84.35591,33.854085],[-84.359511,33.853619],[-84.360085,33.853173],[-84.360863,33.851702]]]}},{"type":"Feature","properties":{"geoid":"13121009700","name":"Census Tract 97, Fulton County","county":"Fulton","score_per1000":3.8,"score_drive_per1000":3.9,"score_transit_per1000":0,"score_walk_per1000":0,"pop":4241,"med_hh_income":250001,"pct_no_vehicle":0,"pct_black":8.5,"pct_hispanic":7.3,"pct_65plus":20.4,"pct_drive":97.38,"pct_transit":0,"pct_walk":2.62,"min_drive_time":7.6,"min_walk_time":106.65,"min_transit_time":83.0},"geometry":{"type":"Polygon","coordinates":[[[-84.460499,33.841129],[-84.460328,33.838954],[-84.457968,33.833816],[-84.455142,33.828812],[-84.455497,33.826814],[-84.451912,33.827215],[-84.449106,33.826264],[-84.448158,33.826289],[-84.447739,33.8269],[-84.447441,33.829556],[-84.446042,33.83137],[-84.445035,33.832062],[-84.442621,33.830453],[-84.442613,33.829924],[-84.444023,33.827471],[-84.441569,33.825094],[-84.438411,33.824415],[-84.43479,33.826392],[-84.433778,33.825555],[-84.433247,33.82383],[-84.431665,33.823631],[-84.429198,33.82234],[-84.425092,33.824744],[-84.423829,33.824924],[-84.425012,33.828803],[-84.429554,33.838721],[-84.429888,33.84044],[-84.429713,33.844752],[-84.430759,33.848577],[-84.430979,33.852182],[-84.432006,33.855723],[-84.433682,33.858506],[-84.437621,33.862947],[-84.44991,33.864435],[-84.451765,33.865374],[-84.453913,33.867646],[-84.454873,33.866668],[-84.455933,33.864709],[-84.455852,33.863338],[-84.454233,33.86101],[-84.454233,33.85891],[-84.459833,33.85321],[-84.460133,33.85181],[-84.458538,33.848611],[-84.458998,33.845605],[-84.460499,33.841129]]]}},{"type":"Feature","properties":{"geoid":"13121009802","name":"Census Tract 98.02, Fulton County","county":"Fulton","score_per1000":3.4,"score_drive_per1000":3.4,"score_transit_per1000":0,"score_walk_per1000":0,"pop":4208,"med_hh_income":212955,"pct_no_vehicle":1,"pct_black":4.4,"pct_hispanic":1.9,"pct_65plus":17.4,"pct_drive":100,"pct_transit":0,"pct_walk":0,"min_drive_time":9.17,"min_walk_time":120.58,"min_transit_time":83.0},"geometry":{"type":"Polygon","coordinates":[[[-84.453913,33.867646],[-84.451765,33.865374],[-84.44991,33.864435],[-84.437621,33.862947],[-84.433682,33.858506],[-84.432159,33.856055],[-84.430979,33.852182],[-84.430799,33.848876],[-84.424768,33.850974],[-84.422195,33.851279],[-84.415974,33.850111],[-84.411475,33.848867],[-84.407284,33.847288],[-84.407191,33.852624],[-84.40555,33.854167],[-84.405306,33.856117],[-84.40343,33.859447],[-84.403675,33.860752],[-84.406953,33.868386],[-84.407181,33.869816],[-84.409711,33.873378],[-84.40967,33.874812],[-84.411976,33.876765],[-84.412384,33.877525],[-84.414067,33.878742],[-84.415949,33.881296],[-84.417893,33.882256],[-84.418676,33.882217],[-84.420076,33.881149],[-84.424282,33.879977],[-84.425116,33.880184],[-84.426886,33.879871],[-84.428609,33.881168],[-84.430314,33.880958],[-84.431954,33.880168],[-84.433539,33.87849],[-84.43635,33.878497],[-84.436265,33.880278],[-84.437103,33.879953],[-84.437137,33.879433],[-84.438022,33.879258],[-84.4387,33.879383],[-84.438745,33.879774],[-84.439255,33.879941],[-84.440215,33.879086],[-84.443091,33.879222],[-84.444344,33.876537],[-84.449718,33.872946],[-84.451127,33.870782],[-84.453913,33.867646]]]}},{"type":"Feature","properties":{"geoid":"13121009803","name":"Census Tract 98.03, Fulton County","county":"Fulton","score_per1000":3.8,"score_drive_per1000":3.9,"score_transit_per1000":0.1,"score_walk_per1000":0,"pop":3403,"med_hh_income":102112,"pct_no_vehicle":13.3,"pct_black":13.8,"pct_hispanic":5.6,"pct_65plus":28.8,"pct_drive":96.71,"pct_transit":0,"pct_walk":3.29,"min_drive_time":6.48,"min_walk_time":81.07,"min_transit_time":53.0},"geometry":{"type":"Polygon","coordinates":[[[-84.430799,33.848876],[-84.429713,33.844752],[-84.429888,33.84044],[-84.429513,33.83858],[-84.426096,33.839707],[-84.425321,33.839677],[-84.421778,33.838367],[-84.420218,33.837347],[-84.41635,33.839953],[-84.411972,33.840206],[-84.409652,33.839681],[-84.407964,33.838273],[-84.4083,33.840859],[-84.407356,33.842178],[-84.407284,33.847288],[-84.411475,33.848867],[-84.415974,33.850111],[-84.422195,33.851279],[-84.424768,33.850974],[-84.430799,33.848876]]]}},{"type":"Feature","properties":{"geoid":"13121009804","name":"Census Tract 98.04, Fulton County","county":"Fulton","score_per1000":4.8,"score_drive_per1000":4.8,"score_transit_per1000":0.1,"score_walk_per1000":0,"pop":2587,"med_hh_income":250001,"pct_no_vehicle":0.8,"pct_black":1.1,"pct_hispanic":2.8,"pct_65plus":9.4,"pct_drive":100,"pct_transit":0,"pct_walk":0,"min_drive_time":4.84,"min_walk_time":60.3,"min_transit_time":53.0},"geometry":{"type":"Polygon","coordinates":[[[-84.429513,33.83858],[-84.425012,33.828803],[-84.423829,33.824924],[-84.422844,33.824433],[-84.420733,33.82214],[-84.416986,33.82201],[-84.416577,33.822615],[-84.416861,33.824092],[-84.416502,33.824611],[-84.412947,33.824356],[-84.412433,33.823636],[-84.412718,33.821423],[-84.412339,33.8207],[-84.410228,33.820084],[-84.407618,33.820314],[-84.40742,33.83671],[-84.407806,33.837988],[-84.40872,33.839084],[-84.40993,33.839805],[-84.411365,33.840171],[-84.41635,33.839953],[-84.420218,33.837347],[-84.421778,33.838367],[-84.425321,33.839677],[-84.426096,33.839707],[-84.429513,33.83858]]]}},{"type":"Feature","properties":{"geoid":"13121009900","name":"Census Tract 99, Fulton County","county":"Fulton","score_per1000":4.2,"score_drive_per1000":4.3,"score_transit_per1000":0.3,"score_walk_per1000":0,"pop":5025,"med_hh_income":124677,"pct_no_vehicle":6.5,"pct_black":7,"pct_hispanic":4,"pct_65plus":13.8,"pct_drive":97.1,"pct_transit":0,"pct_walk":2.9,"min_drive_time":7.25,"min_walk_time":80.96,"min_transit_time":47.0},"geometry":{"type":"Polygon","coordinates":[[[-84.408784,33.872164],[-84.407181,33.869816],[-84.406953,33.868386],[-84.403675,33.860752],[-84.403423,33.859569],[-84.404328,33.857471],[-84.405306,33.856117],[-84.40555,33.854167],[-84.407191,33.852624],[-84.407356,33.842178],[-84.408303,33.840759],[-84.408158,33.838938],[-84.407449,33.836932],[-84.40742,33.834976],[-84.405619,33.835895],[-84.404491,33.837514],[-84.402209,33.839838],[-84.398098,33.841878],[-84.396633,33.844204],[-84.395379,33.844046],[-84.395688,33.844993],[-84.395541,33.845815],[-84.394723,33.846774],[-84.38743,33.849227],[-84.385061,33.85228],[-84.382697,33.853299],[-84.382608,33.85607],[-84.380822,33.85886],[-84.380279,33.862205],[-84.381047,33.866642],[-84.38104,33.872996],[-84.380815,33.874916],[-84.379947,33.876853],[-84.382432,33.878086],[-84.384291,33.877313],[-84.387921,33.877026],[-84.391747,33.875885],[-84.393484,33.874281],[-84.394861,33.873999],[-84.396315,33.87311],[-84.397937,33.874424],[-84.403403,33.874842],[-84.404499,33.875515],[-84.406072,33.873836],[-84.408784,33.872164]]]}},{"type":"Feature","properties":{"geoid":"13121010003","name":"Census Tract 100.03, Fulton County","county":"Fulton","score_per1000":4.3,"score_drive_per1000":4.9,"score_transit_per1000":1.0,"score_walk_per1000":0,"pop":4256,"med_hh_income":149266,"pct_no_vehicle":4.6,"pct_black":8.9,"pct_hispanic":0.8,"pct_65plus":9.4,"pct_drive":88.2,"pct_transit":0,"pct_walk":11.8,"min_drive_time":4.46,"min_walk_time":75.63,"min_transit_time":34.38},"geometry":{"type":"Polygon","coordinates":[[[-84.382672,33.854435],[-84.378388,33.850403],[-84.37376,33.848249],[-84.371343,33.843658],[-84.368516,33.84558],[-84.367648,33.847343],[-84.36947,33.85048],[-84.370037,33.85263],[-84.369097,33.864096],[-84.372039,33.864768],[-84.372765,33.865918],[-84.37359,33.866272],[-84.376765,33.866239],[-84.377751,33.865488],[-84.380738,33.864784],[-84.380254,33.862703],[-84.380656,33.859477],[-84.381105,33.858312],[-84.38251,33.856396],[-84.382672,33.854435]]]}},{"type":"Feature","properties":{"geoid":"13121010004","name":"Census Tract 100.04, Fulton County","county":"Fulton","score_per1000":4.8,"score_drive_per1000":4.8,"score_transit_per1000":0.3,"score_walk_per1000":0,"pop":2389,"med_hh_income":216429,"pct_no_vehicle":0.6,"pct_black":23.1,"pct_hispanic":12.5,"pct_65plus":4.8,"pct_drive":100,"pct_transit":0,"pct_walk":0,"min_drive_time":3.93,"min_walk_time":66.16,"min_transit_time":46.38},"geometry":{"type":"Polygon","coordinates":[[[-84.38109,33.868643],[-84.380738,33.864784],[-84.377751,33.865488],[-84.376765,33.866239],[-84.37359,33.866272],[-84.372765,33.865918],[-84.372039,33.864768],[-84.369097,33.864096],[-84.368354,33.866935],[-84.365692,33.870184],[-84.365103,33.871481],[-84.364943,33.872679],[-84.365324,33.876574],[-84.365077,33.881284],[-84.367334,33.879191],[-84.368659,33.87895],[-84.369668,33.878211],[-84.372102,33.877236],[-84.372199,33.876214],[-84.374343,33.876034],[-84.374916,33.873078],[-84.37566,33.873145],[-84.376915,33.875035],[-84.379947,33.876853],[-84.380911,33.874451],[-84.38109,33.868643]]]}},{"type":"Feature","properties":{"geoid":"13121010005","name":"Census Tract 100.05, Fulton County","county":"Fulton","score_per1000":4.8,"score_drive_per1000":4.8,"score_transit_per1000":0.3,"score_walk_per1000":0,"pop":2928,"med_hh_income":250001,"pct_no_vehicle":4.2,"pct_black":2,"pct_hispanic":2.2,"pct_65plus":17.6,"pct_drive":99.03,"pct_transit":0.97,"pct_walk":0,"min_drive_time":3.89,"min_walk_time":47.44,"min_transit_time":47.44},"geometry":{"type":"Polygon","coordinates":[[[-84.368763,33.866032],[-84.369718,33.857551],[-84.367844,33.857368],[-84.367675,33.860706],[-84.366239,33.860812],[-84.363526,33.860209],[-84.3638,33.860651],[-84.363003,33.861921],[-84.360135,33.862276],[-84.359459,33.861805],[-84.35796,33.861771],[-84.357938,33.86407],[-84.355792,33.864431],[-84.353506,33.865434],[-84.352358,33.865028],[-84.350381,33.862892],[-84.348234,33.86223],[-84.348319,33.890909],[-84.351133,33.889079],[-84.352986,33.888369],[-84.353895,33.888458],[-84.354853,33.88803],[-84.35742,33.888263],[-84.357978,33.887154],[-84.359346,33.885892],[-84.358959,33.885276],[-84.359201,33.884291],[-84.358927,33.883728],[-84.359974,33.882491],[-84.360844,33.882738],[-84.362205,33.881895],[-84.36253,33.882227],[-84.363791,33.88237],[-84.365077,33.881284],[-84.365324,33.876574],[-84.365025,33.871835],[-84.365692,33.870184],[-84.367252,33.868492],[-84.368763,33.866032]]]}},{"type":"Feature","properties":{"geoid":"13121010006","name":"Census Tract 100.06, Fulton County","county":"Fulton","score_per1000":5.1,"score_drive_per1000":5.2,"score_transit_per1000":2.1,"score_walk_per1000":0,"pop":3862,"med_hh_income":119826,"pct_no_vehicle":11.5,"pct_black":27.3,"pct_hispanic":6.7,"pct_65plus":20.6,"pct_drive":97.48,"pct_transit":0,"pct_walk":2.52,"min_drive_time":4.51,"min_walk_time":62.1,"min_transit_time":25.38},"geometry":{"type":"Polygon","coordinates":[[[-84.370034,33.852708],[-84.36947,33.85048],[-84.367648,33.847343],[-84.365837,33.848835],[-84.364444,33.848916],[-84.3628,33.849566],[-84.359511,33.853619],[-84.36053,33.855248],[-84.361333,33.855712],[-84.362115,33.855797],[-84.363393,33.855349],[-84.365139,33.856159],[-84.367853,33.856094],[-84.367844,33.857368],[-84.369718,33.857551],[-84.370034,33.852708]]]}},{"type":"Feature","properties":{"geoid":"13121010007","name":"Census Tract 100.07, Fulton County","county":"Fulton","score_per1000":5.1,"score_drive_per1000":5.2,"score_transit_per1000":1.9,"score_walk_per1000":0,"pop":1821,"med_hh_income":201771,"pct_no_vehicle":6.4,"pct_black":2.6,"pct_hispanic":11.1,"pct_65plus":32,"pct_drive":98.4,"pct_transit":0,"pct_walk":1.6,"min_drive_time":4.51,"min_walk_time":60.91,"min_transit_time":25.38},"geometry":{"type":"Polygon","coordinates":[[[-84.367727,33.86068],[-84.367853,33.856094],[-84.365139,33.856159],[-84.363393,33.855349],[-84.361916,33.855818],[-84.360961,33.855554],[-84.359511,33.853619],[-84.35591,33.854085],[-84.350665,33.855892],[-84.348302,33.857492],[-84.348318,33.862152],[-84.350381,33.862892],[-84.352358,33.865028],[-84.353623,33.86541],[-84.355792,33.864431],[-84.357938,33.86407],[-84.35796,33.861771],[-84.359459,33.861805],[-84.360135,33.862276],[-84.363003,33.861921],[-84.3638,33.860651],[-84.363526,33.860209],[-84.366239,33.860812],[-84.367727,33.86068]]]}},{"type":"Feature","properties":{"geoid":"13121010106","name":"Census Tract 101.06, Fulton County","county":"Fulton","score_per1000":3.5,"score_drive_per1000":3.6,"score_transit_per1000":0.2,"score_walk_per1000":0,"pop":3599,"med_hh_income":101688,"pct_no_vehicle":0.7,"pct_black":16.8,"pct_hispanic":6.2,"pct_65plus":15.4,"pct_drive":95.52,"pct_transit":4.48,"pct_walk":0,"min_drive_time":7.65,"min_walk_time":133.09,"min_transit_time":53.38},"geometry":{"type":"Polygon","coordinates":[[[-84.339656,33.986875],[-84.341864,33.982257],[-84.340463,33.98221],[-84.341098,33.98125],[-84.340902,33.979971],[-84.341368,33.975754],[-84.340611,33.97268],[-84.33954,33.971049],[-84.336816,33.970917],[-84.325699,33.967377],[-84.320128,33.967377],[-84.318484,33.966991],[-84.316566,33.966052],[-84.316118,33.967201],[-84.313407,33.968009],[-84.31359,33.969352],[-84.313125,33.971495],[-84.313819,33.9729],[-84.313868,33.975028],[-84.3158,33.976903],[-84.317526,33.979354],[-84.319908,33.978385],[-84.320879,33.978595],[-84.318669,33.97997],[-84.318103,33.98108],[-84.317693,33.981125],[-84.317069,33.982237],[-84.315908,33.983099],[-84.316403,33.985472],[-84.321441,33.985665],[-84.323534,33.987236],[-84.32473,33.990181],[-84.324588,33.993876],[-84.328302,34.000206],[-84.331122,34.003259],[-84.332189,34.00582],[-84.332601,34.008044],[-84.333365,34.009382],[-84.334878,34.007194],[-84.335826,34.005076],[-84.338644,33.989873],[-84.339656,33.986875]]]}},{"type":"Feature","properties":{"geoid":"13121010107","name":"Census Tract 101.07, Fulton County","county":"Fulton","score_per1000":2.8,"score_drive_per1000":2.8,"score_transit_per1000":0,"score_walk_per1000":0,"pop":1911,"med_hh_income":250001,"pct_no_vehicle":1.8,"pct_black":1.8,"pct_hispanic":3.2,"pct_65plus":28.1,"pct_drive":99.36,"pct_transit":0.64,"pct_walk":0,"min_drive_time":9.92,"min_walk_time":130.38,"min_transit_time":107.0},"geometry":{"type":"Polygon","coordinates":[[[-84.320729,33.978717],[-84.319908,33.978385],[-84.317526,33.979354],[-84.315909,33.977032],[-84.313718,33.974709],[-84.313819,33.9729],[-84.313125,33.971495],[-84.31359,33.969352],[-84.313407,33.968009],[-84.316118,33.967201],[-84.316566,33.966052],[-84.315517,33.966068],[-84.313296,33.96541],[-84.311693,33.964348],[-84.309536,33.963835],[-84.302506,33.960071],[-84.302486,33.962988],[-84.300886,33.965211],[-84.295045,33.965053],[-84.293613,33.96621],[-84.291417,33.967253],[-84.289765,33.969438],[-84.287534,33.970119],[-84.284876,33.97161],[-84.280435,33.972718],[-84.28021,33.972904],[-84.280521,33.973376],[-84.2788,33.975191],[-84.280239,33.977486],[-84.285146,33.975691],[-84.28954,33.975254],[-84.291786,33.975634],[-84.296657,33.97812],[-84.298917,33.9807],[-84.29956,33.982782],[-84.298896,33.984321],[-84.29583,33.984432],[-84.294415,33.985358],[-84.29553,33.988044],[-84.296983,33.988721],[-84.299791,33.988706],[-84.302307,33.986913],[-84.303335,33.984518],[-84.306616,33.983652],[-84.309262,33.983955],[-84.312059,33.985252],[-84.316403,33.985472],[-84.315908,33.983099],[-84.317069,33.982237],[-84.317693,33.981125],[-84.318103,33.98108],[-84.318669,33.97997],[-84.320729,33.978717]]]}},{"type":"Feature","properties":{"geoid":"13121010108","name":"Census Tract 101.08, Fulton County","county":"Fulton","score_per1000":2.4,"score_drive_per1000":2.5,"score_transit_per1000":0,"score_walk_per1000":0,"pop":4691,"med_hh_income":164531,"pct_no_vehicle":11.5,"pct_black":12.1,"pct_hispanic":3.9,"pct_65plus":22.4,"pct_drive":95.54,"pct_transit":3.03,"pct_walk":1.43,"min_drive_time":10.9,"min_walk_time":139.35,"min_transit_time":107.0},"geometry":{"type":"Polygon","coordinates":[[[-84.302547,33.962681],[-84.302506,33.960071],[-84.301025,33.959535],[-84.299828,33.959349],[-84.297964,33.959834],[-84.294112,33.95973],[-84.291056,33.958385],[-84.287459,33.957751],[-84.284275,33.956382],[-84.280501,33.956026],[-84.277199,33.957833],[-84.277097,33.95762],[-84.274126,33.958306],[-84.273025,33.959402],[-84.272499,33.958846],[-84.268745,33.961603],[-84.267626,33.963782],[-84.260221,33.967558],[-84.258093,33.96819],[-84.260858,33.970703],[-84.262658,33.973407],[-84.265461,33.971992],[-84.266606,33.971734],[-84.268125,33.972073],[-84.271988,33.973997],[-84.272527,33.974497],[-84.273081,33.976697],[-84.274028,33.978372],[-84.275562,33.979559],[-84.277354,33.980032],[-84.278177,33.979649],[-84.279342,33.978115],[-84.280239,33.977486],[-84.2788,33.975191],[-84.280521,33.973376],[-84.28021,33.972904],[-84.280435,33.972718],[-84.284876,33.97161],[-84.287534,33.970119],[-84.289765,33.969438],[-84.291417,33.967253],[-84.293613,33.96621],[-84.295045,33.965053],[-84.300886,33.965211],[-84.302547,33.962681]]]}},{"type":"Feature","properties":{"geoid":"13121010115","name":"Census Tract 101.15, Fulton County","county":"Fulton","score_per1000":4.2,"score_drive_per1000":4.4,"score_transit_per1000":1.3,"score_walk_per1000":1.0,"pop":3107,"med_hh_income":204978,"pct_no_vehicle":0.9,"pct_black":23.7,"pct_hispanic":14.9,"pct_65plus":25.7,"pct_drive":94.63,"pct_transit":2.93,"pct_walk":2.44,"min_drive_time":1.49,"min_walk_time":14.54,"min_transit_time":14.54},"geometry":{"type":"Polygon","coordinates":[[[-84.365138,33.891803],[-84.365077,33.881284],[-84.363791,33.88237],[-84.36253,33.882227],[-84.362205,33.881895],[-84.360844,33.882738],[-84.359974,33.882491],[-84.358927,33.883728],[-84.359201,33.884291],[-84.358959,33.885276],[-84.359346,33.885892],[-84.357978,33.887154],[-84.35742,33.888263],[-84.354853,33.88803],[-84.353895,33.888458],[-84.352986,33.888369],[-84.351133,33.889079],[-84.348319,33.890909],[-84.347917,33.91501],[-84.35373,33.91307],[-84.357507,33.91135],[-84.357552,33.90818],[-84.358363,33.905387],[-84.364516,33.894386],[-84.365138,33.891803]]]}},{"type":"Feature","properties":{"geoid":"13121010117","name":"Census Tract 101.17, Fulton County","county":"Fulton","score_per1000":4.0,"score_drive_per1000":4.2,"score_transit_per1000":0.2,"score_walk_per1000":0,"pop":3928,"med_hh_income":85436,"pct_no_vehicle":7.4,"pct_black":35.8,"pct_hispanic":15.6,"pct_65plus":4,"pct_drive":94.89,"pct_transit":4.4,"pct_walk":0.71,"min_drive_time":4.81,"min_walk_time":86.03,"min_transit_time":48.38},"geometry":{"type":"Polygon","coordinates":[[[-84.365759,33.961884],[-84.364516,33.956298],[-84.364604,33.95533],[-84.362029,33.955074],[-84.360082,33.956008],[-84.357802,33.956266],[-84.356367,33.956784],[-84.350233,33.965858],[-84.356945,33.968372],[-84.361301,33.968441],[-84.365178,33.963235],[-84.365759,33.961884]]]}},{"type":"Feature","properties":{"geoid":"13121010120","name":"Census Tract 101.20, Fulton County","county":"Fulton","score_per1000":4.2,"score_drive_per1000":4.4,"score_transit_per1000":0.3,"score_walk_per1000":0,"pop":2896,"med_hh_income":90859,"pct_no_vehicle":4,"pct_black":17.6,"pct_hispanic":9.3,"pct_65plus":15.2,"pct_drive":95.69,"pct_transit":1.57,"pct_walk":2.75,"min_drive_time":7.29,"min_walk_time":125.64,"min_transit_time":41.74},"geometry":{"type":"Polygon","coordinates":[[[-84.350496,34.003721],[-84.350432,34.001591],[-84.347926,34.001266],[-84.346935,34.000644],[-84.346033,33.999294],[-84.344392,33.998371],[-84.342746,33.998295],[-84.34001,33.999343],[-84.337025,33.998982],[-84.335826,34.005076],[-84.334878,34.007194],[-84.333365,34.009382],[-84.334638,34.010134],[-84.336047,34.010088],[-84.337226,34.009598],[-84.339932,34.007934],[-84.343176,34.004451],[-84.343697,34.004248],[-84.350496,34.003721]]]}},{"type":"Feature","properties":{"geoid":"13121010121","name":"Census Tract 101.21, Fulton County","county":"Fulton","score_per1000":3.8,"score_drive_per1000":4.2,"score_transit_per1000":0.7,"score_walk_per1000":0,"pop":2779,"med_hh_income":122880,"pct_no_vehicle":9,"pct_black":23.2,"pct_hispanic":5.4,"pct_65plus":27.3,"pct_drive":90.55,"pct_transit":9.45,"pct_walk":0,"min_drive_time":4.18,"min_walk_time":50.94,"min_transit_time":36.38},"geometry":{"type":"Polygon","coordinates":[[[-84.380073,33.932636],[-84.379193,33.929166],[-84.379077,33.925143],[-84.376863,33.92448],[-84.372548,33.924559],[-84.364679,33.927776],[-84.357891,33.929816],[-84.357936,33.933339],[-84.361498,33.933615],[-84.364905,33.935787],[-84.369615,33.93727],[-84.378335,33.936998],[-84.379674,33.934779],[-84.380073,33.932636]]]}},{"type":"Feature","properties":{"geoid":"13121010124","name":"Census Tract 101.24, Fulton County","county":"Fulton","score_per1000":3.9,"score_drive_per1000":3.9,"score_transit_per1000":0.3,"score_walk_per1000":0,"pop":2183,"med_hh_income":97701,"pct_no_vehicle":1.9,"pct_black":38.1,"pct_hispanic":39.3,"pct_65plus":0.5,"pct_drive":98.42,"pct_transit":1.58,"pct_walk":0,"min_drive_time":7.81,"min_walk_time":138.91,"min_transit_time":41.74},"geometry":{"type":"Polygon","coordinates":[[[-84.346429,33.99483],[-84.347399,33.993453],[-84.34644,33.992645],[-84.342191,33.989719],[-84.340092,33.991263],[-84.33822,33.991712],[-84.337025,33.998982],[-84.34001,33.999343],[-84.342746,33.998295],[-84.344135,33.998294],[-84.344707,33.995497],[-84.34553,33.99529],[-84.345897,33.994699],[-84.346429,33.99483]]]}},{"type":"Feature","properties":{"geoid":"13121010125","name":"Census Tract 101.25, Fulton County","county":"Fulton","score_per1000":3.5,"score_drive_per1000":4.2,"score_transit_per1000":0.9,"score_walk_per1000":0,"pop":3242,"med_hh_income":89017,"pct_no_vehicle":15.9,"pct_black":38.3,"pct_hispanic":10.3,"pct_65plus":7.9,"pct_drive":78.12,"pct_transit":17.89,"pct_walk":3.99,"min_drive_time":7.02,"min_walk_time":132.96,"min_transit_time":36.38},"geometry":{"type":"Polygon","coordinates":[[[-84.351797,33.99117],[-84.351584,33.989172],[-84.350799,33.986703],[-84.35026,33.981435],[-84.341864,33.982257],[-84.339457,33.987367],[-84.33822,33.991712],[-84.340092,33.991263],[-84.342191,33.989719],[-84.34644,33.992645],[-84.347399,33.993453],[-84.346429,33.99483],[-84.345897,33.994699],[-84.34553,33.99529],[-84.344707,33.995497],[-84.344135,33.998294],[-84.345796,33.9991],[-84.346935,34.000644],[-84.347926,34.001266],[-84.350432,34.001591],[-84.350658,33.998178],[-84.351797,33.99117]]]}},{"type":"Feature","properties":{"geoid":"13121010126","name":"Census Tract 101.26, Fulton County","county":"Fulton","score_per1000":3.6,"score_drive_per1000":4.0,"score_transit_per1000":0.2,"score_walk_per1000":0,"pop":2045,"med_hh_income":90179,"pct_no_vehicle":9.2,"pct_black":13.3,"pct_hispanic":25.2,"pct_65plus":16.9,"pct_drive":90.48,"pct_transit":2.22,"pct_walk":7.3,"min_drive_time":5.23,"min_walk_time":80.87,"min_transit_time":48.38},"geometry":{"type":"Polygon","coordinates":[[[-84.37474,33.940853],[-84.372995,33.939552],[-84.371763,33.93945],[-84.366242,33.940472],[-84.362208,33.943306],[-84.361495,33.944717],[-84.36144,33.946129],[-84.360369,33.947132],[-84.360873,33.947387],[-84.364811,33.947185],[-84.368135,33.947947],[-84.369743,33.946567],[-84.371076,33.946234],[-84.372526,33.943147],[-84.37474,33.940853]]]}},{"type":"Feature","properties":{"geoid":"13121010127","name":"Census Tract 101.27, Fulton County","county":"Fulton","score_per1000":4.0,"score_drive_per1000":4.2,"score_transit_per1000":0.2,"score_walk_per1000":0,"pop":2528,"med_hh_income":153581,"pct_no_vehicle":4.1,"pct_black":25.4,"pct_hispanic":5.1,"pct_65plus":17.1,"pct_drive":96.42,"pct_transit":0,"pct_walk":3.58,"min_drive_time":3.94,"min_walk_time":63.23,"min_transit_time":48.38},"geometry":{"type":"Polygon","coordinates":[[[-84.378264,33.937108],[-84.369615,33.93727],[-84.364905,33.935787],[-84.361498,33.933615],[-84.357936,33.933339],[-84.358165,33.944946],[-84.357888,33.951533],[-84.357222,33.954762],[-84.356367,33.956784],[-84.357802,33.956266],[-84.360082,33.956008],[-84.362238,33.955035],[-84.364604,33.95533],[-84.366755,33.95303],[-84.368212,33.95092],[-84.370532,33.948771],[-84.371076,33.946234],[-84.369743,33.946567],[-84.368135,33.947947],[-84.364811,33.947185],[-84.360539,33.947283],[-84.360369,33.947132],[-84.36144,33.946129],[-84.361495,33.944717],[-84.362208,33.943306],[-84.366648,33.940349],[-84.372615,33.939497],[-84.37474,33.940853],[-84.378264,33.937108]]]}},{"type":"Feature","properties":{"geoid":"13121010128","name":"Census Tract 101.28, Fulton County","county":"Fulton","score_per1000":3.9,"score_drive_per1000":4.2,"score_transit_per1000":0.8,"score_walk_per1000":0,"pop":1619,"med_hh_income":76479,"pct_no_vehicle":0,"pct_black":53.6,"pct_hispanic":20.3,"pct_65plus":0.3,"pct_drive":93.36,"pct_transit":6.64,"pct_walk":0,"min_drive_time":2.81,"min_walk_time":46.38,"min_transit_time":36.38},"geometry":{"type":"Polygon","coordinates":[[[-84.378994,33.912149],[-84.378766,33.908945],[-84.377791,33.908644],[-84.375703,33.909388],[-84.375074,33.908647],[-84.37395,33.90906],[-84.37183,33.908584],[-84.371895,33.908972],[-84.371124,33.909508],[-84.371152,33.910085],[-84.36994,33.910428],[-84.369013,33.910316],[-84.368607,33.910681],[-84.375128,33.911873],[-84.378994,33.912149]]]}},{"type":"Feature","properties":{"geoid":"13121010129","name":"Census Tract 101.29, Fulton County","county":"Fulton","score_per1000":4.1,"score_drive_per1000":4.2,"score_transit_per1000":1.2,"score_walk_per1000":0.6,"pop":4358,"med_hh_income":93463,"pct_no_vehicle":4.1,"pct_black":14.8,"pct_hispanic":8.5,"pct_65plus":12.8,"pct_drive":97.38,"pct_transit":0,"pct_walk":2.62,"min_drive_time":1.65,"min_walk_time":18.18,"min_transit_time":18.18},"geometry":{"type":"Polygon","coordinates":[[[-84.378516,33.90318],[-84.378537,33.902085],[-84.376874,33.902749],[-84.374213,33.902693],[-84.372363,33.903985],[-84.371176,33.904196],[-84.370427,33.903577],[-84.368161,33.900285],[-84.366932,33.897378],[-84.364193,33.895021],[-84.358363,33.905387],[-84.357552,33.90818],[-84.357507,33.91135],[-84.359583,33.910564],[-84.362152,33.910059],[-84.365292,33.910114],[-84.368607,33.910681],[-84.369013,33.910316],[-84.36994,33.910428],[-84.371152,33.910085],[-84.371124,33.909508],[-84.371895,33.908972],[-84.371906,33.908574],[-84.37395,33.90906],[-84.375074,33.908647],[-84.375703,33.909388],[-84.377173,33.908666],[-84.378766,33.908945],[-84.378516,33.90318]]]}},{"type":"Feature","properties":{"geoid":"13121010130","name":"Census Tract 101.30, Fulton County","county":"Fulton","score_per1000":4.1,"score_drive_per1000":4.2,"score_transit_per1000":1.6,"score_walk_per1000":0,"pop":4173,"med_hh_income":94495,"pct_no_vehicle":14.8,"pct_black":19.7,"pct_hispanic":2.6,"pct_65plus":5,"pct_drive":97.98,"pct_transit":2.02,"pct_walk":0,"min_drive_time":3.25,"min_walk_time":47.52,"min_transit_time":23.38},"geometry":{"type":"Polygon","coordinates":[[[-84.358015,33.948702],[-84.357922,33.938313],[-84.357891,33.929816],[-84.352352,33.932397],[-84.350021,33.934946],[-84.347827,33.938023],[-84.347829,33.950064],[-84.352819,33.950583],[-84.353994,33.951737],[-84.355117,33.951486],[-84.357091,33.949056],[-84.358015,33.948702]]]}},{"type":"Feature","properties":{"geoid":"13121010131","name":"Census Tract 101.31, Fulton County","county":"Fulton","score_per1000":3.6,"score_drive_per1000":4.2,"score_transit_per1000":0.7,"score_walk_per1000":0,"pop":3063,"med_hh_income":97455,"pct_no_vehicle":9.4,"pct_black":28.3,"pct_hispanic":5.8,"pct_65plus":9.1,"pct_drive":84.5,"pct_transit":12.45,"pct_walk":3.06,"min_drive_time":4.07,"min_walk_time":75.45,"min_transit_time":36.38},"geometry":{"type":"Polygon","coordinates":[[[-84.358015,33.948702],[-84.357091,33.949056],[-84.355518,33.951187],[-84.354419,33.95172],[-84.353785,33.951679],[-84.353492,33.951018],[-84.352819,33.950583],[-84.347829,33.950064],[-84.347823,33.963294],[-84.347416,33.968115],[-84.346841,33.968116],[-84.346747,33.966324],[-84.346171,33.965986],[-84.344997,33.967012],[-84.343059,33.96812],[-84.342178,33.968241],[-84.339636,33.970016],[-84.33931,33.970022],[-84.339035,33.969312],[-84.338794,33.969383],[-84.338899,33.969701],[-84.337339,33.970886],[-84.33954,33.971049],[-84.341188,33.970677],[-84.344509,33.968432],[-84.347924,33.970196],[-84.35014,33.966003],[-84.356367,33.956784],[-84.357679,33.95304],[-84.358015,33.948702]]]}},{"type":"Feature","properties":{"geoid":"13121010132","name":"Census Tract 101.32, Fulton County","county":"Fulton","score_per1000":3.9,"score_drive_per1000":4.2,"score_transit_per1000":1.5,"score_walk_per1000":0.2,"pop":3616,"med_hh_income":112705,"pct_no_vehicle":14.5,"pct_black":25.8,"pct_hispanic":14.5,"pct_65plus":15.1,"pct_drive":90.73,"pct_transit":7.21,"pct_walk":2.06,"min_drive_time":2.49,"min_walk_time":27.15,"min_transit_time":23.38},"geometry":{"type":"Polygon","coordinates":[[[-84.379319,33.914961],[-84.379063,33.91214],[-84.375128,33.911873],[-84.363717,33.909998],[-84.360398,33.910368],[-84.357507,33.91135],[-84.357904,33.918934],[-84.379029,33.919116],[-84.379319,33.914961]]]}},{"type":"Feature","properties":{"geoid":"13121010133","name":"Census Tract 101.33, Fulton County","county":"Fulton","score_per1000":4.1,"score_drive_per1000":4.2,"score_transit_per1000":1.5,"score_walk_per1000":0,"pop":5644,"med_hh_income":91156,"pct_no_vehicle":6.2,"pct_black":29.5,"pct_hispanic":4.1,"pct_65plus":11.4,"pct_drive":98.56,"pct_transit":1.44,"pct_walk":0,"min_drive_time":1.85,"min_walk_time":30.75,"min_transit_time":23.38},"geometry":{"type":"Polygon","coordinates":[[[-84.379077,33.925143],[-84.379029,33.919116],[-84.357904,33.918934],[-84.357507,33.91135],[-84.35373,33.91307],[-84.347917,33.91501],[-84.347827,33.938023],[-84.351575,33.93308],[-84.354247,33.93134],[-84.357654,33.929894],[-84.365068,33.927632],[-84.372548,33.924559],[-84.376863,33.92448],[-84.379077,33.925143]]]}},{"type":"Feature","properties":{"geoid":"13121010134","name":"Census Tract 101.34, Fulton County","county":"Fulton","score_per1000":3.4,"score_drive_per1000":4.0,"score_transit_per1000":0.2,"score_walk_per1000":0,"pop":2301,"med_hh_income":79607,"pct_no_vehicle":9.1,"pct_black":27.6,"pct_hispanic":18.6,"pct_65plus":5.3,"pct_drive":83.62,"pct_transit":16.38,"pct_walk":0,"min_drive_time":5.46,"min_walk_time":107.31,"min_transit_time":53.38},"geometry":{"type":"Polygon","coordinates":[[[-84.358767,33.971241],[-84.361301,33.968441],[-84.356945,33.968372],[-84.350233,33.965858],[-84.347924,33.970196],[-84.350134,33.971464],[-84.353933,33.974994],[-84.357359,33.973318],[-84.358767,33.971241]]]}},{"type":"Feature","properties":{"geoid":"13121010135","name":"Census Tract 101.35, Fulton County","county":"Fulton","score_per1000":3.5,"score_drive_per1000":3.9,"score_transit_per1000":0.2,"score_walk_per1000":0,"pop":1705,"med_hh_income":50739,"pct_no_vehicle":11.6,"pct_black":38.6,"pct_hispanic":25.1,"pct_65plus":9.5,"pct_drive":89.34,"pct_transit":9.0,"pct_walk":1.66,"min_drive_time":6.27,"min_walk_time":116.9,"min_transit_time":53.38},"geometry":{"type":"Polygon","coordinates":[[[-84.353819,33.97504],[-84.350134,33.971464],[-84.344509,33.968432],[-84.341362,33.970607],[-84.33954,33.971049],[-84.340611,33.97268],[-84.341368,33.975754],[-84.340902,33.979971],[-84.341098,33.98125],[-84.340463,33.98221],[-84.35026,33.981435],[-84.350497,33.979852],[-84.352069,33.97627],[-84.352814,33.975491],[-84.353819,33.97504]]]}},{"type":"Feature","properties":{"geoid":"13121010136","name":"Census Tract 101.36, Fulton County","county":"Fulton","score_per1000":4.4,"score_drive_per1000":4.6,"score_transit_per1000":0.8,"score_walk_per1000":0,"pop":3458,"med_hh_income":138438,"pct_no_vehicle":0.6,"pct_black":7.5,"pct_hispanic":14.6,"pct_65plus":5,"pct_drive":94.71,"pct_transit":3.0,"pct_walk":2.29,"min_drive_time":2.71,"min_walk_time":51.21,"min_transit_time":36.38},"geometry":{"type":"Polygon","coordinates":[[[-84.381697,33.886724],[-84.379897,33.882301],[-84.379947,33.876853],[-84.376915,33.875035],[-84.37566,33.873145],[-84.374916,33.873078],[-84.374343,33.876034],[-84.372199,33.876214],[-84.372102,33.877236],[-84.369668,33.878211],[-84.368659,33.87895],[-84.367334,33.879191],[-84.365077,33.881284],[-84.365116,33.88945],[-84.369223,33.88974],[-84.373154,33.889527],[-84.381697,33.886724]]]}},{"type":"Feature","properties":{"geoid":"13121010137","name":"Census Tract 101.37, Fulton County","county":"Fulton","score_per1000":3.7,"score_drive_per1000":4.0,"score_transit_per1000":0.8,"score_walk_per1000":0,"pop":3172,"med_hh_income":81818,"pct_no_vehicle":6.3,"pct_black":16.6,"pct_hispanic":19.6,"pct_65plus":19.5,"pct_drive":92.54,"pct_transit":7.46,"pct_walk":0,"min_drive_time":4.58,"min_walk_time":49.63,"min_transit_time":36.38},"geometry":{"type":"Polygon","coordinates":[[[-84.381152,33.892677],[-84.381697,33.886724],[-84.381172,33.886853],[-84.373154,33.889527],[-84.369223,33.88974],[-84.365116,33.88945],[-84.365072,33.892719],[-84.364193,33.895021],[-84.366932,33.897378],[-84.368161,33.900285],[-84.370427,33.903577],[-84.371176,33.904196],[-84.372363,33.903985],[-84.374213,33.902693],[-84.376874,33.902749],[-84.378807,33.902103],[-84.380887,33.899391],[-84.381556,33.897466],[-84.381152,33.892677]]]}},{"type":"Feature","properties":{"geoid":"13121010204","name":"Census Tract 102.04, Fulton County","county":"Fulton","score_per1000":3.6,"score_drive_per1000":3.7,"score_transit_per1000":0,"score_walk_per1000":0,"pop":4965,"med_hh_income":182708,"pct_no_vehicle":1.7,"pct_black":1.7,"pct_hispanic":0.9,"pct_65plus":25,"pct_drive":97.51,"pct_transit":2.49,"pct_walk":0,"min_drive_time":5.89,"min_walk_time":98.55,"min_transit_time":60.38},"geometry":{"type":"Polygon","coordinates":[[[-84.44754,33.909048],[-84.447208,33.907743],[-84.442712,33.901549],[-84.433266,33.905391],[-84.424385,33.912879],[-84.420449,33.914909],[-84.416699,33.915781],[-84.406679,33.915842],[-84.40664,33.922053],[-84.408006,33.924369],[-84.40375,33.92761],[-84.402453,33.930445],[-84.398378,33.933354],[-84.394379,33.934977],[-84.389816,33.935699],[-84.388468,33.936992],[-84.386856,33.938992],[-84.385836,33.940905],[-84.385854,33.942439],[-84.387481,33.946332],[-84.387248,33.947556],[-84.388123,33.947072],[-84.39003,33.947664],[-84.390569,33.946365],[-84.392046,33.94532],[-84.392395,33.945986],[-84.393361,33.945678],[-84.396671,33.946063],[-84.397671,33.947317],[-84.399476,33.94781],[-84.401276,33.947849],[-84.403558,33.945272],[-84.410669,33.939095],[-84.413282,33.936179],[-84.418159,33.931768],[-84.427706,33.926849],[-84.43046,33.924895],[-84.4351,33.923492],[-84.436731,33.922625],[-84.437679,33.921486],[-84.43907,33.917581],[-84.440343,33.916363],[-84.446163,33.912309],[-84.447146,33.910817],[-84.44754,33.909048]]]}},{"type":"Feature","properties":{"geoid":"13121010211","name":"Census Tract 102.11, Fulton County","county":"Fulton","score_per1000":4.0,"score_drive_per1000":4.1,"score_transit_per1000":0.1,"score_walk_per1000":0,"pop":3259,"med_hh_income":241250,"pct_no_vehicle":0,"pct_black":6.5,"pct_hispanic":4.1,"pct_65plus":9.5,"pct_drive":98.73,"pct_transit":0,"pct_walk":1.27,"min_drive_time":6.83,"min_walk_time":77.95,"min_transit_time":58.38},"geometry":{"type":"Polygon","coordinates":[[[-84.412276,33.877336],[-84.411976,33.876765],[-84.409752,33.874934],[-84.409711,33.873378],[-84.408784,33.872164],[-84.406072,33.873836],[-84.404499,33.875515],[-84.403403,33.874842],[-84.397937,33.874424],[-84.396315,33.87311],[-84.394861,33.873999],[-84.393484,33.874281],[-84.391747,33.875885],[-84.387921,33.877026],[-84.384291,33.877313],[-84.382432,33.878086],[-84.379947,33.876853],[-84.379859,33.882083],[-84.380419,33.883983],[-84.381527,33.885886],[-84.381585,33.888066],[-84.385428,33.888528],[-84.388236,33.890274],[-84.391091,33.890569],[-84.39211,33.891822],[-84.392653,33.890829],[-84.3942,33.889835],[-84.398673,33.888443],[-84.401021,33.88689],[-84.402953,33.886678],[-84.404562,33.885261],[-84.406045,33.885121],[-84.407713,33.883196],[-84.408435,33.881196],[-84.410199,33.880744],[-84.411274,33.879693],[-84.412276,33.877336]]]}},{"type":"Feature","properties":{"geoid":"13121010212","name":"Census Tract 102.12, Fulton County","county":"Fulton","score_per1000":4.0,"score_drive_per1000":4.2,"score_transit_per1000":0.8,"score_walk_per1000":0,"pop":5694,"med_hh_income":96550,"pct_no_vehicle":3.2,"pct_black":14.1,"pct_hispanic":41.7,"pct_65plus":10.7,"pct_drive":95.85,"pct_transit":0.72,"pct_walk":3.43,"min_drive_time":3.84,"min_walk_time":45.77,"min_transit_time":36.38},"geometry":{"type":"Polygon","coordinates":[[[-84.397702,33.900618],[-84.397189,33.899855],[-84.394057,33.897471],[-84.393965,33.894944],[-84.391372,33.890762],[-84.390535,33.89039],[-84.388236,33.890274],[-84.385308,33.888486],[-84.381585,33.888066],[-84.381152,33.892677],[-84.381495,33.897928],[-84.380887,33.899391],[-84.378836,33.902053],[-84.378528,33.902993],[-84.379063,33.91214],[-84.387127,33.91246],[-84.392525,33.913175],[-84.392034,33.910564],[-84.392897,33.906767],[-84.39527,33.905007],[-84.396863,33.901642],[-84.397702,33.900618]]]}},{"type":"Feature","properties":{"geoid":"13121010213","name":"Census Tract 102.13, Fulton County","county":"Fulton","score_per1000":3.8,"score_drive_per1000":3.9,"score_transit_per1000":0,"score_walk_per1000":0,"pop":872,"med_hh_income":63500,"pct_no_vehicle":2.3,"pct_black":58.9,"pct_hispanic":5.2,"pct_65plus":7.6,"pct_drive":96.3,"pct_transit":3.7,"pct_walk":0,"min_drive_time":6.3,"min_walk_time":100.8,"min_transit_time":60.38},"geometry":{"type":"Polygon","coordinates":[[[-84.383257,33.9634],[-84.378638,33.962862],[-84.371063,33.963147],[-84.369857,33.962326],[-84.368697,33.962064],[-84.368674,33.961644],[-84.36666,33.96063],[-84.365722,33.961358],[-84.365337,33.962998],[-84.361077,33.968736],[-84.366929,33.96878],[-84.372624,33.970511],[-84.37722,33.967932],[-84.377848,33.968683],[-84.379996,33.970009],[-84.381478,33.967411],[-84.383062,33.966927],[-84.38281,33.965417],[-84.383257,33.9634]]]}},{"type":"Feature","properties":{"geoid":"13121010214","name":"Census Tract 102.14, Fulton County","county":"Fulton","score_per1000":3.7,"score_drive_per1000":4.2,"score_transit_per1000":0.2,"score_walk_per1000":0,"pop":2071,"med_hh_income":58116,"pct_no_vehicle":47.2,"pct_black":24.4,"pct_hispanic":32.7,"pct_65plus":21.6,"pct_drive":86.02,"pct_transit":13.98,"pct_walk":0,"min_drive_time":6.92,"min_walk_time":127.94,"min_transit_time":53.38},"geometry":{"type":"Polygon","coordinates":[[[-84.361487,33.98444],[-84.36135,33.983283],[-84.359869,33.984017],[-84.358144,33.983843],[-84.356675,33.981679],[-84.354689,33.981002],[-84.351072,33.978479],[-84.35026,33.981435],[-84.350799,33.986703],[-84.351402,33.988625],[-84.35461,33.990122],[-84.358096,33.990627],[-84.358182,33.989294],[-84.359603,33.987571],[-84.359321,33.985751],[-84.360342,33.984651],[-84.361487,33.98444]]]}},{"type":"Feature","properties":{"geoid":"13121010215","name":"Census Tract 102.15, Fulton County","county":"Fulton","score_per1000":2.0,"score_drive_per1000":2.1,"score_transit_per1000":0,"score_walk_per1000":0,"pop":1974,"med_hh_income":138365,"pct_no_vehicle":3,"pct_black":23,"pct_hispanic":7.3,"pct_65plus":15.9,"pct_drive":95.25,"pct_transit":4.75,"pct_walk":0,"min_drive_time":12.63,"min_walk_time":177.88,"min_transit_time":96.38},"geometry":{"type":"Polygon","coordinates":[[[-84.383541,33.994766],[-84.383425,33.993717],[-84.382638,33.992897],[-84.383333,33.99281],[-84.37757,33.990151],[-84.376033,33.988766],[-84.374877,33.986983],[-84.374747,33.985914],[-84.375267,33.984453],[-84.375731,33.977982],[-84.376128,33.976557],[-84.377973,33.973694],[-84.37595,33.973793],[-84.371524,33.976259],[-84.370944,33.977721],[-84.368591,33.978822],[-84.366682,33.980337],[-84.364196,33.980799],[-84.362694,33.982606],[-84.36135,33.983283],[-84.361487,33.98444],[-84.360342,33.984651],[-84.359321,33.985751],[-84.359603,33.987571],[-84.358182,33.989294],[-84.358096,33.990627],[-84.35461,33.990122],[-84.351402,33.988625],[-84.351797,33.99117],[-84.350539,33.999203],[-84.350496,34.003721],[-84.355622,34.00248],[-84.357288,34.001765],[-84.367513,33.999915],[-84.370207,34.000187],[-84.371557,34.000645],[-84.378449,34.000846],[-84.381762,33.999405],[-84.382712,33.998014],[-84.383541,33.994766]]]}},{"type":"Feature","properties":{"geoid":"13121010216","name":"Census Tract 102.16, Fulton County","county":"Fulton","score_per1000":3.7,"score_drive_per1000":3.9,"score_transit_per1000":0,"score_walk_per1000":0,"pop":3508,"med_hh_income":112411,"pct_no_vehicle":3.4,"pct_black":42,"pct_hispanic":4.7,"pct_65plus":15.1,"pct_drive":94.97,"pct_transit":3.99,"pct_walk":1.04,"min_drive_time":6.51,"min_walk_time":103.79,"min_transit_time":60.38},"geometry":{"type":"Polygon","coordinates":[[[-84.38721,33.94767],[-84.385877,33.945777],[-84.38229,33.945412],[-84.378931,33.944551],[-84.37474,33.940853],[-84.37233,33.94345],[-84.371076,33.946234],[-84.370302,33.949153],[-84.368212,33.95092],[-84.366755,33.95303],[-84.364604,33.95533],[-84.366761,33.95588],[-84.371234,33.955264],[-84.377368,33.955956],[-84.382371,33.95574],[-84.384265,33.955265],[-84.384674,33.950604],[-84.38721,33.94767]]]}},{"type":"Feature","properties":{"geoid":"13121010217","name":"Census Tract 102.17, Fulton County","county":"Fulton","score_per1000":3.9,"score_drive_per1000":3.9,"score_transit_per1000":0,"score_walk_per1000":0,"pop":2430,"med_hh_income":112604,"pct_no_vehicle":3.2,"pct_black":13.2,"pct_hispanic":15.2,"pct_65plus":12.6,"pct_drive":98.23,"pct_transit":1.77,"pct_walk":0,"min_drive_time":6.19,"min_walk_time":97.7,"min_transit_time":60.38},"geometry":{"type":"Polygon","coordinates":[[[-84.401219,33.947913],[-84.397671,33.947317],[-84.396774,33.94609],[-84.393361,33.945678],[-84.392499,33.946009],[-84.39194,33.945334],[-84.390569,33.946365],[-84.39003,33.947664],[-84.387922,33.947131],[-84.384934,33.95014],[-84.384628,33.950765],[-84.384265,33.955265],[-84.382371,33.95574],[-84.377368,33.955956],[-84.371234,33.955264],[-84.366761,33.95588],[-84.364604,33.95533],[-84.364516,33.956298],[-84.365722,33.961358],[-84.366973,33.960628],[-84.368674,33.961644],[-84.368697,33.962064],[-84.369857,33.962326],[-84.371063,33.963147],[-84.378638,33.962862],[-84.383393,33.963259],[-84.390327,33.956228],[-84.397641,33.951528],[-84.401219,33.947913]]]}},{"type":"Feature","properties":{"geoid":"13121010218","name":"Census Tract 102.18, Fulton County","county":"Fulton","score_per1000":3.8,"score_drive_per1000":3.9,"score_transit_per1000":0,"score_walk_per1000":0,"pop":1639,"med_hh_income":84327,"pct_no_vehicle":0,"pct_black":39.3,"pct_hispanic":13.7,"pct_65plus":7.6,"pct_drive":98.21,"pct_transit":1.79,"pct_walk":0,"min_drive_time":6.85,"min_walk_time":119.88,"min_transit_time":60.38},"geometry":{"type":"Polygon","coordinates":[[[-84.371449,33.976323],[-84.375262,33.974101],[-84.370044,33.974336],[-84.367015,33.974829],[-84.366098,33.974646],[-84.365221,33.975011],[-84.360315,33.974696],[-84.362259,33.97374],[-84.363401,33.971774],[-84.362406,33.970179],[-84.362361,33.968725],[-84.361077,33.968736],[-84.358767,33.971241],[-84.357359,33.973318],[-84.352482,33.975752],[-84.351072,33.978479],[-84.354689,33.981002],[-84.356675,33.981679],[-84.358144,33.983843],[-84.359869,33.984017],[-84.362515,33.982752],[-84.364285,33.980748],[-84.366682,33.980337],[-84.368591,33.978822],[-84.370944,33.977721],[-84.371449,33.976323]]]}},{"type":"Feature","properties":{"geoid":"13121010219","name":"Census Tract 102.19, Fulton County","county":"Fulton","score_per1000":3.1,"score_drive_per1000":3.9,"score_transit_per1000":0,"score_walk_per1000":0,"pop":2108,"med_hh_income":79861,"pct_no_vehicle":1.1,"pct_black":55.1,"pct_hispanic":7.9,"pct_65plus":0.9,"pct_drive":80.04,"pct_transit":19.96,"pct_walk":0,"min_drive_time":7.17,"min_walk_time":116.57,"min_transit_time":60.38},"geometry":{"type":"Polygon","coordinates":[[[-84.3847,33.96988],[-84.384457,33.968917],[-84.383062,33.966927],[-84.381478,33.967411],[-84.379996,33.970009],[-84.377848,33.968683],[-84.37722,33.967932],[-84.372624,33.970511],[-84.366929,33.96878],[-84.362361,33.968725],[-84.362368,33.970038],[-84.363303,33.971286],[-84.363264,33.972311],[-84.362259,33.97374],[-84.360315,33.974696],[-84.365221,33.975011],[-84.365933,33.974663],[-84.367015,33.974829],[-84.368178,33.974506],[-84.377973,33.973694],[-84.37872,33.972655],[-84.381642,33.972505],[-84.383332,33.971923],[-84.384291,33.971081],[-84.3847,33.96988]]]}},{"type":"Feature","properties":{"geoid":"13121010220","name":"Census Tract 102.20, Fulton County","county":"Fulton","score_per1000":3.5,"score_drive_per1000":3.7,"score_transit_per1000":0,"score_walk_per1000":0,"pop":4606,"med_hh_income":125795,"pct_no_vehicle":12,"pct_black":8.8,"pct_hispanic":7.7,"pct_65plus":18.7,"pct_drive":93.52,"pct_transit":1.58,"pct_walk":4.9,"min_drive_time":6.89,"min_walk_time":89.59,"min_transit_time":60.38},"geometry":{"type":"Polygon","coordinates":[[[-84.403645,33.927726],[-84.408006,33.924369],[-84.40664,33.922053],[-84.406679,33.915842],[-84.403288,33.915675],[-84.398435,33.914036],[-84.39637,33.91364],[-84.387127,33.91246],[-84.379063,33.91214],[-84.379322,33.91456],[-84.378994,33.919691],[-84.379077,33.925143],[-84.381895,33.925829],[-84.384659,33.927598],[-84.388387,33.931701],[-84.38904,33.933658],[-84.390341,33.935127],[-84.389816,33.935699],[-84.394379,33.934977],[-84.398378,33.933354],[-84.402453,33.930445],[-84.403645,33.927726]]]}},{"type":"Feature","properties":{"geoid":"13121010221","name":"Census Tract 102.21, Fulton County","county":"Fulton","score_per1000":4.2,"score_drive_per1000":4.2,"score_transit_per1000":0.2,"score_walk_per1000":0,"pop":2033,"med_hh_income":119464,"pct_no_vehicle":10.6,"pct_black":8.6,"pct_hispanic":8.2,"pct_65plus":22.4,"pct_drive":100,"pct_transit":0,"pct_walk":0,"min_drive_time":4.09,"min_walk_time":67.23,"min_transit_time":48.38},"geometry":{"type":"Polygon","coordinates":[[[-84.390341,33.935127],[-84.38904,33.933658],[-84.388301,33.931571],[-84.384449,33.927405],[-84.381895,33.925829],[-84.379077,33.925143],[-84.379236,33.929484],[-84.380062,33.932329],[-84.379814,33.934379],[-84.377901,33.937608],[-84.37474,33.940853],[-84.378931,33.944551],[-84.38229,33.945412],[-84.385877,33.945777],[-84.387248,33.947556],[-84.387481,33.946332],[-84.385854,33.942439],[-84.385836,33.940905],[-84.386954,33.938847],[-84.390341,33.935127]]]}},{"type":"Feature","properties":{"geoid":"13121010222","name":"Census Tract 102.22, Fulton County","county":"Fulton","score_per1000":3.8,"score_drive_per1000":3.8,"score_transit_per1000":0,"score_walk_per1000":0,"pop":2735,"med_hh_income":245938,"pct_no_vehicle":1.7,"pct_black":4.4,"pct_hispanic":4.5,"pct_65plus":22.6,"pct_drive":99.31,"pct_transit":0.69,"pct_walk":0,"min_drive_time":6.68,"min_walk_time":72.52,"min_transit_time":60.38},"geometry":{"type":"Polygon","coordinates":[[[-84.418897,33.89362],[-84.420297,33.892312],[-84.408625,33.881016],[-84.407713,33.883196],[-84.406045,33.885121],[-84.404562,33.885261],[-84.402953,33.886678],[-84.401021,33.88689],[-84.398673,33.888443],[-84.394457,33.889712],[-84.39292,33.890613],[-84.39211,33.891822],[-84.393965,33.894944],[-84.394057,33.897471],[-84.397189,33.899855],[-84.397702,33.900618],[-84.396863,33.901642],[-84.39527,33.905007],[-84.392897,33.906767],[-84.392034,33.910564],[-84.392525,33.913175],[-84.397888,33.913899],[-84.403904,33.91577],[-84.414171,33.915871],[-84.413213,33.91371],[-84.413181,33.911557],[-84.412235,33.908893],[-84.410249,33.906275],[-84.409634,33.904434],[-84.408651,33.903268],[-84.409196,33.90158],[-84.409694,33.89808],[-84.409543,33.897327],[-84.410825,33.897152],[-84.414604,33.895788],[-84.416684,33.894263],[-84.418897,33.89362]]]}},{"type":"Feature","properties":{"geoid":"13121010223","name":"Census Tract 102.23, Fulton County","county":"Fulton","score_per1000":3.6,"score_drive_per1000":3.6,"score_transit_per1000":0,"score_walk_per1000":0,"pop":3163,"med_hh_income":230212,"pct_no_vehicle":0.7,"pct_black":4.7,"pct_hispanic":5.2,"pct_65plus":25.6,"pct_drive":98.58,"pct_transit":0,"pct_walk":1.42,"min_drive_time":8.62,"min_walk_time":124.91,"min_transit_time":60.38},"geometry":{"type":"Polygon","coordinates":[[[-84.444174,33.887456],[-84.442631,33.883807],[-84.442657,33.882917],[-84.443115,33.882472],[-84.442839,33.88015],[-84.443091,33.879222],[-84.440215,33.879086],[-84.439255,33.879941],[-84.438745,33.879774],[-84.4387,33.879383],[-84.438022,33.879258],[-84.437137,33.879433],[-84.437103,33.879953],[-84.436265,33.880278],[-84.43635,33.878497],[-84.433539,33.87849],[-84.431954,33.880168],[-84.430314,33.880958],[-84.428609,33.881168],[-84.426886,33.879871],[-84.425116,33.880184],[-84.424282,33.879977],[-84.420076,33.881149],[-84.418676,33.882217],[-84.418031,33.882277],[-84.415949,33.881296],[-84.414067,33.878742],[-84.412276,33.877336],[-84.410898,33.880087],[-84.410083,33.880805],[-84.408625,33.881016],[-84.420297,33.892312],[-84.418897,33.89362],[-84.416684,33.894263],[-84.414604,33.895788],[-84.410825,33.897152],[-84.409543,33.897327],[-84.409694,33.89808],[-84.409196,33.90158],[-84.408651,33.903268],[-84.409634,33.904434],[-84.410249,33.906275],[-84.412235,33.908893],[-84.413181,33.911557],[-84.413213,33.91371],[-84.414171,33.915871],[-84.418423,33.915487],[-84.421772,33.91437],[-84.424385,33.912879],[-84.432489,33.905866],[-84.435119,33.904469],[-84.442712,33.901549],[-84.441883,33.900565],[-84.441685,33.899507],[-84.443498,33.896156],[-84.44371,33.894646],[-84.44311,33.893114],[-84.441672,33.891389],[-84.44142,33.890157],[-84.441988,33.889109],[-84.444174,33.887456]]]}},{"type":"Feature","properties":{"geoid":"13121010305","name":"Census Tract 103.05, Fulton County","county":"Fulton","score_per1000":1.5,"score_drive_per1000":1.5,"score_transit_per1000":0,"score_walk_per1000":0,"pop":4857,"med_hh_income":110458,"pct_no_vehicle":7.2,"pct_black":93.3,"pct_hispanic":0,"pct_65plus":25.4,"pct_drive":95.48,"pct_transit":3.64,"pct_walk":0.88,"min_drive_time":17.8,"min_walk_time":269.42,"min_transit_time":105.64},"geometry":{"type":"Polygon","coordinates":[[[-84.576869,33.699337],[-84.576817,33.695527],[-84.576348,33.694068],[-84.573213,33.68822],[-84.572065,33.686879],[-84.570039,33.68573],[-84.565377,33.684163],[-84.555315,33.681708],[-84.553611,33.680942],[-84.552601,33.679386],[-84.55192,33.673409],[-84.550708,33.671938],[-84.547612,33.669465],[-84.546916,33.670797],[-84.547618,33.673323],[-84.5471,33.674795],[-84.543127,33.678366],[-84.537771,33.680747],[-84.53634,33.68465],[-84.534193,33.686671],[-84.533761,33.687519],[-84.534506,33.690872],[-84.534166,33.69407],[-84.535082,33.69603],[-84.538898,33.694463],[-84.540203,33.694432],[-84.541611,33.694916],[-84.544403,33.697157],[-84.545868,33.700472],[-84.549105,33.703633],[-84.557531,33.708472],[-84.559165,33.708393],[-84.560341,33.707744],[-84.563206,33.703935],[-84.56524,33.701878],[-84.566656,33.701524],[-84.57011,33.701778],[-84.572447,33.701314],[-84.576869,33.699337]]]}},{"type":"Feature","properties":{"geoid":"13121010306","name":"Census Tract 103.06, Fulton County","county":"Fulton","score_per1000":1.5,"score_drive_per1000":1.5,"score_transit_per1000":0,"score_walk_per1000":0,"pop":4299,"med_hh_income":89105,"pct_no_vehicle":0,"pct_black":88.7,"pct_hispanic":0.2,"pct_65plus":12.1,"pct_drive":99.01,"pct_transit":0.99,"pct_walk":0,"min_drive_time":18.17,"min_walk_time":283.43,"min_transit_time":105.64},"geometry":{"type":"Polygon","coordinates":[[[-84.600281,33.686987],[-84.599746,33.684517],[-84.597184,33.678638],[-84.596102,33.67123],[-84.596042,33.667663],[-84.593995,33.664507],[-84.592326,33.662883],[-84.592835,33.661347],[-84.592405,33.659503],[-84.592835,33.65781],[-84.591045,33.658307],[-84.584678,33.661746],[-84.581555,33.665645],[-84.579481,33.667128],[-84.578663,33.665784],[-84.577076,33.664679],[-84.575751,33.664478],[-84.572767,33.665089],[-84.571429,33.66502],[-84.56595,33.662605],[-84.562101,33.666343],[-84.560836,33.66581],[-84.553552,33.66084],[-84.555017,33.658292],[-84.55311,33.657064],[-84.552273,33.65499],[-84.549664,33.651614],[-84.542418,33.647389],[-84.541088,33.646279],[-84.53751,33.649459],[-84.534309,33.653071],[-84.532572,33.654421],[-84.530671,33.65713],[-84.529711,33.659174],[-84.5335,33.659178],[-84.535661,33.65985],[-84.550708,33.671938],[-84.552103,33.673839],[-84.552601,33.679386],[-84.553611,33.680942],[-84.555315,33.681708],[-84.565377,33.684163],[-84.570039,33.68573],[-84.572065,33.686879],[-84.573213,33.68822],[-84.576586,33.694684],[-84.576897,33.696332],[-84.576869,33.699337],[-84.581317,33.698719],[-84.584463,33.697506],[-84.593811,33.690101],[-84.597982,33.688185],[-84.599715,33.687962],[-84.600281,33.686987]]]}},{"type":"Feature","properties":{"geoid":"13121010307","name":"Census Tract 103.07, Fulton County","county":"Fulton","score_per1000":1.6,"score_drive_per1000":1.6,"score_transit_per1000":0,"score_walk_per1000":0,"pop":6275,"med_hh_income":117857,"pct_no_vehicle":1.3,"pct_black":85.2,"pct_hispanic":9.9,"pct_65plus":9,"pct_drive":99.86,"pct_transit":0.14,"pct_walk":0,"min_drive_time":16.88,"min_walk_time":274.46,"min_transit_time":88.99},"geometry":{"type":"Polygon","coordinates":[[[-84.565896,33.647107],[-84.565069,33.645123],[-84.565093,33.643552],[-84.563416,33.641267],[-84.561843,33.638187],[-84.561832,33.633575],[-84.56315,33.625688],[-84.560171,33.622097],[-84.559741,33.618677],[-84.5581,33.618559],[-84.555369,33.620642],[-84.553814,33.623879],[-84.55324,33.624419],[-84.549666,33.624848],[-84.54553,33.626985],[-84.542686,33.627402],[-84.539087,33.62906],[-84.534876,33.630388],[-84.533877,33.631123],[-84.531687,33.634203],[-84.526823,33.63675],[-84.522954,33.642024],[-84.520849,33.646748],[-84.52089,33.648823],[-84.520514,33.649189],[-84.52192,33.656704],[-84.525934,33.656746],[-84.525876,33.658915],[-84.529711,33.659174],[-84.530671,33.65713],[-84.532572,33.654421],[-84.534309,33.653071],[-84.53751,33.649459],[-84.541088,33.646279],[-84.542418,33.647389],[-84.549436,33.651404],[-84.552273,33.65499],[-84.55311,33.657064],[-84.555017,33.658292],[-84.560349,33.653219],[-84.561667,33.65266],[-84.564831,33.649105],[-84.565896,33.647107]]]}},{"type":"Feature","properties":{"geoid":"13121010308","name":"Census Tract 103.08, Fulton County","county":"Fulton","score_per1000":0.7,"score_drive_per1000":0.7,"score_transit_per1000":0,"score_walk_per1000":0,"pop":5222,"med_hh_income":120234,"pct_no_vehicle":0,"pct_black":91.9,"pct_hispanic":6.2,"pct_65plus":11.6,"pct_drive":100,"pct_transit":0,"pct_walk":0,"min_drive_time":18.47,"min_walk_time":322.36,"min_transit_time":98.99},"geometry":{"type":"Polygon","coordinates":[[[-84.594749,33.6505],[-84.594541,33.649644],[-84.59292,33.646942],[-84.592167,33.646315],[-84.589982,33.645504],[-84.588704,33.642482],[-84.586827,33.640247],[-84.587284,33.640017],[-84.587729,33.632602],[-84.58657,33.627641],[-84.584398,33.624336],[-84.584412,33.620204],[-84.583748,33.619473],[-84.580815,33.617668],[-84.579669,33.616086],[-84.578128,33.614924],[-84.577643,33.611746],[-84.576282,33.612252],[-84.575343,33.612223],[-84.57384,33.611545],[-84.573239,33.610858],[-84.572601,33.611756],[-84.572512,33.612543],[-84.573223,33.613749],[-84.573385,33.615502],[-84.571664,33.617145],[-84.569797,33.617976],[-84.568829,33.619326],[-84.559741,33.618677],[-84.560171,33.622097],[-84.563186,33.625851],[-84.561832,33.633575],[-84.561843,33.638187],[-84.563416,33.641267],[-84.565093,33.643552],[-84.565069,33.645123],[-84.565896,33.647107],[-84.564831,33.649105],[-84.561667,33.65266],[-84.560349,33.653219],[-84.555394,33.65786],[-84.553552,33.66084],[-84.560836,33.66581],[-84.562101,33.666343],[-84.56595,33.662605],[-84.571429,33.66502],[-84.572767,33.665089],[-84.575751,33.664478],[-84.577076,33.664679],[-84.578663,33.665784],[-84.579481,33.667128],[-84.581555,33.665645],[-84.584678,33.661746],[-84.591045,33.658307],[-84.592835,33.65781],[-84.594749,33.6505]]]}},{"type":"Feature","properties":{"geoid":"13121010309","name":"Census Tract 103.09, Fulton County","county":"Fulton","score_per1000":0.3,"score_drive_per1000":0.3,"score_transit_per1000":0,"score_walk_per1000":0,"pop":4432,"med_hh_income":108052,"pct_no_vehicle":1.2,"pct_black":78.7,"pct_hispanic":6,"pct_65plus":10.4,"pct_drive":98.77,"pct_transit":1.23,"pct_walk":0,"min_drive_time":25.82,"min_walk_time":403.4,"min_transit_time":202.99},"geometry":{"type":"Polygon","coordinates":[[[-84.731538,33.631316],[-84.735716,33.624619],[-84.730116,33.624553],[-84.728993,33.625631],[-84.728605,33.626733],[-84.72702,33.627537],[-84.724345,33.626344],[-84.723538,33.625154],[-84.723004,33.620467],[-84.722209,33.61949],[-84.720237,33.618154],[-84.718455,33.6157],[-84.714362,33.61218],[-84.710083,33.612096],[-84.706945,33.613565],[-84.704995,33.61406],[-84.703695,33.613978],[-84.703184,33.613457],[-84.7032,33.612095],[-84.702774,33.611232],[-84.701611,33.610221],[-84.699379,33.609381],[-84.697615,33.607745],[-84.696467,33.605568],[-84.693288,33.603234],[-84.687317,33.602083],[-84.683443,33.600895],[-84.682905,33.601394],[-84.682896,33.602964],[-84.68247,33.603521],[-84.679677,33.604404],[-84.677657,33.601615],[-84.674486,33.600891],[-84.669635,33.598947],[-84.666305,33.595964],[-84.664182,33.594534],[-84.662981,33.59317],[-84.662089,33.592829],[-84.661273,33.593329],[-84.659023,33.596428],[-84.657655,33.596662],[-84.656074,33.596096],[-84.654803,33.596357],[-84.65394,33.596195],[-84.652545,33.60197],[-84.649817,33.601772],[-84.647328,33.601301],[-84.644296,33.600146],[-84.642876,33.59879],[-84.640151,33.594934],[-84.63574,33.592123],[-84.634764,33.590822],[-84.634349,33.59263],[-84.63315,33.593892],[-84.631648,33.596602],[-84.627738,33.599319],[-84.625222,33.599217],[-84.623514,33.599695],[-84.622232,33.600575],[-84.618481,33.601527],[-84.61788,33.602271],[-84.616321,33.603133],[-84.614343,33.60536],[-84.612819,33.60621],[-84.611234,33.608212],[-84.61,33.608538],[-84.613786,33.615375],[-84.618843,33.623341],[-84.620799,33.627851],[-84.62189,33.629153],[-84.630212,33.633117],[-84.633809,33.637],[-84.637047,33.639111],[-84.641718,33.64146],[-84.645899,33.642317],[-84.648442,33.643536],[-84.65381,33.647609],[-84.657738,33.648162],[-84.66338,33.648111],[-84.670294,33.650587],[-84.671888,33.651743],[-84.672898,33.652988],[-84.673945,33.656479],[-84.677137,33.655415],[-84.685837,33.651115],[-84.695138,33.649115],[-84.710538,33.646415],[-84.716738,33.641816],[-84.725238,33.639216],[-84.730038,33.636516],[-84.731138,33.634516],[-84.731538,33.631316]]]}},{"type":"Feature","properties":{"geoid":"13121010310","name":"Census Tract 103.10, Fulton County","county":"Fulton","score_per1000":0.4,"score_drive_per1000":0.4,"score_transit_per1000":0,"score_walk_per1000":0,"pop":6450,"med_hh_income":104724,"pct_no_vehicle":2.4,"pct_black":86.9,"pct_hispanic":8,"pct_65plus":6.9,"pct_drive":94.92,"pct_transit":2.6,"pct_walk":2.48,"min_drive_time":22.53,"min_walk_time":378.39,"min_transit_time":172.99},"geometry":{"type":"Polygon","coordinates":[[[-84.669791,33.650338],[-84.66338,33.648111],[-84.657738,33.648162],[-84.654802,33.647897],[-84.653454,33.64745],[-84.648442,33.643536],[-84.645899,33.642317],[-84.641718,33.64146],[-84.636556,33.638823],[-84.633809,33.637],[-84.630212,33.633117],[-84.622519,33.629567],[-84.62097,33.628147],[-84.612451,33.641235],[-84.61317,33.642259],[-84.61307,33.646126],[-84.613786,33.651129],[-84.614367,33.652523],[-84.615395,33.653674],[-84.615593,33.655024],[-84.617714,33.65723],[-84.619137,33.659918],[-84.621719,33.662616],[-84.625664,33.663742],[-84.628913,33.665427],[-84.630497,33.667583],[-84.634382,33.669954],[-84.636443,33.670506],[-84.642657,33.661562],[-84.645281,33.659356],[-84.669791,33.650338]]]}},{"type":"Feature","properties":{"geoid":"13121010311","name":"Census Tract 103.11, Fulton County","county":"Fulton","score_per1000":0.6,"score_drive_per1000":0.6,"score_transit_per1000":0,"score_walk_per1000":0,"pop":6131,"med_hh_income":113319,"pct_no_vehicle":0,"pct_black":97.7,"pct_hispanic":0,"pct_65plus":3.4,"pct_drive":100,"pct_transit":0,"pct_walk":0,"min_drive_time":21.6,"min_walk_time":338.1,"min_transit_time":138.45},"geometry":{"type":"Polygon","coordinates":[[[-84.673945,33.656479],[-84.673496,33.654292],[-84.672712,33.652705],[-84.671352,33.651279],[-84.669791,33.650338],[-84.646338,33.658805],[-84.644022,33.660227],[-84.642657,33.661562],[-84.637608,33.669008],[-84.635735,33.671263],[-84.630843,33.675628],[-84.628432,33.676325],[-84.618787,33.673618],[-84.617076,33.674916],[-84.616364,33.677114],[-84.614154,33.677913],[-84.612743,33.676511],[-84.610433,33.676709],[-84.609425,33.677808],[-84.608521,33.678007],[-84.596463,33.673697],[-84.597356,33.679306],[-84.599975,33.685165],[-84.600281,33.686987],[-84.599715,33.687962],[-84.612914,33.69136],[-84.616518,33.69265],[-84.630121,33.693122],[-84.630537,33.690314],[-84.640837,33.683815],[-84.649037,33.685915],[-84.652737,33.683615],[-84.653737,33.675215],[-84.651937,33.670615],[-84.651937,33.667915],[-84.656437,33.659415],[-84.661437,33.657015],[-84.673945,33.656479]]]}},{"type":"Feature","properties":{"geoid":"13121010312","name":"Census Tract 103.12, Fulton County","county":"Fulton","score_per1000":1.8,"score_drive_per1000":1.8,"score_transit_per1000":0,"score_walk_per1000":0,"pop":2968,"med_hh_income":100705,"pct_no_vehicle":0,"pct_black":91.7,"pct_hispanic":0.6,"pct_65plus":22.7,"pct_drive":98.88,"pct_transit":0,"pct_walk":1.12,"min_drive_time":15.22,"min_walk_time":242.37,"min_transit_time":64.99},"geometry":{"type":"Polygon","coordinates":[[[-84.558838,33.708653],[-84.554339,33.713344],[-84.550643,33.715087],[-84.545887,33.715833],[-84.539576,33.721054],[-84.53876,33.72575],[-84.540225,33.729178],[-84.541096,33.73346],[-84.546098,33.733834],[-84.547413,33.733668],[-84.547435,33.736413],[-84.549435,33.737713],[-84.552479,33.738553],[-84.553078,33.73953],[-84.553128,33.740613],[-84.554637,33.740414],[-84.556474,33.741053],[-84.556809,33.741674],[-84.556481,33.742205],[-84.557889,33.742545],[-84.558936,33.744013],[-84.565557,33.742819],[-84.56838,33.743427],[-84.573436,33.745513],[-84.575436,33.744313],[-84.578136,33.743513],[-84.579136,33.742613],[-84.580436,33.740613],[-84.580636,33.739715],[-84.581937,33.738512],[-84.58257,33.737372],[-84.579199,33.735215],[-84.578269,33.73416],[-84.57336,33.726609],[-84.572985,33.723938],[-84.569356,33.723495],[-84.566758,33.722397],[-84.564199,33.72203],[-84.559779,33.717483],[-84.559489,33.71672],[-84.559296,33.710071],[-84.558838,33.708653]]]}},{"type":"Feature","properties":{"geoid":"13121010313","name":"Census Tract 103.13, Fulton County","county":"Fulton","score_per1000":1.5,"score_drive_per1000":1.5,"score_transit_per1000":0,"score_walk_per1000":0,"pop":3024,"med_hh_income":67398,"pct_no_vehicle":0,"pct_black":96.2,"pct_hispanic":1.8,"pct_65plus":7.8,"pct_drive":94.7,"pct_transit":5.3,"pct_walk":0,"min_drive_time":17.3,"min_walk_time":273.62,"min_transit_time":78.26},"geometry":{"type":"Polygon","coordinates":[[[-84.632653,33.699292],[-84.630121,33.693122],[-84.616872,33.692707],[-84.606801,33.689663],[-84.60019,33.688006],[-84.598478,33.688045],[-84.593811,33.690101],[-84.585398,33.696918],[-84.583304,33.698083],[-84.580517,33.698888],[-84.576257,33.699486],[-84.571312,33.701629],[-84.566356,33.701543],[-84.56486,33.702119],[-84.560555,33.707522],[-84.558766,33.708485],[-84.559296,33.710071],[-84.55954,33.717013],[-84.564199,33.72203],[-84.566758,33.722397],[-84.569356,33.723495],[-84.572985,33.723938],[-84.57336,33.726609],[-84.578269,33.73416],[-84.579199,33.735215],[-84.58257,33.737372],[-84.585436,33.730513],[-84.58683,33.72912],[-84.589235,33.728814],[-84.592736,33.729413],[-84.594336,33.729013],[-84.601736,33.724414],[-84.602536,33.719714],[-84.604628,33.717895],[-84.608036,33.712914],[-84.615736,33.709614],[-84.621236,33.704514],[-84.632135,33.700318],[-84.632653,33.699292]]]}},{"type":"Feature","properties":{"geoid":"13121010314","name":"Census Tract 103.14, Fulton County","county":"Fulton","score_per1000":0.4,"score_drive_per1000":0.4,"score_transit_per1000":0,"score_walk_per1000":0,"pop":2235,"med_hh_income":139264,"pct_no_vehicle":2.3,"pct_black":99.7,"pct_hispanic":0.3,"pct_65plus":7.2,"pct_drive":100,"pct_transit":0,"pct_walk":0,"min_drive_time":21.8,"min_walk_time":358.57,"min_transit_time":142.99},"geometry":{"type":"Polygon","coordinates":[[[-84.630843,33.675628],[-84.636443,33.670506],[-84.634382,33.669954],[-84.630497,33.667583],[-84.628913,33.665427],[-84.625664,33.663742],[-84.622367,33.662901],[-84.621226,33.662266],[-84.618932,33.659656],[-84.617714,33.65723],[-84.615593,33.655024],[-84.615395,33.653674],[-84.614968,33.653139],[-84.612704,33.653169],[-84.605469,33.650922],[-84.601024,33.651741],[-84.596268,33.650725],[-84.59456,33.651362],[-84.592405,33.659503],[-84.592856,33.661045],[-84.592293,33.662635],[-84.592418,33.663142],[-84.593995,33.664507],[-84.595926,33.667318],[-84.596463,33.673697],[-84.608521,33.678007],[-84.609425,33.677808],[-84.610433,33.676709],[-84.612743,33.676511],[-84.614154,33.677913],[-84.616364,33.677114],[-84.617076,33.674916],[-84.618787,33.673618],[-84.628432,33.676325],[-84.630843,33.675628]]]}},{"type":"Feature","properties":{"geoid":"13121010315","name":"Census Tract 103.15, Fulton County","county":"Fulton","score_per1000":0.7,"score_drive_per1000":0.7,"score_transit_per1000":0,"score_walk_per1000":0,"pop":4436,"med_hh_income":93650,"pct_no_vehicle":12.6,"pct_black":92.2,"pct_hispanic":5.3,"pct_65plus":13.2,"pct_drive":99.32,"pct_transit":0.68,"pct_walk":0,"min_drive_time":19.63,"min_walk_time":345.2,"min_transit_time":98.99},"geometry":{"type":"Polygon","coordinates":[[[-84.62097,33.628147],[-84.618843,33.623341],[-84.613786,33.615375],[-84.611148,33.610411],[-84.605894,33.611034],[-84.602431,33.612242],[-84.600333,33.613832],[-84.593031,33.621684],[-84.589729,33.623444],[-84.586891,33.624176],[-84.584398,33.624336],[-84.58657,33.627641],[-84.587729,33.632602],[-84.587284,33.640017],[-84.586827,33.640247],[-84.588704,33.642482],[-84.589982,33.645504],[-84.592167,33.646315],[-84.59292,33.646942],[-84.594659,33.649899],[-84.59456,33.651362],[-84.596268,33.650725],[-84.601024,33.651741],[-84.605469,33.650922],[-84.612704,33.653169],[-84.614968,33.653139],[-84.614272,33.65237],[-84.613636,33.650626],[-84.613494,33.647795],[-84.61307,33.646126],[-84.61317,33.642259],[-84.612451,33.641235],[-84.62097,33.628147]]]}},{"type":"Feature","properties":{"geoid":"13121010401","name":"Census Tract 104.01, Fulton County","county":"Fulton","score_per1000":0.3,"score_drive_per1000":0.3,"score_transit_per1000":0,"score_walk_per1000":0,"pop":4654,"med_hh_income":103856,"pct_no_vehicle":7.9,"pct_black":50.2,"pct_hispanic":25,"pct_65plus":9.8,"pct_drive":98.18,"pct_transit":0.68,"pct_walk":1.14,"min_drive_time":23.32,"min_walk_time":358.92,"min_transit_time":82.99},"geometry":{"type":"Polygon","coordinates":[[[-84.689923,33.541116],[-84.690005,33.530599],[-84.685486,33.527951],[-84.678293,33.519881],[-84.67703,33.519886],[-84.669941,33.516253],[-84.670489,33.514721],[-84.67073,33.511154],[-84.670114,33.511117],[-84.670109,33.511764],[-84.621035,33.510719],[-84.620883,33.503297],[-84.616375,33.503263],[-84.616343,33.502521],[-84.609544,33.502517],[-84.608407,33.5032],[-84.607268,33.504574],[-84.607913,33.507174],[-84.607329,33.508047],[-84.607181,33.509112],[-84.605674,33.511077],[-84.604076,33.512487],[-84.600763,33.512175],[-84.599684,33.512527],[-84.599149,33.513197],[-84.597841,33.51394],[-84.596922,33.515924],[-84.59514,33.51822],[-84.597378,33.518017],[-84.599657,33.518246],[-84.600688,33.518693],[-84.602437,33.520141],[-84.603775,33.520545],[-84.612033,33.520423],[-84.614027,33.524164],[-84.614442,33.52742],[-84.615011,33.528625],[-84.619704,33.534261],[-84.625459,33.537027],[-84.626051,33.537884],[-84.637186,33.537186],[-84.639442,33.536778],[-84.642696,33.535674],[-84.65354,33.540602],[-84.655178,33.541893],[-84.658735,33.545747],[-84.667634,33.550952],[-84.66944,33.551777],[-84.674937,33.553356],[-84.676454,33.55332],[-84.678219,33.552124],[-84.680704,33.551035],[-84.681921,33.547295],[-84.683544,33.545103],[-84.684719,33.543793],[-84.686085,33.543625],[-84.686627,33.542316],[-84.687472,33.541655],[-84.688691,33.541609],[-84.689923,33.541116]]]}},{"type":"Feature","properties":{"geoid":"13121010402","name":"Census Tract 104.02, Fulton County","county":"Fulton","score_per1000":0,"score_drive_per1000":0,"score_transit_per1000":0,"score_walk_per1000":0,"pop":4382,"med_hh_income":85903,"pct_no_vehicle":3.7,"pct_black":28.5,"pct_hispanic":5.1,"pct_65plus":23,"pct_drive":94.57,"pct_transit":0,"pct_walk":5.43,"min_drive_time":32.63,"min_walk_time":481.16,"min_transit_time":195.64},"geometry":{"type":"Polygon","coordinates":[[[-84.849315,33.51319],[-84.850717,33.511463],[-84.747928,33.510644],[-84.710863,33.510973],[-84.710827,33.511323],[-84.680033,33.511476],[-84.68002,33.510899],[-84.672318,33.511103],[-84.672243,33.509956],[-84.670778,33.510019],[-84.670489,33.514721],[-84.669941,33.516253],[-84.67703,33.519886],[-84.678293,33.519881],[-84.685486,33.527951],[-84.690005,33.530599],[-84.689951,33.541055],[-84.688691,33.541609],[-84.687472,33.541655],[-84.686627,33.542316],[-84.686085,33.543625],[-84.684546,33.543923],[-84.681921,33.547295],[-84.680704,33.551035],[-84.67608,33.553393],[-84.674937,33.553356],[-84.668707,33.551491],[-84.658735,33.545747],[-84.655178,33.541893],[-84.65354,33.540602],[-84.642696,33.535674],[-84.638722,33.536941],[-84.633392,33.537463],[-84.633905,33.547741],[-84.636047,33.555785],[-84.638754,33.558382],[-84.645748,33.569098],[-84.647838,33.571081],[-84.650184,33.572429],[-84.649005,33.577846],[-84.650026,33.581877],[-84.651474,33.584059],[-84.652272,33.589113],[-84.653656,33.591839],[-84.653532,33.593946],[-84.654089,33.596355],[-84.656074,33.596096],[-84.657655,33.596662],[-84.659023,33.596428],[-84.661273,33.593329],[-84.662089,33.592829],[-84.662981,33.59317],[-84.664182,33.594534],[-84.666305,33.595964],[-84.669635,33.598947],[-84.674486,33.600891],[-84.677657,33.601615],[-84.679677,33.604404],[-84.68247,33.603521],[-84.682896,33.602964],[-84.682905,33.601394],[-84.683443,33.600895],[-84.687317,33.602083],[-84.693288,33.603234],[-84.696467,33.605568],[-84.697615,33.607745],[-84.699379,33.609381],[-84.701611,33.610221],[-84.702774,33.611232],[-84.7032,33.612095],[-84.703184,33.613457],[-84.703695,33.613978],[-84.704995,33.61406],[-84.706945,33.613565],[-84.710083,33.612096],[-84.714362,33.61218],[-84.718455,33.6157],[-84.720237,33.618154],[-84.722209,33.61949],[-84.723004,33.620467],[-84.723538,33.625154],[-84.724345,33.626344],[-84.72702,33.627537],[-84.728605,33.626733],[-84.728993,33.625631],[-84.730116,33.624553],[-84.735716,33.624619],[-84.737719,33.623617],[-84.739644,33.623354],[-84.741779,33.623769],[-84.742593,33.624405],[-84.746139,33.629616],[-84.748839,33.631816],[-84.752739,33.630216],[-84.752939,33.627916],[-84.758452,33.621013],[-84.759312,33.618883],[-84.760563,33.617096],[-84.763101,33.614217],[-84.769198,33.612288],[-84.775595,33.609668],[-84.780424,33.606255],[-84.783932,33.602893],[-84.788502,33.599308],[-84.79654,33.595598],[-84.801235,33.590013],[-84.804269,33.587985],[-84.805659,33.586426],[-84.807402,33.583093],[-84.808938,33.574091],[-84.809274,33.572851],[-84.810196,33.571633],[-84.811801,33.570495],[-84.817703,33.567924],[-84.822298,33.565048],[-84.824449,33.563383],[-84.825188,33.562204],[-84.826126,33.560566],[-84.82769,33.553477],[-84.82944,33.551606],[-84.830652,33.550939],[-84.832138,33.548678],[-84.832604,33.547067],[-84.83234,33.545273],[-84.831645,33.544055],[-84.830617,33.543228],[-84.827558,33.54181],[-84.82488,33.538578],[-84.822121,33.532162],[-84.821007,33.530642],[-84.816702,33.52686],[-84.815165,33.524656],[-84.814726,33.522432],[-84.815061,33.5212],[-84.818083,33.518453],[-84.827615,33.513335],[-84.831076,33.512901],[-84.834699,33.513221],[-84.841046,33.514826],[-84.84429,33.514697],[-84.849315,33.51319]]]}},{"type":"Feature","properties":{"geoid":"13121010508","name":"Census Tract 105.08, Fulton County","county":"Fulton","score_per1000":1.5,"score_drive_per1000":1.7,"score_transit_per1000":0,"score_walk_per1000":0,"pop":3623,"med_hh_income":52746,"pct_no_vehicle":11.3,"pct_black":96.2,"pct_hispanic":1.5,"pct_65plus":14.5,"pct_drive":87.41,"pct_transit":10.99,"pct_walk":1.6,"min_drive_time":12.5,"min_walk_time":156.09,"min_transit_time":64.99},"geometry":{"type":"Polygon","coordinates":[[[-84.495955,33.593516],[-84.493613,33.590459],[-84.492126,33.587683],[-84.492013,33.582167],[-84.487978,33.582755],[-84.483478,33.584341],[-84.479933,33.586227],[-84.47619,33.588707],[-84.474647,33.589255],[-84.462734,33.587917],[-84.458631,33.586462],[-84.458532,33.599944],[-84.471032,33.600151],[-84.46911,33.596589],[-84.476728,33.595859],[-84.478658,33.595269],[-84.486627,33.595316],[-84.485286,33.596907],[-84.485292,33.597311],[-84.486031,33.597362],[-84.487081,33.598145],[-84.488132,33.59836],[-84.489593,33.597092],[-84.494693,33.593925],[-84.495955,33.593516]]]}},{"type":"Feature","properties":{"geoid":"13121010517","name":"Census Tract 105.17, Fulton County","county":"Fulton","score_per1000":1.6,"score_drive_per1000":1.7,"score_transit_per1000":0.1,"score_walk_per1000":0,"pop":4945,"med_hh_income":64286,"pct_no_vehicle":8.3,"pct_black":91.7,"pct_hispanic":3.1,"pct_65plus":9.5,"pct_drive":94.62,"pct_transit":3.92,"pct_walk":1.46,"min_drive_time":10.25,"min_walk_time":122.56,"min_transit_time":39.88},"geometry":{"type":"Polygon","coordinates":[[[-84.485005,33.563674],[-84.485037,33.562415],[-84.482034,33.563249],[-84.469634,33.563227],[-84.464577,33.562347],[-84.458928,33.559765],[-84.458931,33.565917],[-84.458336,33.575606],[-84.458631,33.586462],[-84.462388,33.587856],[-84.468989,33.588737],[-84.469493,33.578737],[-84.468496,33.574729],[-84.468436,33.573028],[-84.471517,33.572995],[-84.474553,33.573725],[-84.478773,33.572646],[-84.479831,33.571787],[-84.481257,33.569087],[-84.484459,33.565291],[-84.485005,33.563674]]]}},{"type":"Feature","properties":{"geoid":"13121010518","name":"Census Tract 105.18, Fulton County","county":"Fulton","score_per1000":1.6,"score_drive_per1000":1.6,"score_transit_per1000":0,"score_walk_per1000":0,"pop":3669,"med_hh_income":87706,"pct_no_vehicle":0.9,"pct_black":92.5,"pct_hispanic":3,"pct_65plus":20.4,"pct_drive":98.74,"pct_transit":1.26,"pct_walk":0,"min_drive_time":11.74,"min_walk_time":141.48,"min_transit_time":82.99},"geometry":{"type":"Polygon","coordinates":[[[-84.495119,33.580067],[-84.494358,33.577894],[-84.494174,33.573742],[-84.493147,33.570698],[-84.492185,33.56982],[-84.491299,33.567636],[-84.490115,33.566155],[-84.489331,33.564476],[-84.4896,33.561505],[-84.487689,33.56138],[-84.485037,33.562415],[-84.484942,33.564146],[-84.484459,33.565291],[-84.481257,33.569087],[-84.479831,33.571787],[-84.478773,33.572646],[-84.474553,33.573725],[-84.471517,33.572995],[-84.468436,33.573028],[-84.468496,33.574729],[-84.469493,33.578737],[-84.468989,33.588737],[-84.473889,33.589298],[-84.475379,33.589082],[-84.482864,33.58461],[-84.487978,33.582755],[-84.492013,33.582167],[-84.495119,33.580067]]]}},{"type":"Feature","properties":{"geoid":"13121010519","name":"Census Tract 105.19, Fulton County","county":"Fulton","score_per1000":0.5,"score_drive_per1000":0.6,"score_transit_per1000":0,"score_walk_per1000":0,"pop":4772,"med_hh_income":90518,"pct_no_vehicle":4.4,"pct_black":78.7,"pct_hispanic":7.7,"pct_65plus":9.5,"pct_drive":92.91,"pct_transit":7.09,"pct_walk":0,"min_drive_time":19.06,"min_walk_time":272.97,"min_transit_time":82.99},"geometry":{"type":"Polygon","coordinates":[[[-84.619108,33.573908],[-84.618701,33.571414],[-84.617401,33.569229],[-84.616923,33.566138],[-84.616204,33.564531],[-84.615996,33.561275],[-84.613277,33.556182],[-84.608627,33.551273],[-84.604623,33.5492],[-84.595275,33.555259],[-84.59488,33.554827],[-84.594754,33.554274],[-84.595491,33.552881],[-84.595536,33.551812],[-84.591873,33.54504],[-84.591985,33.542153],[-84.591543,33.539195],[-84.584783,33.542958],[-84.553938,33.556343],[-84.559351,33.557193],[-84.561458,33.557932],[-84.564843,33.559713],[-84.571544,33.564996],[-84.572969,33.565758],[-84.576922,33.5626],[-84.583587,33.568746],[-84.5911,33.570592],[-84.595026,33.573033],[-84.601379,33.576289],[-84.60458,33.576279],[-84.612207,33.574716],[-84.61602,33.574474],[-84.619108,33.573908]]]}},{"type":"Feature","properties":{"geoid":"13121010520","name":"Census Tract 105.20, Fulton County","county":"Fulton","score_per1000":0.3,"score_drive_per1000":0.3,"score_transit_per1000":0,"score_walk_per1000":0,"pop":7820,"med_hh_income":77188,"pct_no_vehicle":0,"pct_black":88.2,"pct_hispanic":0.9,"pct_65plus":9.3,"pct_drive":98.61,"pct_transit":1.39,"pct_walk":0,"min_drive_time":22.33,"min_walk_time":321.23,"min_transit_time":98.99},"geometry":{"type":"Polygon","coordinates":[[[-84.65394,33.596195],[-84.653532,33.593946],[-84.653656,33.591839],[-84.652272,33.589113],[-84.651474,33.584059],[-84.650026,33.581877],[-84.649005,33.577846],[-84.650184,33.572429],[-84.647838,33.571081],[-84.645748,33.569098],[-84.638754,33.558382],[-84.635734,33.555258],[-84.633747,33.546746],[-84.633392,33.537463],[-84.626051,33.537884],[-84.625459,33.537027],[-84.619529,33.534104],[-84.614863,33.528433],[-84.6144,33.526851],[-84.604544,33.531532],[-84.591543,33.539195],[-84.591985,33.542153],[-84.591873,33.54504],[-84.595536,33.551812],[-84.595491,33.552881],[-84.594754,33.554274],[-84.595017,33.554986],[-84.595275,33.555259],[-84.604623,33.5492],[-84.608821,33.551437],[-84.613418,33.556375],[-84.615996,33.561275],[-84.616204,33.564531],[-84.616923,33.566138],[-84.617401,33.569229],[-84.618701,33.571414],[-84.619108,33.573908],[-84.621506,33.573565],[-84.622653,33.573761],[-84.626333,33.575376],[-84.627377,33.576311],[-84.628595,33.578407],[-84.629676,33.582698],[-84.633833,33.588902],[-84.635352,33.591728],[-84.639747,33.594545],[-84.642876,33.59879],[-84.644081,33.599978],[-84.648084,33.601488],[-84.652545,33.60197],[-84.65394,33.596195]]]}},{"type":"Feature","properties":{"geoid":"13121010521","name":"Census Tract 105.21, Fulton County","county":"Fulton","score_per1000":1.8,"score_drive_per1000":2.0,"score_transit_per1000":0,"score_walk_per1000":0,"pop":1718,"med_hh_income":67100,"pct_no_vehicle":7.9,"pct_black":89.1,"pct_hispanic":8,"pct_65plus":22.2,"pct_drive":93.44,"pct_transit":3.96,"pct_walk":2.6,"min_drive_time":11.51,"min_walk_time":181.81,"min_transit_time":64.99},"geometry":{"type":"Polygon","coordinates":[[[-84.472781,33.61636],[-84.472568,33.614114],[-84.471145,33.60934],[-84.47216,33.602794],[-84.471827,33.601274],[-84.471181,33.600087],[-84.458532,33.599944],[-84.45843,33.616189],[-84.472781,33.61636]]]}},{"type":"Feature","properties":{"geoid":"13121010522","name":"Census Tract 105.22, Fulton County","county":"Fulton","score_per1000":1.8,"score_drive_per1000":2.0,"score_transit_per1000":0,"score_walk_per1000":0,"pop":5011,"med_hh_income":54104,"pct_no_vehicle":9.5,"pct_black":89.7,"pct_hispanic":0,"pct_65plus":16.1,"pct_drive":93.67,"pct_transit":6.33,"pct_walk":0,"min_drive_time":10.99,"min_walk_time":180.37,"min_transit_time":64.99},"geometry":{"type":"Polygon","coordinates":[[[-84.497277,33.594944],[-84.497177,33.593279],[-84.49525,33.593675],[-84.489593,33.597092],[-84.488132,33.59836],[-84.487081,33.598145],[-84.486031,33.597362],[-84.485292,33.597311],[-84.485286,33.596907],[-84.486627,33.595316],[-84.478658,33.595269],[-84.476728,33.595859],[-84.46911,33.596589],[-84.471629,33.600851],[-84.472099,33.602215],[-84.471145,33.60934],[-84.472568,33.614114],[-84.472867,33.618358],[-84.474347,33.622205],[-84.474395,33.626882],[-84.476762,33.625069],[-84.478696,33.624234],[-84.488465,33.623177],[-84.485991,33.607259],[-84.486057,33.605012],[-84.487523,33.60277],[-84.497277,33.594944]]]}},{"type":"Feature","properties":{"geoid":"13121010523","name":"Census Tract 105.23, Fulton County","county":"Fulton","score_per1000":1.3,"score_drive_per1000":1.3,"score_transit_per1000":0,"score_walk_per1000":0,"pop":1888,"med_hh_income":60879,"pct_no_vehicle":10.9,"pct_black":86.5,"pct_hispanic":8.5,"pct_65plus":9,"pct_drive":96.72,"pct_transit":0.85,"pct_walk":2.43,"min_drive_time":16.05,"min_walk_time":240.19,"min_transit_time":75.64},"geometry":{"type":"Polygon","coordinates":[[[-84.55107,33.581868],[-84.550891,33.581578],[-84.549708,33.582822],[-84.540056,33.584305],[-84.53312,33.586363],[-84.524638,33.586735],[-84.525077,33.588413],[-84.525043,33.590731],[-84.52398,33.593304],[-84.524045,33.594585],[-84.525625,33.597984],[-84.526584,33.601391],[-84.528452,33.603652],[-84.530217,33.607567],[-84.545212,33.600176],[-84.549199,33.596632],[-84.549679,33.594987],[-84.548829,33.591375],[-84.548848,33.586077],[-84.549523,33.583994],[-84.55107,33.581868]]]}},{"type":"Feature","properties":{"geoid":"13121010524","name":"Census Tract 105.24, Fulton County","county":"Fulton","score_per1000":1.1,"score_drive_per1000":1.1,"score_transit_per1000":0,"score_walk_per1000":0,"pop":4042,"med_hh_income":53052,"pct_no_vehicle":7,"pct_black":83.6,"pct_hispanic":1.2,"pct_65plus":4.3,"pct_drive":95.72,"pct_transit":4.28,"pct_walk":0,"min_drive_time":15.62,"min_walk_time":216.69,"min_transit_time":75.64},"geometry":{"type":"Polygon","coordinates":[[[-84.551443,33.578722],[-84.55137,33.575724],[-84.550769,33.573097],[-84.547314,33.571378],[-84.539416,33.568626],[-84.539284,33.574593],[-84.530314,33.574624],[-84.53058,33.576041],[-84.530466,33.582418],[-84.531941,33.584908],[-84.532041,33.586461],[-84.540056,33.584305],[-84.549708,33.582822],[-84.550891,33.581578],[-84.551443,33.578722]]]}},{"type":"Feature","properties":{"geoid":"13121010525","name":"Census Tract 105.25, Fulton County","county":"Fulton","score_per1000":0.7,"score_drive_per1000":0.7,"score_transit_per1000":0,"score_walk_per1000":0,"pop":2481,"med_hh_income":38446,"pct_no_vehicle":7.8,"pct_black":95.9,"pct_hispanic":1.9,"pct_65plus":6.9,"pct_drive":96.3,"pct_transit":3.7,"pct_walk":0,"min_drive_time":17.05,"min_walk_time":222.42,"min_transit_time":75.64},"geometry":{"type":"Polygon","coordinates":[[[-84.539351,33.568703],[-84.533905,33.567056],[-84.528504,33.572544],[-84.513562,33.584852],[-84.516958,33.586654],[-84.518575,33.58707],[-84.522684,33.587117],[-84.525571,33.586574],[-84.532041,33.586461],[-84.531941,33.584908],[-84.530466,33.582418],[-84.53058,33.576041],[-84.530314,33.574624],[-84.539284,33.574593],[-84.539351,33.568703]]]}},{"type":"Feature","properties":{"geoid":"13121010526","name":"Census Tract 105.26, Fulton County","county":"Fulton","score_per1000":1.5,"score_drive_per1000":1.6,"score_transit_per1000":0,"score_walk_per1000":0,"pop":6343,"med_hh_income":95203,"pct_no_vehicle":2.6,"pct_black":84,"pct_hispanic":7.3,"pct_65plus":6.1,"pct_drive":97.43,"pct_transit":2.57,"pct_walk":0,"min_drive_time":15.65,"min_walk_time":271.41,"min_transit_time":82.99},"geometry":{"type":"Polygon","coordinates":[[[-84.597619,33.593424],[-84.596939,33.590658],[-84.597229,33.590236],[-84.59329,33.586884],[-84.592752,33.587651],[-84.589274,33.590208],[-84.587349,33.592319],[-84.586445,33.593831],[-84.582769,33.597265],[-84.582022,33.598642],[-84.578063,33.598833],[-84.572266,33.60117],[-84.568949,33.600599],[-84.565826,33.598725],[-84.562443,33.597782],[-84.55934,33.594386],[-84.556486,33.593336],[-84.552943,33.593137],[-84.550215,33.593764],[-84.549494,33.594158],[-84.54967,33.595567],[-84.549199,33.596632],[-84.545731,33.599862],[-84.523679,33.610832],[-84.525346,33.613853],[-84.525059,33.61783],[-84.526783,33.626989],[-84.52902,33.630502],[-84.532429,33.633171],[-84.533877,33.631123],[-84.534876,33.630388],[-84.539087,33.62906],[-84.542686,33.627402],[-84.54553,33.626985],[-84.549666,33.624848],[-84.55324,33.624419],[-84.553814,33.623879],[-84.555369,33.620642],[-84.5581,33.618559],[-84.568829,33.619326],[-84.569797,33.617976],[-84.571664,33.617145],[-84.573385,33.615502],[-84.573223,33.613749],[-84.572512,33.612543],[-84.572601,33.611756],[-84.573239,33.610858],[-84.573993,33.611634],[-84.576023,33.612284],[-84.579489,33.611312],[-84.581866,33.610226],[-84.589698,33.603685],[-84.593116,33.599384],[-84.596103,33.596377],[-84.597102,33.595059],[-84.597619,33.593424]]]}},{"type":"Feature","properties":{"geoid":"13121010527","name":"Census Tract 105.27, Fulton County","county":"Fulton","score_per1000":0.5,"score_drive_per1000":0.6,"score_transit_per1000":0,"score_walk_per1000":0,"pop":7098,"med_hh_income":44776,"pct_no_vehicle":2.7,"pct_black":76.1,"pct_hispanic":17,"pct_65plus":14.6,"pct_drive":98.53,"pct_transit":0,"pct_walk":1.47,"min_drive_time":18.75,"min_walk_time":258.26,"min_transit_time":82.99},"geometry":{"type":"Polygon","coordinates":[[[-84.593256,33.586955],[-84.59034,33.584537],[-84.588604,33.583824],[-84.588542,33.583194],[-84.584566,33.578296],[-84.577118,33.574862],[-84.576281,33.573759],[-84.576146,33.572458],[-84.575083,33.57002],[-84.565203,33.574917],[-84.554391,33.579789],[-84.551502,33.581496],[-84.549796,33.583501],[-84.54894,33.585575],[-84.548829,33.591375],[-84.549494,33.594158],[-84.550552,33.593628],[-84.552943,33.593137],[-84.556486,33.593336],[-84.55934,33.594386],[-84.562443,33.597782],[-84.565826,33.598725],[-84.568949,33.600599],[-84.572479,33.601154],[-84.578063,33.598833],[-84.582022,33.598642],[-84.582769,33.597265],[-84.586445,33.593831],[-84.587349,33.592319],[-84.589274,33.590208],[-84.592752,33.587651],[-84.593256,33.586955]]]}},{"type":"Feature","properties":{"geoid":"13121010528","name":"Census Tract 105.28, Fulton County","county":"Fulton","score_per1000":0.8,"score_drive_per1000":0.8,"score_transit_per1000":0,"score_walk_per1000":0,"pop":3930,"med_hh_income":48967,"pct_no_vehicle":7.4,"pct_black":70,"pct_hispanic":21.2,"pct_65plus":10.7,"pct_drive":97.39,"pct_transit":0,"pct_walk":2.61,"min_drive_time":16.12,"min_walk_time":227.0,"min_transit_time":75.64},"geometry":{"type":"Polygon","coordinates":[[[-84.554391,33.579789],[-84.581582,33.566956],[-84.576922,33.5626],[-84.572969,33.565758],[-84.571544,33.564996],[-84.564843,33.559713],[-84.561458,33.557932],[-84.559351,33.557193],[-84.553938,33.556343],[-84.539286,33.562753],[-84.536738,33.564373],[-84.533905,33.567056],[-84.544696,33.570365],[-84.549726,33.572396],[-84.550769,33.573097],[-84.5514,33.576041],[-84.551443,33.578722],[-84.550774,33.58137],[-84.551204,33.58175],[-84.554391,33.579789]]]}},{"type":"Feature","properties":{"geoid":"13121010529","name":"Census Tract 105.29, Fulton County","county":"Fulton","score_per1000":1.6,"score_drive_per1000":1.7,"score_transit_per1000":0,"score_walk_per1000":0,"pop":6374,"med_hh_income":86732,"pct_no_vehicle":4.1,"pct_black":87.3,"pct_hispanic":5.4,"pct_65plus":7.6,"pct_drive":93.1,"pct_transit":6.9,"pct_walk":0,"min_drive_time":15.47,"min_walk_time":246.35,"min_transit_time":82.99},"geometry":{"type":"Polygon","coordinates":[[[-84.530217,33.607567],[-84.528452,33.603652],[-84.526584,33.601391],[-84.525625,33.597984],[-84.524045,33.594585],[-84.52398,33.593304],[-84.525043,33.590731],[-84.525077,33.588413],[-84.524638,33.586735],[-84.522684,33.587117],[-84.518243,33.587025],[-84.516663,33.586519],[-84.513562,33.584852],[-84.49595,33.595931],[-84.487376,33.602902],[-84.486464,33.604086],[-84.485925,33.605723],[-84.487736,33.61809],[-84.495314,33.615119],[-84.497594,33.614731],[-84.500298,33.614877],[-84.512959,33.616769],[-84.516383,33.614413],[-84.530217,33.607567]]]}},{"type":"Feature","properties":{"geoid":"13121010530","name":"Census Tract 105.30, Fulton County","county":"Fulton","score_per1000":1.7,"score_drive_per1000":1.9,"score_transit_per1000":0.1,"score_walk_per1000":0,"pop":3202,"med_hh_income":53537,"pct_no_vehicle":9.4,"pct_black":90,"pct_hispanic":0.2,"pct_65plus":16.7,"pct_drive":88.57,"pct_transit":7.99,"pct_walk":3.44,"min_drive_time":13.4,"min_walk_time":213.93,"min_transit_time":52.99},"geometry":{"type":"Polygon","coordinates":[[[-84.531383,33.634429],[-84.532429,33.633171],[-84.528804,33.630255],[-84.526591,33.626549],[-84.525059,33.61783],[-84.525346,33.613853],[-84.523679,33.610832],[-84.515447,33.614921],[-84.512959,33.616769],[-84.500298,33.614877],[-84.497594,33.614731],[-84.495314,33.615119],[-84.487736,33.61809],[-84.488465,33.623177],[-84.505456,33.621544],[-84.50637,33.623166],[-84.506714,33.624829],[-84.506947,33.629477],[-84.507664,33.63026],[-84.510214,33.630867],[-84.51034,33.632501],[-84.513352,33.638386],[-84.514242,33.644586],[-84.515408,33.645688],[-84.519423,33.647543],[-84.520514,33.649189],[-84.52089,33.648823],[-84.520721,33.647134],[-84.522597,33.642753],[-84.52639,33.637154],[-84.531383,33.634429]]]}},{"type":"Feature","properties":{"geoid":"13121010531","name":"Census Tract 105.31, Fulton County","county":"Fulton","score_per1000":1.4,"score_drive_per1000":1.7,"score_transit_per1000":0,"score_walk_per1000":0,"pop":2717,"med_hh_income":113083,"pct_no_vehicle":0.6,"pct_black":99.1,"pct_hispanic":0,"pct_65plus":16.6,"pct_drive":83.48,"pct_transit":16.52,"pct_walk":0,"min_drive_time":13.86,"min_walk_time":174.17,"min_transit_time":64.99},"geometry":{"type":"Polygon","coordinates":[[[-84.513562,33.584852],[-84.50733,33.582981],[-84.502616,33.580406],[-84.503153,33.578807],[-84.502632,33.577053],[-84.500603,33.575039],[-84.498414,33.57039],[-84.497308,33.56914],[-84.497494,33.560524],[-84.494407,33.561609],[-84.491417,33.561851],[-84.4896,33.561505],[-84.489331,33.564476],[-84.490115,33.566155],[-84.491299,33.567636],[-84.492185,33.56982],[-84.493147,33.570698],[-84.494174,33.573742],[-84.494358,33.577894],[-84.495119,33.580067],[-84.492013,33.582167],[-84.492086,33.58751],[-84.493613,33.590459],[-84.495955,33.593516],[-84.497177,33.593279],[-84.497277,33.594944],[-84.513562,33.584852]]]}},{"type":"Feature","properties":{"geoid":"13121010532","name":"Census Tract 105.32, Fulton County","county":"Fulton","score_per1000":0.8,"score_drive_per1000":0.8,"score_transit_per1000":0,"score_walk_per1000":0,"pop":2890,"med_hh_income":69552,"pct_no_vehicle":4.6,"pct_black":88.9,"pct_hispanic":7,"pct_65plus":13.9,"pct_drive":96.12,"pct_transit":3.88,"pct_walk":0,"min_drive_time":12.78,"min_walk_time":168.32,"min_transit_time":98.99},"geometry":{"type":"Polygon","coordinates":[[[-84.522232,33.559789],[-84.522729,33.557173],[-84.521919,33.556166],[-84.520951,33.555889],[-84.517469,33.556757],[-84.516397,33.557352],[-84.516088,33.557584],[-84.515713,33.559303],[-84.514974,33.559654],[-84.513933,33.559382],[-84.506627,33.559178],[-84.505899,33.559935],[-84.505108,33.560144],[-84.499084,33.560118],[-84.497494,33.560524],[-84.497308,33.56914],[-84.498414,33.57039],[-84.500603,33.575039],[-84.502632,33.577053],[-84.503153,33.578807],[-84.502616,33.580406],[-84.505623,33.582193],[-84.509254,33.583668],[-84.510267,33.583954],[-84.51122,33.583029],[-84.512256,33.58084],[-84.512565,33.573293],[-84.512935,33.571878],[-84.517965,33.563131],[-84.520896,33.561435],[-84.522232,33.559789]]]}},{"type":"Feature","properties":{"geoid":"13121010533","name":"Census Tract 105.33, Fulton County","county":"Fulton","score_per1000":1.5,"score_drive_per1000":1.5,"score_transit_per1000":0,"score_walk_per1000":0,"pop":2364,"med_hh_income":58141,"pct_no_vehicle":8,"pct_black":96.3,"pct_hispanic":2.5,"pct_65plus":7.7,"pct_drive":97.47,"pct_transit":2.53,"pct_walk":0,"min_drive_time":13.44,"min_walk_time":186.95,"min_transit_time":75.64},"geometry":{"type":"Polygon","coordinates":[[[-84.533905,33.567056],[-84.5306,33.567168],[-84.527455,33.567998],[-84.524954,33.567818],[-84.523526,33.567262],[-84.529487,33.56043],[-84.531197,33.558992],[-84.530755,33.558245],[-84.53072,33.555243],[-84.525009,33.553526],[-84.524324,33.555491],[-84.522597,33.557426],[-84.522232,33.559789],[-84.520896,33.561435],[-84.517965,33.563131],[-84.513112,33.571483],[-84.512573,33.573193],[-84.512256,33.58084],[-84.511652,33.582426],[-84.510267,33.583954],[-84.513562,33.584852],[-84.528504,33.572544],[-84.533905,33.567056]]]}},{"type":"Feature","properties":{"geoid":"13121010534","name":"Census Tract 105.34, Fulton County","county":"Fulton","score_per1000":0.6,"score_drive_per1000":0.6,"score_transit_per1000":0,"score_walk_per1000":0,"pop":3345,"med_hh_income":88465,"pct_no_vehicle":5.9,"pct_black":71.6,"pct_hispanic":4.6,"pct_65plus":9.4,"pct_drive":99.14,"pct_transit":0.86,"pct_walk":0,"min_drive_time":19.19,"min_walk_time":302.57,"min_transit_time":98.99},"geometry":{"type":"Polygon","coordinates":[[[-84.6144,33.526851],[-84.614027,33.524164],[-84.612033,33.520423],[-84.603273,33.520466],[-84.602253,33.520024],[-84.60046,33.518555],[-84.598952,33.518138],[-84.59514,33.51822],[-84.594744,33.51871],[-84.57602,33.523375],[-84.576045,33.52993],[-84.576959,33.534128],[-84.5768,33.542663],[-84.566305,33.54275],[-84.564391,33.543492],[-84.567448,33.547343],[-84.568771,33.54992],[-84.585692,33.542518],[-84.604544,33.531532],[-84.6144,33.526851]]]}},{"type":"Feature","properties":{"geoid":"13121010535","name":"Census Tract 105.35, Fulton County","county":"Fulton","score_per1000":0.4,"score_drive_per1000":0.4,"score_transit_per1000":0,"score_walk_per1000":0,"pop":3212,"med_hh_income":90731,"pct_no_vehicle":1.7,"pct_black":82.1,"pct_hispanic":10,"pct_65plus":9.6,"pct_drive":100,"pct_transit":0,"pct_walk":0,"min_drive_time":20.39,"min_walk_time":288.92,"min_transit_time":98.99},"geometry":{"type":"Polygon","coordinates":[[[-84.618647,33.582489],[-84.618035,33.578565],[-84.616633,33.574394],[-84.612207,33.574716],[-84.60458,33.576279],[-84.601379,33.576289],[-84.595026,33.573033],[-84.5911,33.570592],[-84.583587,33.568746],[-84.581582,33.566956],[-84.575083,33.57002],[-84.576146,33.572458],[-84.576281,33.573759],[-84.577118,33.574862],[-84.584566,33.578296],[-84.588542,33.583194],[-84.588604,33.583824],[-84.591507,33.58538],[-84.599322,33.591936],[-84.601607,33.590257],[-84.605087,33.588951],[-84.607968,33.586814],[-84.609294,33.586794],[-84.611648,33.588051],[-84.613722,33.587635],[-84.61739,33.584784],[-84.618647,33.582489]]]}},{"type":"Feature","properties":{"geoid":"13121010536","name":"Census Tract 105.36, Fulton County","county":"Fulton","score_per1000":0.7,"score_drive_per1000":0.7,"score_transit_per1000":0,"score_walk_per1000":0,"pop":3407,"med_hh_income":132159,"pct_no_vehicle":0.5,"pct_black":85.6,"pct_hispanic":4.3,"pct_65plus":4.7,"pct_drive":100,"pct_transit":0,"pct_walk":0,"min_drive_time":19.86,"min_walk_time":299.74,"min_transit_time":112.99},"geometry":{"type":"Polygon","coordinates":[[[-84.634717,33.590864],[-84.633833,33.588902],[-84.629676,33.582698],[-84.628595,33.578407],[-84.627194,33.57613],[-84.626333,33.575376],[-84.622141,33.57363],[-84.620426,33.573661],[-84.616633,33.574394],[-84.618035,33.578565],[-84.618642,33.582246],[-84.618483,33.583132],[-84.61739,33.584784],[-84.613982,33.587473],[-84.612808,33.587975],[-84.610978,33.587886],[-84.60904,33.586732],[-84.6078,33.58688],[-84.605087,33.588951],[-84.601607,33.590257],[-84.599322,33.591936],[-84.597229,33.590236],[-84.596939,33.590658],[-84.597601,33.593713],[-84.597102,33.595059],[-84.596103,33.596377],[-84.593116,33.599384],[-84.589698,33.603685],[-84.582213,33.609967],[-84.579489,33.611312],[-84.577643,33.611746],[-84.577943,33.614578],[-84.579669,33.616086],[-84.580815,33.617668],[-84.584308,33.620022],[-84.584398,33.624336],[-84.587138,33.624132],[-84.590494,33.623152],[-84.59385,33.620988],[-84.600333,33.613832],[-84.602169,33.612401],[-84.605048,33.61122],[-84.611148,33.610411],[-84.61,33.608538],[-84.611234,33.608212],[-84.612819,33.60621],[-84.614343,33.60536],[-84.616321,33.603133],[-84.61788,33.602271],[-84.618481,33.601527],[-84.622232,33.600575],[-84.623514,33.599695],[-84.625222,33.599217],[-84.627738,33.599319],[-84.631648,33.596602],[-84.63315,33.593892],[-84.634349,33.59263],[-84.634717,33.590864]]]}},{"type":"Feature","properties":{"geoid":"13121010537","name":"Census Tract 105.37, Fulton County","county":"Fulton","score_per1000":1.0,"score_drive_per1000":1.0,"score_transit_per1000":0,"score_walk_per1000":0,"pop":4063,"med_hh_income":87550,"pct_no_vehicle":0,"pct_black":97.3,"pct_hispanic":0.7,"pct_65plus":6.2,"pct_drive":97.9,"pct_transit":2.1,"pct_walk":0,"min_drive_time":9.86,"min_walk_time":139.21,"min_transit_time":82.99},"geometry":{"type":"Polygon","coordinates":[[[-84.505108,33.560144],[-84.506627,33.559178],[-84.503534,33.557198],[-84.498846,33.553313],[-84.496244,33.552281],[-84.485183,33.551396],[-84.475971,33.551536],[-84.465052,33.551106],[-84.464545,33.549783],[-84.458669,33.550939],[-84.458583,33.556248],[-84.458928,33.559765],[-84.461931,33.561347],[-84.465428,33.562557],[-84.470886,33.56335],[-84.482355,33.563228],[-84.488035,33.561318],[-84.491417,33.561851],[-84.494407,33.561609],[-84.498609,33.560188],[-84.505108,33.560144]]]}},{"type":"Feature","properties":{"geoid":"13121010538","name":"Census Tract 105.38, Fulton County","county":"Fulton","score_per1000":0.7,"score_drive_per1000":0.7,"score_transit_per1000":0,"score_walk_per1000":0,"pop":3319,"med_hh_income":72783,"pct_no_vehicle":13.9,"pct_black":81.8,"pct_hispanic":0.2,"pct_65plus":21.3,"pct_drive":100,"pct_transit":0,"pct_walk":0,"min_drive_time":12.03,"min_walk_time":173.55,"min_transit_time":98.99},"geometry":{"type":"Polygon","coordinates":[[[-84.525105,33.55287],[-84.524346,33.549616],[-84.522298,33.547832],[-84.521886,33.546884],[-84.523819,33.542858],[-84.524064,33.537435],[-84.523746,33.536487],[-84.513232,33.539226],[-84.499932,33.541918],[-84.488831,33.544717],[-84.464545,33.549783],[-84.465052,33.551106],[-84.475971,33.551536],[-84.485183,33.551396],[-84.496244,33.552281],[-84.498846,33.553313],[-84.505719,33.558781],[-84.507958,33.559389],[-84.51352,33.55936],[-84.514974,33.559654],[-84.515713,33.559303],[-84.516088,33.557584],[-84.516397,33.557352],[-84.517469,33.556757],[-84.520951,33.555889],[-84.521919,33.556166],[-84.522729,33.557173],[-84.524467,33.555234],[-84.525105,33.55287]]]}},{"type":"Feature","properties":{"geoid":"13121010539","name":"Census Tract 105.39, Fulton County","county":"Fulton","score_per1000":0.7,"score_drive_per1000":0.7,"score_transit_per1000":0,"score_walk_per1000":0,"pop":3116,"med_hh_income":66487,"pct_no_vehicle":2.1,"pct_black":93,"pct_hispanic":1.8,"pct_65plus":10.7,"pct_drive":93.34,"pct_transit":6.66,"pct_walk":0,"min_drive_time":15.86,"min_walk_time":218.44,"min_transit_time":98.99},"geometry":{"type":"Polygon","coordinates":[[[-84.545555,33.55273],[-84.544174,33.549402],[-84.543947,33.547978],[-84.542377,33.544755],[-84.541735,33.54114],[-84.539901,33.538779],[-84.53863,33.537662],[-84.535894,33.535807],[-84.531348,33.534493],[-84.523746,33.536487],[-84.524064,33.537435],[-84.523819,33.542858],[-84.522026,33.546209],[-84.521931,33.547137],[-84.522298,33.547832],[-84.523863,33.549014],[-84.524485,33.549881],[-84.525089,33.552593],[-84.525009,33.553526],[-84.53072,33.555243],[-84.530755,33.558245],[-84.531197,33.558992],[-84.529487,33.56043],[-84.523526,33.567262],[-84.524954,33.567818],[-84.527455,33.567998],[-84.5306,33.567168],[-84.533905,33.567056],[-84.53588,33.565065],[-84.537988,33.563517],[-84.542651,33.561209],[-84.540944,33.560444],[-84.540292,33.558938],[-84.543392,33.557617],[-84.54536,33.557242],[-84.545555,33.55273]]]}},{"type":"Feature","properties":{"geoid":"13121010540","name":"Census Tract 105.40, Fulton County","county":"Fulton","score_per1000":0.7,"score_drive_per1000":0.7,"score_transit_per1000":0,"score_walk_per1000":0,"pop":6308,"med_hh_income":94764,"pct_no_vehicle":2.7,"pct_black":87.3,"pct_hispanic":6.7,"pct_65plus":2.5,"pct_drive":100,"pct_transit":0,"pct_walk":0,"min_drive_time":17.61,"min_walk_time":250.52,"min_transit_time":98.99},"geometry":{"type":"Polygon","coordinates":[[[-84.576966,33.53463],[-84.576045,33.52993],[-84.57602,33.523375],[-84.561599,33.527253],[-84.545733,33.530718],[-84.531348,33.534493],[-84.536391,33.536086],[-84.53962,33.538489],[-84.541735,33.54114],[-84.542377,33.544755],[-84.543947,33.547978],[-84.544174,33.549402],[-84.545555,33.55273],[-84.54536,33.557242],[-84.543392,33.557617],[-84.540292,33.558938],[-84.540944,33.560444],[-84.542651,33.561209],[-84.568704,33.54998],[-84.567448,33.547343],[-84.564391,33.543492],[-84.566305,33.54275],[-84.5768,33.542663],[-84.576966,33.53463]]]}},{"type":"Feature","properties":{"geoid":"13121010601","name":"Census Tract 106.01, Fulton County","county":"Fulton","score_per1000":2.5,"score_drive_per1000":2.9,"score_transit_per1000":0.1,"score_walk_per1000":0,"pop":2615,"med_hh_income":65408,"pct_no_vehicle":12.7,"pct_black":63.4,"pct_hispanic":6.5,"pct_65plus":16.3,"pct_drive":87.99,"pct_transit":9.72,"pct_walk":2.29,"min_drive_time":9.97,"min_walk_time":172.33,"min_transit_time":45.64},"geometry":{"type":"Polygon","coordinates":[[[-84.47101,33.662136],[-84.46744,33.657864],[-84.465621,33.656738],[-84.463976,33.654246],[-84.463321,33.653738],[-84.461852,33.65343],[-84.449519,33.653399],[-84.44917,33.655524],[-84.444603,33.667617],[-84.453171,33.667829],[-84.453599,33.667556],[-84.45427,33.667742],[-84.454268,33.668093],[-84.455264,33.668248],[-84.456147,33.667365],[-84.457899,33.667043],[-84.457903,33.667733],[-84.45903,33.668154],[-84.460506,33.668153],[-84.460507,33.667895],[-84.461364,33.667883],[-84.461384,33.667391],[-84.462141,33.667379],[-84.462216,33.668169],[-84.46324,33.668415],[-84.464157,33.667598],[-84.464594,33.667937],[-84.466957,33.665058],[-84.466787,33.664942],[-84.469574,33.66268],[-84.47101,33.662136]]]}},{"type":"Feature","properties":{"geoid":"13121010603","name":"Census Tract 106.03, Fulton County","county":"Fulton","score_per1000":1.6,"score_drive_per1000":2.2,"score_transit_per1000":0.1,"score_walk_per1000":0,"pop":3293,"med_hh_income":50335,"pct_no_vehicle":23.4,"pct_black":89.7,"pct_hispanic":4.7,"pct_65plus":12.5,"pct_drive":72.81,"pct_transit":13.12,"pct_walk":14.07,"min_drive_time":11.53,"min_walk_time":171.68,"min_transit_time":52.99},"geometry":{"type":"Polygon","coordinates":[[[-84.486845,33.652281],[-84.48703,33.64291],[-84.485173,33.641973],[-84.484387,33.640196],[-84.481856,33.640129],[-84.478748,33.638388],[-84.47591,33.638457],[-84.474288,33.637958],[-84.472371,33.637897],[-84.472395,33.63586],[-84.468275,33.634685],[-84.466538,33.633841],[-84.465366,33.632747],[-84.463948,33.630418],[-84.463061,33.629603],[-84.460951,33.628919],[-84.458057,33.629247],[-84.45773,33.648872],[-84.453025,33.648882],[-84.452932,33.644113],[-84.450847,33.645802],[-84.450319,33.646779],[-84.449852,33.648888],[-84.449519,33.653399],[-84.461852,33.65343],[-84.463321,33.653738],[-84.463976,33.654246],[-84.465621,33.656738],[-84.46744,33.657864],[-84.47101,33.662136],[-84.473255,33.661297],[-84.473298,33.660338],[-84.473708,33.660003],[-84.473822,33.657017],[-84.475055,33.656416],[-84.474267,33.655834],[-84.474421,33.65506],[-84.473979,33.653684],[-84.47494,33.653626],[-84.476055,33.652747],[-84.479228,33.651712],[-84.486845,33.652281]]]}},{"type":"Feature","properties":{"geoid":"13121010604","name":"Census Tract 106.04, Fulton County","county":"Fulton","score_per1000":1.6,"score_drive_per1000":2.4,"score_transit_per1000":0.5,"score_walk_per1000":0,"pop":3600,"med_hh_income":38873,"pct_no_vehicle":20.1,"pct_black":89.2,"pct_hispanic":2.6,"pct_65plus":7.9,"pct_drive":63.2,"pct_transit":25.38,"pct_walk":11.42,"min_drive_time":9.96,"min_walk_time":164.74,"min_transit_time":34.99},"geometry":{"type":"Polygon","coordinates":[[[-84.487442,33.631892],[-84.487517,33.624679],[-84.486702,33.624259],[-84.486523,33.623356],[-84.478662,33.624243],[-84.476762,33.625069],[-84.474395,33.626882],[-84.474347,33.622205],[-84.472867,33.618358],[-84.472781,33.61636],[-84.45843,33.616189],[-84.458057,33.629247],[-84.460951,33.628919],[-84.46261,33.629362],[-84.463754,33.630182],[-84.465094,33.632396],[-84.466538,33.633841],[-84.468275,33.634685],[-84.472395,33.63586],[-84.472371,33.637897],[-84.474288,33.637958],[-84.47591,33.638457],[-84.478748,33.638388],[-84.481856,33.640129],[-84.484387,33.640196],[-84.485173,33.641973],[-84.48703,33.64291],[-84.487218,33.634904],[-84.486736,33.634904],[-84.486737,33.633757],[-84.487275,33.633755],[-84.487139,33.6332],[-84.486637,33.633185],[-84.487442,33.631892]]]}},{"type":"Feature","properties":{"geoid":"13121010801","name":"Census Tract 108.01, Fulton County","county":"Fulton","score_per1000":3.7,"score_drive_per1000":3.9,"score_transit_per1000":0.8,"score_walk_per1000":0,"pop":2141,"med_hh_income":63712,"pct_no_vehicle":10.8,"pct_black":51.3,"pct_hispanic":7.1,"pct_65plus":5.1,"pct_drive":93.94,"pct_transit":4.12,"pct_walk":1.94,"min_drive_time":7.44,"min_walk_time":147.5,"min_transit_time":28.99},"geometry":{"type":"Polygon","coordinates":[[[-84.434567,33.656728],[-84.428531,33.656615],[-84.428553,33.657492],[-84.423575,33.657818],[-84.418138,33.657579],[-84.412775,33.654866],[-84.406468,33.650937],[-84.405711,33.650169],[-84.404938,33.648517],[-84.40323,33.648315],[-84.397431,33.648215],[-84.395847,33.652799],[-84.400683,33.654091],[-84.410609,33.659854],[-84.408601,33.663798],[-84.4085,33.673057],[-84.41888,33.673123],[-84.418773,33.665842],[-84.419349,33.665552],[-84.423705,33.66535],[-84.423616,33.663562],[-84.426089,33.662894],[-84.428294,33.662935],[-84.428329,33.66112],[-84.430633,33.659771],[-84.434567,33.656728]]]}},{"type":"Feature","properties":{"geoid":"13121010802","name":"Census Tract 108.02, Fulton County","county":"Fulton","score_per1000":3.6,"score_drive_per1000":3.9,"score_transit_per1000":0.1,"score_walk_per1000":0,"pop":4489,"med_hh_income":101250,"pct_no_vehicle":3.4,"pct_black":28.6,"pct_hispanic":36.6,"pct_65plus":10.6,"pct_drive":93.2,"pct_transit":0.84,"pct_walk":5.97,"min_drive_time":7.55,"min_walk_time":140.95,"min_transit_time":52.99},"geometry":{"type":"Polygon","coordinates":[[[-84.410609,33.659854],[-84.400683,33.654091],[-84.395847,33.652799],[-84.394846,33.656441],[-84.394707,33.659573],[-84.395176,33.662253],[-84.397554,33.668821],[-84.397527,33.672931],[-84.4085,33.673057],[-84.408601,33.663798],[-84.410609,33.659854]]]}},{"type":"Feature","properties":{"geoid":"13121011000","name":"Census Tract 110, Fulton County","county":"Fulton","score_per1000":3.5,"score_drive_per1000":3.7,"score_transit_per1000":0.5,"score_walk_per1000":0,"pop":3157,"med_hh_income":47083,"pct_no_vehicle":23.2,"pct_black":47.8,"pct_hispanic":38.5,"pct_65plus":11.8,"pct_drive":94.01,"pct_transit":5.99,"pct_walk":0,"min_drive_time":7.95,"min_walk_time":144.96,"min_transit_time":38.99},"geometry":{"type":"Polygon","coordinates":[[[-84.439584,33.679438],[-84.438175,33.672394],[-84.43754,33.671266],[-84.436058,33.669838],[-84.434278,33.66899],[-84.423156,33.665452],[-84.419349,33.665552],[-84.418773,33.665842],[-84.41888,33.673123],[-84.418331,33.673114],[-84.418231,33.676914],[-84.417231,33.677014],[-84.417231,33.677414],[-84.415532,33.677514],[-84.415053,33.679416],[-84.415133,33.68135],[-84.426364,33.68151],[-84.431575,33.679498],[-84.435578,33.67946],[-84.436245,33.679191],[-84.436594,33.679488],[-84.439584,33.679438]]]}},{"type":"Feature","properties":{"geoid":"13121011100","name":"Census Tract 111, Fulton County","county":"Fulton","score_per1000":3.6,"score_drive_per1000":3.7,"score_transit_per1000":0.5,"score_walk_per1000":0,"pop":2516,"med_hh_income":78967,"pct_no_vehicle":9.2,"pct_black":58.5,"pct_hispanic":8.5,"pct_65plus":16.3,"pct_drive":96.97,"pct_transit":3.03,"pct_walk":0,"min_drive_time":7.53,"min_walk_time":133.99,"min_transit_time":38.99},"geometry":{"type":"Polygon","coordinates":[[[-84.440608,33.683739],[-84.440111,33.680339],[-84.440229,33.679366],[-84.436594,33.679488],[-84.436245,33.679191],[-84.435578,33.67946],[-84.431575,33.679498],[-84.426364,33.68151],[-84.416942,33.681377],[-84.416866,33.69219],[-84.415549,33.692227],[-84.415423,33.697195],[-84.425499,33.697235],[-84.429589,33.697547],[-84.429867,33.695896],[-84.430674,33.694429],[-84.431853,33.693424],[-84.434872,33.691877],[-84.436414,33.690554],[-84.440096,33.68562],[-84.440608,33.683739]]]}},{"type":"Feature","properties":{"geoid":"13121011202","name":"Census Tract 112.02, Fulton County","county":"Fulton","score_per1000":2.4,"score_drive_per1000":2.9,"score_transit_per1000":0.5,"score_walk_per1000":0,"pop":4504,"med_hh_income":69348,"pct_no_vehicle":9.7,"pct_black":57.4,"pct_hispanic":14.8,"pct_65plus":9.8,"pct_drive":81.37,"pct_transit":18.63,"pct_walk":0,"min_drive_time":9.24,"min_walk_time":147.02,"min_transit_time":34.99},"geometry":{"type":"Polygon","coordinates":[[[-84.460527,33.671427],[-84.460506,33.668153],[-84.45903,33.668154],[-84.457903,33.667733],[-84.457899,33.667043],[-84.456147,33.667365],[-84.455264,33.668248],[-84.454268,33.668093],[-84.45427,33.667742],[-84.453599,33.667556],[-84.453171,33.667829],[-84.444603,33.667617],[-84.440155,33.679654],[-84.440607,33.682936],[-84.440506,33.684639],[-84.446521,33.685914],[-84.449609,33.685221],[-84.451172,33.685443],[-84.454992,33.68864],[-84.457333,33.689254],[-84.457407,33.687636],[-84.458353,33.685659],[-84.457667,33.683307],[-84.457808,33.672296],[-84.460527,33.671427]]]}},{"type":"Feature","properties":{"geoid":"13121011203","name":"Census Tract 112.03, Fulton County","county":"Fulton","score_per1000":3.4,"score_drive_per1000":3.5,"score_transit_per1000":0.1,"score_walk_per1000":0,"pop":2578,"med_hh_income":74750,"pct_no_vehicle":5.6,"pct_black":63.6,"pct_hispanic":16.6,"pct_65plus":5.5,"pct_drive":96.17,"pct_transit":1.91,"pct_walk":1.91,"min_drive_time":7.95,"min_walk_time":130.07,"min_transit_time":45.64},"geometry":{"type":"Polygon","coordinates":[[[-84.457346,33.699186],[-84.457333,33.689254],[-84.454992,33.68864],[-84.451172,33.685443],[-84.449609,33.685221],[-84.446521,33.685914],[-84.440883,33.684655],[-84.440506,33.684639],[-84.438171,33.688389],[-84.435913,33.69109],[-84.431853,33.693424],[-84.430674,33.694429],[-84.429867,33.695896],[-84.429489,33.697995],[-84.435285,33.698167],[-84.440159,33.69985],[-84.441912,33.699692],[-84.445519,33.698288],[-84.447545,33.697974],[-84.449693,33.698126],[-84.454218,33.699249],[-84.457346,33.699186]]]}},{"type":"Feature","properties":{"geoid":"13121011204","name":"Census Tract 112.04, Fulton County","county":"Fulton","score_per1000":3.5,"score_drive_per1000":3.7,"score_transit_per1000":0.5,"score_walk_per1000":0,"pop":1584,"med_hh_income":79318,"pct_no_vehicle":22.8,"pct_black":87.8,"pct_hispanic":0,"pct_65plus":8.8,"pct_drive":93.49,"pct_transit":1.07,"pct_walk":5.44,"min_drive_time":7.56,"min_walk_time":119.63,"min_transit_time":34.99},"geometry":{"type":"Polygon","coordinates":[[[-84.449685,33.698448],[-84.448496,33.698045],[-84.446706,33.698037],[-84.442251,33.699601],[-84.440378,33.699855],[-84.439006,33.699643],[-84.435285,33.698167],[-84.429489,33.697995],[-84.429298,33.699802],[-84.437916,33.699923],[-84.437901,33.701023],[-84.443045,33.701116],[-84.442932,33.705713],[-84.449453,33.705636],[-84.449685,33.698448]]]}},{"type":"Feature","properties":{"geoid":"13121011301","name":"Census Tract 113.01, Fulton County","county":"Fulton","score_per1000":2.1,"score_drive_per1000":2.2,"score_transit_per1000":0.1,"score_walk_per1000":0,"pop":4707,"med_hh_income":90704,"pct_no_vehicle":7.4,"pct_black":70.1,"pct_hispanic":16.8,"pct_65plus":18.5,"pct_drive":96.16,"pct_transit":3.04,"pct_walk":0.79,"min_drive_time":10.57,"min_walk_time":160.42,"min_transit_time":58.99},"geometry":{"type":"Polygon","coordinates":[[[-84.48654,33.689987],[-84.486621,33.677926],[-84.467319,33.677567],[-84.461735,33.681837],[-84.457712,33.681871],[-84.457691,33.68371],[-84.458353,33.685659],[-84.457336,33.688064],[-84.457346,33.699186],[-84.458813,33.698776],[-84.460688,33.697678],[-84.476453,33.697762],[-84.476345,33.692636],[-84.482177,33.692717],[-84.482189,33.691094],[-84.48654,33.689987]]]}},{"type":"Feature","properties":{"geoid":"13121011306","name":"Census Tract 113.06, Fulton County","county":"Fulton","score_per1000":1.6,"score_drive_per1000":1.7,"score_transit_per1000":0.1,"score_walk_per1000":0,"pop":2956,"med_hh_income":64875,"pct_no_vehicle":0,"pct_black":92,"pct_hispanic":7.9,"pct_65plus":6.4,"pct_drive":92.89,"pct_transit":6.88,"pct_walk":0.23,"min_drive_time":14.0,"min_walk_time":220.68,"min_transit_time":58.99},"geometry":{"type":"Polygon","coordinates":[[[-84.52162,33.655841],[-84.521167,33.652319],[-84.520233,33.64842],[-84.519423,33.647543],[-84.515408,33.645688],[-84.514424,33.644863],[-84.513984,33.643837],[-84.513352,33.638386],[-84.51034,33.632501],[-84.510214,33.630867],[-84.507664,33.63026],[-84.507042,33.629705],[-84.506438,33.623367],[-84.505456,33.621544],[-84.488465,33.623177],[-84.489356,33.630273],[-84.490201,33.632992],[-84.491521,33.63544],[-84.495437,33.64094],[-84.497252,33.645511],[-84.497708,33.648761],[-84.497749,33.660713],[-84.501187,33.661002],[-84.504444,33.659934],[-84.506448,33.659926],[-84.506235,33.654176],[-84.507984,33.654309],[-84.515595,33.65613],[-84.515624,33.655068],[-84.519234,33.655815],[-84.52162,33.655841]]]}},{"type":"Feature","properties":{"geoid":"13121011307","name":"Census Tract 113.07, Fulton County","county":"Fulton","score_per1000":1.6,"score_drive_per1000":1.9,"score_transit_per1000":0.1,"score_walk_per1000":0,"pop":5427,"med_hh_income":46331,"pct_no_vehicle":26.5,"pct_black":89.8,"pct_hispanic":3.7,"pct_65plus":6.7,"pct_drive":83.11,"pct_transit":14.78,"pct_walk":2.11,"min_drive_time":13.46,"min_walk_time":199.73,"min_transit_time":45.64},"geometry":{"type":"Polygon","coordinates":[[[-84.497749,33.660713],[-84.497708,33.648761],[-84.497215,33.645369],[-84.495437,33.64094],[-84.492152,33.636304],[-84.491847,33.638282],[-84.490843,33.641251],[-84.489191,33.643683],[-84.489266,33.644562],[-84.490736,33.647691],[-84.4891,33.651511],[-84.486851,33.65425],[-84.482847,33.655446],[-84.480605,33.658563],[-84.481833,33.659105],[-84.484577,33.659141],[-84.48757,33.660357],[-84.490763,33.659653],[-84.495427,33.660721],[-84.497749,33.660713]]]}},{"type":"Feature","properties":{"geoid":"13121011308","name":"Census Tract 113.08, Fulton County","county":"Fulton","score_per1000":1.0,"score_drive_per1000":2.0,"score_transit_per1000":0.1,"score_walk_per1000":0,"pop":1765,"med_hh_income":49299,"pct_no_vehicle":52.2,"pct_black":99,"pct_hispanic":1,"pct_65plus":5.8,"pct_drive":47.66,"pct_transit":52.34,"pct_walk":0,"min_drive_time":12.48,"min_walk_time":190.19,"min_transit_time":45.64},"geometry":{"type":"Polygon","coordinates":[[[-84.492124,33.636582],[-84.490476,33.633626],[-84.489513,33.630972],[-84.488465,33.623177],[-84.486523,33.623356],[-84.486702,33.624259],[-84.487517,33.624679],[-84.487442,33.631892],[-84.486637,33.633185],[-84.487139,33.6332],[-84.487275,33.633755],[-84.486737,33.633757],[-84.486736,33.634904],[-84.487218,33.634904],[-84.486844,33.652404],[-84.488335,33.652651],[-84.490664,33.648],[-84.49063,33.647058],[-84.489404,33.644895],[-84.489191,33.643683],[-84.490843,33.641251],[-84.492124,33.636582]]]}},{"type":"Feature","properties":{"geoid":"13121011309","name":"Census Tract 113.09, Fulton County","county":"Fulton","score_per1000":1.8,"score_drive_per1000":2.0,"score_transit_per1000":0.1,"score_walk_per1000":0,"pop":3374,"med_hh_income":74035,"pct_no_vehicle":6,"pct_black":77.2,"pct_hispanic":6.6,"pct_65plus":12.2,"pct_drive":92.48,"pct_transit":5.5,"pct_walk":2.02,"min_drive_time":12.44,"min_walk_time":196.95,"min_transit_time":58.99},"geometry":{"type":"Polygon","coordinates":[[[-84.506738,33.666256],[-84.506448,33.659926],[-84.504444,33.659934],[-84.501187,33.661002],[-84.499908,33.660716],[-84.495427,33.660721],[-84.490763,33.659653],[-84.48757,33.660357],[-84.484577,33.659141],[-84.481833,33.659105],[-84.480605,33.658563],[-84.477738,33.659652],[-84.477561,33.665991],[-84.474742,33.666004],[-84.474483,33.668621],[-84.474666,33.669766],[-84.476769,33.671541],[-84.477189,33.672375],[-84.477187,33.677863],[-84.486621,33.677926],[-84.486611,33.67432],[-84.487841,33.67433],[-84.487841,33.673939],[-84.492172,33.673955],[-84.492155,33.666074],[-84.506738,33.666256]]]}},{"type":"Feature","properties":{"geoid":"13121011310","name":"Census Tract 113.10, Fulton County","county":"Fulton","score_per1000":2.0,"score_drive_per1000":2.2,"score_transit_per1000":0.5,"score_walk_per1000":0,"pop":5376,"med_hh_income":56563,"pct_no_vehicle":8.3,"pct_black":81.2,"pct_hispanic":13.7,"pct_65plus":11.6,"pct_drive":87.29,"pct_transit":5.06,"pct_walk":7.65,"min_drive_time":11.35,"min_walk_time":179.95,"min_transit_time":34.99},"geometry":{"type":"Polygon","coordinates":[[[-84.488262,33.652786],[-84.483974,33.651874],[-84.479228,33.651712],[-84.476055,33.652747],[-84.47494,33.653626],[-84.473979,33.653684],[-84.474421,33.65506],[-84.474267,33.655834],[-84.475055,33.656416],[-84.473822,33.657017],[-84.473708,33.660003],[-84.473298,33.660338],[-84.473255,33.661297],[-84.469574,33.66268],[-84.466787,33.664942],[-84.466957,33.665058],[-84.464594,33.667937],[-84.464157,33.667598],[-84.46324,33.668415],[-84.462769,33.668375],[-84.462216,33.668169],[-84.462141,33.667379],[-84.461384,33.667391],[-84.461364,33.667883],[-84.460507,33.667895],[-84.460527,33.671427],[-84.457808,33.672296],[-84.457712,33.681871],[-84.461735,33.681837],[-84.467319,33.677567],[-84.477187,33.677863],[-84.477249,33.672624],[-84.476769,33.671541],[-84.474666,33.669766],[-84.474474,33.668473],[-84.474742,33.666004],[-84.477561,33.665991],[-84.477738,33.659652],[-84.480605,33.658563],[-84.483054,33.655309],[-84.486651,33.654352],[-84.488262,33.652786]]]}},{"type":"Feature","properties":{"geoid":"13121011416","name":"Census Tract 114.16, Fulton County","county":"Fulton","score_per1000":2.3,"score_drive_per1000":2.3,"score_transit_per1000":0,"score_walk_per1000":0,"pop":5839,"med_hh_income":159209,"pct_no_vehicle":1.5,"pct_black":10.6,"pct_hispanic":12.1,"pct_65plus":20.6,"pct_drive":97.53,"pct_transit":0,"pct_walk":2.47,"min_drive_time":5.9,"min_walk_time":72.51,"min_transit_time":72.51},"geometry":{"type":"Polygon","coordinates":[[[-84.361054,34.076313],[-84.360837,34.07626],[-84.360482,34.071195],[-84.360878,34.067746],[-84.361,34.061337],[-84.346344,34.061198],[-84.345209,34.054132],[-84.343663,34.051502],[-84.343721,34.038993],[-84.343135,34.038517],[-84.338448,34.049201],[-84.336789,34.050706],[-84.331326,34.053598],[-84.328247,34.056388],[-84.331052,34.057025],[-84.331142,34.057625],[-84.330349,34.060028],[-84.330677,34.062389],[-84.331194,34.06316],[-84.334057,34.065571],[-84.334208,34.067544],[-84.335848,34.070285],[-84.335489,34.071105],[-84.335646,34.072506],[-84.335392,34.073044],[-84.330645,34.072872],[-84.327513,34.075495],[-84.335193,34.076957],[-84.339484,34.078292],[-84.342304,34.078812],[-84.346229,34.077606],[-84.359661,34.07778],[-84.361054,34.076313]]]}},{"type":"Feature","properties":{"geoid":"13121011417","name":"Census Tract 114.17, Fulton County","county":"Fulton","score_per1000":2.4,"score_drive_per1000":2.5,"score_transit_per1000":0.0,"score_walk_per1000":0,"pop":4524,"med_hh_income":146071,"pct_no_vehicle":11.1,"pct_black":2.8,"pct_hispanic":2.3,"pct_65plus":25.1,"pct_drive":94.96,"pct_transit":0,"pct_walk":5.04,"min_drive_time":5.33,"min_walk_time":69.67,"min_transit_time":45.74},"geometry":{"type":"Polygon","coordinates":[[[-84.39568,34.062681],[-84.391296,34.062498],[-84.380964,34.058299],[-84.375919,34.054313],[-84.370835,34.052718],[-84.367913,34.050898],[-84.362239,34.048794],[-84.361149,34.048086],[-84.355263,34.042536],[-84.352274,34.041233],[-84.350332,34.039793],[-84.343499,34.036771],[-84.343135,34.038517],[-84.343721,34.038993],[-84.343663,34.051502],[-84.345209,34.054132],[-84.346344,34.061198],[-84.361,34.061337],[-84.360878,34.067746],[-84.360483,34.070993],[-84.360861,34.076324],[-84.368068,34.071081],[-84.369727,34.070391],[-84.373321,34.069622],[-84.381621,34.065392],[-84.38268,34.06515],[-84.391696,34.065271],[-84.394157,34.064277],[-84.39568,34.062681]]]}},{"type":"Feature","properties":{"geoid":"13121011419","name":"Census Tract 114.19, Fulton County","county":"Fulton","score_per1000":2.1,"score_drive_per1000":2.2,"score_transit_per1000":0,"score_walk_per1000":0,"pop":5638,"med_hh_income":153611,"pct_no_vehicle":7.8,"pct_black":4.3,"pct_hispanic":9.8,"pct_65plus":24.5,"pct_drive":98.21,"pct_transit":0.81,"pct_walk":0.97,"min_drive_time":8.38,"min_walk_time":104.91,"min_transit_time":81.74},"geometry":{"type":"Polygon","coordinates":[[[-84.402218,34.059577],[-84.402041,34.058337],[-84.400552,34.055236],[-84.395948,34.050492],[-84.395799,34.048654],[-84.396115,34.047131],[-84.375868,34.046826],[-84.374218,34.045421],[-84.370589,34.038891],[-84.36495,34.033372],[-84.361393,34.031304],[-84.356414,34.029219],[-84.348722,34.033961],[-84.344778,34.035126],[-84.343658,34.036267],[-84.343499,34.036771],[-84.34491,34.037535],[-84.350332,34.039793],[-84.352274,34.041233],[-84.355263,34.042536],[-84.361149,34.048086],[-84.362598,34.048994],[-84.367913,34.050898],[-84.370835,34.052718],[-84.375919,34.054313],[-84.380964,34.058299],[-84.390608,34.062265],[-84.394487,34.062802],[-84.398905,34.061752],[-84.40101,34.061842],[-84.401915,34.06058],[-84.402218,34.059577]]]}},{"type":"Feature","properties":{"geoid":"13121011421","name":"Census Tract 114.21, Fulton County","county":"Fulton","score_per1000":2.5,"score_drive_per1000":2.6,"score_transit_per1000":0.3,"score_walk_per1000":0,"pop":6082,"med_hh_income":87631,"pct_no_vehicle":2,"pct_black":38,"pct_hispanic":27.1,"pct_65plus":5.8,"pct_drive":97.54,"pct_transit":0,"pct_walk":2.46,"min_drive_time":3.79,"min_walk_time":52.54,"min_transit_time":41.74},"geometry":{"type":"Polygon","coordinates":[[[-84.343006,34.038866],[-84.343499,34.036771],[-84.342271,34.035403],[-84.341373,34.03336],[-84.335174,34.028327],[-84.333835,34.030101],[-84.331705,34.031006],[-84.330868,34.031801],[-84.330607,34.035705],[-84.31846,34.035426],[-84.316754,34.035443],[-84.31671,34.035651],[-84.316869,34.040248],[-84.31741,34.041951],[-84.320557,34.042935],[-84.322492,34.045516],[-84.326703,34.047699],[-84.328482,34.049033],[-84.327263,34.053693],[-84.327543,34.054424],[-84.326781,34.054569],[-84.325942,34.053094],[-84.324811,34.053897],[-84.324859,34.054314],[-84.326073,34.055271],[-84.326511,34.056833],[-84.327235,34.056712],[-84.327643,34.056121],[-84.328247,34.056388],[-84.331326,34.053598],[-84.336789,34.050706],[-84.338448,34.049201],[-84.343006,34.038866]]]}},{"type":"Feature","properties":{"geoid":"13121011422","name":"Census Tract 114.22, Fulton County","county":"Fulton","score_per1000":2.9,"score_drive_per1000":3.0,"score_transit_per1000":0,"score_walk_per1000":0,"pop":3358,"med_hh_income":121098,"pct_no_vehicle":0.8,"pct_black":11.1,"pct_hispanic":3.7,"pct_65plus":18.4,"pct_drive":94.68,"pct_transit":5.32,"pct_walk":0,"min_drive_time":8.48,"min_walk_time":113.34,"min_transit_time":72.38},"geometry":{"type":"Polygon","coordinates":[[[-84.394452,34.00278],[-84.394006,34.001963],[-84.392696,34.000832],[-84.392792,33.999847],[-84.392229,33.999329],[-84.389623,33.998508],[-84.387584,33.996953],[-84.389843,33.995528],[-84.389805,33.99509],[-84.38742,33.993941],[-84.386348,33.992641],[-84.384721,33.992534],[-84.382638,33.992897],[-84.383425,33.993717],[-84.383541,33.994766],[-84.383131,33.996843],[-84.382291,33.998759],[-84.381263,33.99973],[-84.378449,34.000846],[-84.371557,34.000645],[-84.370207,34.000187],[-84.367513,33.999915],[-84.357288,34.001765],[-84.355622,34.00248],[-84.350496,34.003721],[-84.350612,34.005524],[-84.3511,34.006306],[-84.355757,34.008897],[-84.359959,34.008624],[-84.362691,34.011729],[-84.362893,34.014347],[-84.365625,34.014405],[-84.367337,34.014135],[-84.375148,34.011427],[-84.384912,34.008581],[-84.39307,34.003288],[-84.394452,34.00278]]]}},{"type":"Feature","properties":{"geoid":"13121011423","name":"Census Tract 114.23, Fulton County","county":"Fulton","score_per1000":2.3,"score_drive_per1000":2.3,"score_transit_per1000":0,"score_walk_per1000":0,"pop":6194,"med_hh_income":157500,"pct_no_vehicle":0,"pct_black":4.8,"pct_hispanic":8.2,"pct_65plus":11.6,"pct_drive":99.33,"pct_transit":0.67,"pct_walk":0,"min_drive_time":8.7,"min_walk_time":111.68,"min_transit_time":81.74},"geometry":{"type":"Polygon","coordinates":[[[-84.401329,34.025801],[-84.40136,34.02433],[-84.399742,34.024341],[-84.399576,34.023811],[-84.398769,34.023318],[-84.398245,34.022123],[-84.399379,34.020905],[-84.399625,34.019043],[-84.399209,34.017566],[-84.398135,34.01658],[-84.399178,34.015406],[-84.401239,34.014402],[-84.401105,34.013929],[-84.400211,34.013237],[-84.400958,34.012666],[-84.401024,34.011753],[-84.399549,34.010679],[-84.3994,34.010262],[-84.399535,34.009827],[-84.400553,34.009524],[-84.400691,34.008101],[-84.400265,34.007896],[-84.397825,34.008319],[-84.396819,34.008117],[-84.39717,34.006283],[-84.396468,34.005131],[-84.395261,34.004567],[-84.394452,34.00278],[-84.39307,34.003288],[-84.384646,34.008681],[-84.375148,34.011427],[-84.366942,34.014246],[-84.362893,34.014347],[-84.362751,34.016552],[-84.361829,34.018582],[-84.361555,34.023252],[-84.365111,34.022747],[-84.368607,34.025361],[-84.37236,34.02554],[-84.378265,34.027858],[-84.38005,34.027746],[-84.382172,34.025848],[-84.384122,34.025579],[-84.389224,34.027484],[-84.392682,34.029173],[-84.39553,34.029178],[-84.39729,34.02852],[-84.39881,34.026565],[-84.401329,34.025801]]]}},{"type":"Feature","properties":{"geoid":"13121011424","name":"Census Tract 114.24, Fulton County","county":"Fulton","score_per1000":2.0,"score_drive_per1000":2.0,"score_transit_per1000":0,"score_walk_per1000":0,"pop":6453,"med_hh_income":113495,"pct_no_vehicle":2.7,"pct_black":9,"pct_hispanic":15,"pct_65plus":17.3,"pct_drive":95.92,"pct_transit":2.47,"pct_walk":1.6,"min_drive_time":12.23,"min_walk_time":145.83,"min_transit_time":121.74},"geometry":{"type":"Polygon","coordinates":[[[-84.276487,34.004512],[-84.2762,34.001406],[-84.27453,33.999174],[-84.27357,33.995898],[-84.273217,33.989895],[-84.273768,33.988777],[-84.27205,33.987208],[-84.269293,33.985348],[-84.268123,33.985798],[-84.265965,33.987548],[-84.261891,33.988771],[-84.259979,33.989789],[-84.259432,33.990522],[-84.258698,33.992756],[-84.258574,33.998383],[-84.252481,34.007285],[-84.251849,34.010355],[-84.252059,34.013235],[-84.251749,34.014053],[-84.250752,34.015139],[-84.253413,34.019181],[-84.252687,34.024178],[-84.255839,34.024395],[-84.25921,34.023945],[-84.264169,34.021635],[-84.263512,34.019732],[-84.263804,34.01657],[-84.263314,34.011927],[-84.26333,34.00828],[-84.263747,34.007287],[-84.267339,34.00295],[-84.268659,34.002403],[-84.271722,34.00233],[-84.276487,34.004512]]]}},{"type":"Feature","properties":{"geoid":"13121011426","name":"Census Tract 114.26, Fulton County","county":"Fulton","score_per1000":1.9,"score_drive_per1000":1.9,"score_transit_per1000":0,"score_walk_per1000":0,"pop":2468,"med_hh_income":188229,"pct_no_vehicle":3.6,"pct_black":15.9,"pct_hispanic":11.1,"pct_65plus":9.8,"pct_drive":97.61,"pct_transit":1.04,"pct_walk":1.34,"min_drive_time":9.64,"min_walk_time":118.1,"min_transit_time":95.07},"geometry":{"type":"Polygon","coordinates":[[[-84.257366,34.039406],[-84.250809,34.033326],[-84.2492,34.030034],[-84.243455,34.032599],[-84.239694,34.035031],[-84.236368,34.035942],[-84.234866,34.036802],[-84.234981,34.037595],[-84.233613,34.04083],[-84.233633,34.042339],[-84.232992,34.044156],[-84.233256,34.04476],[-84.233762,34.043105],[-84.235366,34.04101],[-84.236204,34.03908],[-84.237233,34.038269],[-84.238818,34.037876],[-84.240773,34.038722],[-84.246722,34.042818],[-84.247717,34.042654],[-84.249093,34.041347],[-84.252981,34.041032],[-84.256377,34.039997],[-84.257366,34.039406]]]}},{"type":"Feature","properties":{"geoid":"13121011428","name":"Census Tract 114.28, Fulton County","county":"Fulton","score_per1000":2.4,"score_drive_per1000":2.5,"score_transit_per1000":0,"score_walk_per1000":0,"pop":2290,"med_hh_income":175163,"pct_no_vehicle":0,"pct_black":6.5,"pct_hispanic":5.1,"pct_65plus":21.2,"pct_drive":97.77,"pct_transit":0,"pct_walk":2.23,"min_drive_time":8.89,"min_walk_time":107.15,"min_transit_time":81.74},"geometry":{"type":"Polygon","coordinates":[[[-84.288943,34.039888],[-84.291954,34.037594],[-84.290291,34.034748],[-84.290025,34.033729],[-84.289666,34.022433],[-84.28476,34.020476],[-84.280461,34.020359],[-84.277494,34.019914],[-84.275865,34.020293],[-84.273058,34.02175],[-84.269957,34.021408],[-84.269352,34.028087],[-84.270787,34.031704],[-84.271866,34.032933],[-84.274735,34.034453],[-84.279022,34.035228],[-84.280181,34.03572],[-84.282279,34.038664],[-84.284141,34.040286],[-84.284719,34.041309],[-84.288943,34.039888]]]}},{"type":"Feature","properties":{"geoid":"13121011429","name":"Census Tract 114.29, Fulton County","county":"Fulton","score_per1000":2.3,"score_drive_per1000":2.3,"score_transit_per1000":0,"score_walk_per1000":0,"pop":5398,"med_hh_income":147222,"pct_no_vehicle":3.4,"pct_black":21.2,"pct_hispanic":9.3,"pct_65plus":12.4,"pct_drive":98.36,"pct_transit":0.45,"pct_walk":1.19,"min_drive_time":10.09,"min_walk_time":120.67,"min_transit_time":95.07},"geometry":{"type":"Polygon","coordinates":[[[-84.284781,34.042028],[-84.284312,34.040482],[-84.282508,34.038936],[-84.280181,34.03572],[-84.279022,34.035228],[-84.274235,34.034283],[-84.272218,34.033195],[-84.271044,34.032126],[-84.269282,34.027627],[-84.269957,34.021408],[-84.264988,34.021381],[-84.25921,34.023945],[-84.255839,34.024395],[-84.252687,34.024178],[-84.251226,34.025968],[-84.250064,34.028887],[-84.2492,34.030034],[-84.250809,34.033326],[-84.257426,34.039373],[-84.258908,34.038554],[-84.259248,34.038642],[-84.259257,34.038409],[-84.263524,34.038524],[-84.267384,34.037092],[-84.268739,34.036951],[-84.271631,34.03814],[-84.275269,34.041329],[-84.276807,34.041177],[-84.279704,34.043017],[-84.281029,34.043108],[-84.284781,34.042028]]]}},{"type":"Feature","properties":{"geoid":"13121011430","name":"Census Tract 114.30, Fulton County","county":"Fulton","score_per1000":2.5,"score_drive_per1000":2.6,"score_transit_per1000":0.2,"score_walk_per1000":0,"pop":4123,"med_hh_income":60068,"pct_no_vehicle":11.8,"pct_black":35.5,"pct_hispanic":48.7,"pct_65plus":1.1,"pct_drive":98.66,"pct_transit":0,"pct_walk":1.34,"min_drive_time":5.84,"min_walk_time":79.87,"min_transit_time":41.74},"geometry":{"type":"Polygon","coordinates":[[[-84.333835,34.030101],[-84.335174,34.028327],[-84.328627,34.02312],[-84.324418,34.021756],[-84.31572,34.033818],[-84.317484,34.03366],[-84.320817,34.032201],[-84.322946,34.030014],[-84.325264,34.029673],[-84.326139,34.029247],[-84.327108,34.029559],[-84.327974,34.029424],[-84.329579,34.028445],[-84.330035,34.028593],[-84.330583,34.029389],[-84.330157,34.029847],[-84.330104,34.030731],[-84.330845,34.031847],[-84.331705,34.031006],[-84.333835,34.030101]]]}},{"type":"Feature","properties":{"geoid":"13121011431","name":"Census Tract 114.31, Fulton County","county":"Fulton","score_per1000":2.4,"score_drive_per1000":2.6,"score_transit_per1000":0.2,"score_walk_per1000":0,"pop":4814,"med_hh_income":119035,"pct_no_vehicle":0,"pct_black":8.9,"pct_hispanic":78.7,"pct_65plus":1.3,"pct_drive":94.43,"pct_transit":0,"pct_walk":5.57,"min_drive_time":5.68,"min_walk_time":70.45,"min_transit_time":41.74},"geometry":{"type":"Polygon","coordinates":[[[-84.330789,34.031955],[-84.330085,34.030498],[-84.330234,34.029671],[-84.330583,34.029389],[-84.32978,34.028458],[-84.327974,34.029424],[-84.327108,34.029559],[-84.326139,34.029247],[-84.325264,34.029673],[-84.323338,34.029904],[-84.322129,34.030649],[-84.320817,34.032201],[-84.317484,34.03366],[-84.316754,34.035443],[-84.330607,34.035705],[-84.330789,34.031955]]]}},{"type":"Feature","properties":{"geoid":"13121011432","name":"Census Tract 114.32, Fulton County","county":"Fulton","score_per1000":2.3,"score_drive_per1000":2.3,"score_transit_per1000":0,"score_walk_per1000":0,"pop":4135,"med_hh_income":79844,"pct_no_vehicle":2.4,"pct_black":30.1,"pct_hispanic":21.4,"pct_65plus":5.5,"pct_drive":100,"pct_transit":0,"pct_walk":0,"min_drive_time":11.05,"min_walk_time":151.27,"min_transit_time":113.38},"geometry":{"type":"Polygon","coordinates":[[[-84.292065,34.00335],[-84.284534,34.00025],[-84.28377,33.999231],[-84.28286,33.996485],[-84.279956,33.992545],[-84.273768,33.988777],[-84.27356,33.988992],[-84.273217,33.989895],[-84.273478,33.995111],[-84.274291,33.998602],[-84.2762,34.001406],[-84.276487,34.004512],[-84.276859,34.00543],[-84.279984,34.008436],[-84.281298,34.012372],[-84.282086,34.011734],[-84.283281,34.009767],[-84.285817,34.007416],[-84.289066,34.005716],[-84.290093,34.005468],[-84.290184,34.004972],[-84.292065,34.00335]]]}},{"type":"Feature","properties":{"geoid":"13121011433","name":"Census Tract 114.33, Fulton County","county":"Fulton","score_per1000":2.0,"score_drive_per1000":2.0,"score_transit_per1000":0,"score_walk_per1000":0,"pop":3228,"med_hh_income":179345,"pct_no_vehicle":0.9,"pct_black":6,"pct_hispanic":1.9,"pct_65plus":19.7,"pct_drive":96.53,"pct_transit":1.04,"pct_walk":2.43,"min_drive_time":12.37,"min_walk_time":144.93,"min_transit_time":121.74},"geometry":{"type":"Polygon","coordinates":[[[-84.281301,34.012644],[-84.281127,34.011337],[-84.279984,34.008436],[-84.277212,34.00591],[-84.276487,34.004512],[-84.271965,34.002375],[-84.268659,34.002403],[-84.267607,34.002757],[-84.263747,34.007287],[-84.26333,34.00828],[-84.263314,34.011927],[-84.263804,34.01657],[-84.263512,34.019732],[-84.264169,34.021635],[-84.26541,34.021328],[-84.269073,34.021321],[-84.272284,34.021821],[-84.274288,34.021264],[-84.27727,34.019361],[-84.28013,34.016607],[-84.281301,34.012644]]]}},{"type":"Feature","properties":{"geoid":"13121011434","name":"Census Tract 114.34, Fulton County","county":"Fulton","score_per1000":2.6,"score_drive_per1000":2.6,"score_transit_per1000":0,"score_walk_per1000":0,"pop":3591,"med_hh_income":93750,"pct_no_vehicle":0.7,"pct_black":4.8,"pct_hispanic":34.1,"pct_65plus":9.3,"pct_drive":100,"pct_transit":0,"pct_walk":0,"min_drive_time":8.29,"min_walk_time":112.71,"min_transit_time":81.74},"geometry":{"type":"Polygon","coordinates":[[[-84.324418,34.021756],[-84.317677,34.020208],[-84.31301,34.023537],[-84.310206,34.023736],[-84.307772,34.024551],[-84.302319,34.025698],[-84.298698,34.025712],[-84.295752,34.025098],[-84.289666,34.022433],[-84.290025,34.033729],[-84.290291,34.034748],[-84.291954,34.037594],[-84.288943,34.039888],[-84.284719,34.041309],[-84.284781,34.042028],[-84.288441,34.041344],[-84.291124,34.041666],[-84.292765,34.040713],[-84.294767,34.040243],[-84.296899,34.040821],[-84.299692,34.040292],[-84.302488,34.038269],[-84.304013,34.036218],[-84.306159,34.035747],[-84.307593,34.03463],[-84.31086,34.033558],[-84.314075,34.033283],[-84.31572,34.033818],[-84.324418,34.021756]]]}},{"type":"Feature","properties":{"geoid":"13121011435","name":"Census Tract 114.35, Fulton County","county":"Fulton","score_per1000":2.6,"score_drive_per1000":2.6,"score_transit_per1000":0,"score_walk_per1000":0,"pop":4028,"med_hh_income":135000,"pct_no_vehicle":1.6,"pct_black":16.8,"pct_hispanic":6.4,"pct_65plus":17.3,"pct_drive":99.11,"pct_transit":0.89,"pct_walk":0,"min_drive_time":8.19,"min_walk_time":114.0,"min_transit_time":81.74},"geometry":{"type":"Polygon","coordinates":[[[-84.333365,34.009382],[-84.332601,34.008044],[-84.332189,34.00582],[-84.331122,34.003259],[-84.328604,34.000576],[-84.3255,34.002346],[-84.319759,34.004571],[-84.314449,34.005699],[-84.313335,34.00729],[-84.31317,34.008294],[-84.310266,34.009304],[-84.309763,34.010101],[-84.308744,34.01049],[-84.307249,34.012462],[-84.305745,34.013205],[-84.3094,34.01545],[-84.312139,34.017762],[-84.3157,34.019612],[-84.324418,34.021756],[-84.333365,34.009382]]]}},{"type":"Feature","properties":{"geoid":"13121011436","name":"Census Tract 114.36, Fulton County","county":"Fulton","score_per1000":2.4,"score_drive_per1000":2.6,"score_transit_per1000":0,"score_walk_per1000":0,"pop":3074,"med_hh_income":163352,"pct_no_vehicle":0,"pct_black":9,"pct_hispanic":15.3,"pct_65plus":25.6,"pct_drive":91.77,"pct_transit":2.8,"pct_walk":5.43,"min_drive_time":9.3,"min_walk_time":125.9,"min_transit_time":81.74},"geometry":{"type":"Polygon","coordinates":[[[-84.328604,34.000576],[-84.324588,33.993876],[-84.32473,33.990181],[-84.323357,33.98701],[-84.321232,33.98562],[-84.314686,33.985469],[-84.314611,33.988668],[-84.314324,33.989226],[-84.311713,33.991995],[-84.308512,33.992659],[-84.306795,33.993459],[-84.304607,33.997499],[-84.302818,33.998906],[-84.30019,34.00287],[-84.297433,34.005051],[-84.298399,34.007045],[-84.301875,34.010792],[-84.305745,34.013205],[-84.307249,34.012462],[-84.308744,34.01049],[-84.309763,34.010101],[-84.310266,34.009304],[-84.31317,34.008294],[-84.313335,34.00729],[-84.314449,34.005699],[-84.319759,34.004571],[-84.3255,34.002346],[-84.328604,34.000576]]]}},{"type":"Feature","properties":{"geoid":"13121011437","name":"Census Tract 114.37, Fulton County","county":"Fulton","score_per1000":2.2,"score_drive_per1000":2.6,"score_transit_per1000":0.3,"score_walk_per1000":0,"pop":2516,"med_hh_income":105188,"pct_no_vehicle":10.1,"pct_black":21.6,"pct_hispanic":6.7,"pct_65plus":24.1,"pct_drive":83.78,"pct_transit":11.71,"pct_walk":4.52,"min_drive_time":5.55,"min_walk_time":72.02,"min_transit_time":41.74},"geometry":{"type":"Polygon","coordinates":[[[-84.361555,34.023252],[-84.362131,34.017723],[-84.361291,34.01738],[-84.359977,34.017201],[-84.345806,34.018486],[-84.345332,34.01907],[-84.347231,34.02272],[-84.346981,34.023879],[-84.34632,34.024756],[-84.344566,34.026299],[-84.33778,34.026302],[-84.335174,34.028327],[-84.340493,34.032459],[-84.341638,34.033729],[-84.342585,34.035884],[-84.343499,34.036771],[-84.34384,34.035938],[-84.344583,34.035236],[-84.348916,34.033858],[-84.358226,34.027847],[-84.360253,34.025607],[-84.360919,34.023773],[-84.361555,34.023252]]]}},{"type":"Feature","properties":{"geoid":"13121011438","name":"Census Tract 114.38, Fulton County","county":"Fulton","score_per1000":2.5,"score_drive_per1000":2.6,"score_transit_per1000":0.2,"score_walk_per1000":0,"pop":5309,"med_hh_income":137814,"pct_no_vehicle":1.1,"pct_black":13.8,"pct_hispanic":26.4,"pct_65plus":8.7,"pct_drive":98.54,"pct_transit":0,"pct_walk":1.46,"min_drive_time":6.81,"min_walk_time":91.04,"min_transit_time":41.74},"geometry":{"type":"Polygon","coordinates":[[[-84.362751,34.016552],[-84.362691,34.011729],[-84.359959,34.008624],[-84.355502,34.008805],[-84.350928,34.00615],[-84.350612,34.005524],[-84.350496,34.003721],[-84.347021,34.004158],[-84.344367,34.004076],[-84.343176,34.004451],[-84.339932,34.007934],[-84.337226,34.009598],[-84.336047,34.010088],[-84.334638,34.010134],[-84.333365,34.009382],[-84.324418,34.021756],[-84.328627,34.02312],[-84.335174,34.028327],[-84.33778,34.026302],[-84.344566,34.026299],[-84.34632,34.024756],[-84.346981,34.023879],[-84.347231,34.02272],[-84.345332,34.01907],[-84.345806,34.018486],[-84.359704,34.017211],[-84.362131,34.017723],[-84.362751,34.016552]]]}},{"type":"Feature","properties":{"geoid":"13121011439","name":"Census Tract 114.39, Fulton County","county":"Fulton","score_per1000":2.2,"score_drive_per1000":2.3,"score_transit_per1000":0,"score_walk_per1000":0,"pop":3971,"med_hh_income":137928,"pct_no_vehicle":6.7,"pct_black":8.3,"pct_hispanic":9.7,"pct_65plus":21.5,"pct_drive":97.13,"pct_transit":0,"pct_walk":2.87,"min_drive_time":11.63,"min_walk_time":164.97,"min_transit_time":113.38},"geometry":{"type":"Polygon","coordinates":[[[-84.294032,33.995337],[-84.293925,33.993123],[-84.293209,33.992105],[-84.292879,33.990704],[-84.292002,33.989847],[-84.290962,33.988073],[-84.290711,33.986662],[-84.290064,33.986158],[-84.287993,33.985777],[-84.288423,33.983636],[-84.289148,33.983279],[-84.289564,33.981853],[-84.29292,33.978758],[-84.293394,33.976388],[-84.291687,33.975597],[-84.289999,33.975286],[-84.285146,33.975691],[-84.280438,33.977344],[-84.279342,33.978115],[-84.278075,33.979738],[-84.276905,33.980031],[-84.275562,33.979559],[-84.273785,33.978096],[-84.272234,33.974159],[-84.268125,33.972073],[-84.266186,33.971759],[-84.262658,33.973407],[-84.266947,33.979556],[-84.26733,33.980745],[-84.267377,33.983054],[-84.267797,33.984027],[-84.273436,33.98856],[-84.279956,33.992545],[-84.28286,33.996485],[-84.28377,33.999231],[-84.284534,34.00025],[-84.28561,34.000885],[-84.289105,34.002013],[-84.289429,34.001181],[-84.289087,33.999985],[-84.28946,33.998787],[-84.290121,33.998405],[-84.292378,33.998396],[-84.293166,33.99808],[-84.294032,33.995337]]]}},{"type":"Feature","properties":{"geoid":"13121011440","name":"Census Tract 114.40, Fulton County","county":"Fulton","score_per1000":2.3,"score_drive_per1000":2.3,"score_transit_per1000":0,"score_walk_per1000":0,"pop":2202,"med_hh_income":150250,"pct_no_vehicle":0.8,"pct_black":20.3,"pct_hispanic":3.2,"pct_65plus":24.8,"pct_drive":98.6,"pct_transit":0,"pct_walk":1.4,"min_drive_time":11.24,"min_walk_time":154.36,"min_transit_time":113.38},"geometry":{"type":"Polygon","coordinates":[[[-84.314684,33.985573],[-84.311644,33.98515],[-84.309262,33.983955],[-84.306616,33.983652],[-84.303335,33.984518],[-84.302307,33.986913],[-84.299791,33.988706],[-84.296349,33.988623],[-84.295422,33.987888],[-84.294415,33.985358],[-84.29583,33.984432],[-84.298896,33.984321],[-84.299505,33.983319],[-84.29941,33.981981],[-84.298917,33.9807],[-84.29734,33.978697],[-84.293394,33.976388],[-84.29292,33.978758],[-84.289564,33.981853],[-84.289148,33.983279],[-84.288423,33.983636],[-84.288003,33.985701],[-84.290064,33.986158],[-84.29064,33.986562],[-84.290962,33.988073],[-84.292977,33.990872],[-84.293209,33.992105],[-84.294012,33.993505],[-84.294032,33.995337],[-84.293357,33.997859],[-84.292547,33.998373],[-84.289596,33.998641],[-84.289087,33.999985],[-84.289429,34.001181],[-84.289105,34.002013],[-84.29168,34.003098],[-84.295761,34.003741],[-84.297607,34.004965],[-84.30019,34.00287],[-84.302818,33.998906],[-84.304607,33.997499],[-84.306795,33.993459],[-84.308512,33.992659],[-84.311713,33.991995],[-84.314324,33.989226],[-84.314611,33.988668],[-84.314684,33.985573]]]}},{"type":"Feature","properties":{"geoid":"13121011441","name":"Census Tract 114.41, Fulton County","county":"Fulton","score_per1000":2.4,"score_drive_per1000":2.5,"score_transit_per1000":0,"score_walk_per1000":0,"pop":3901,"med_hh_income":131250,"pct_no_vehicle":0,"pct_black":5.7,"pct_hispanic":13.5,"pct_65plus":15.6,"pct_drive":97.55,"pct_transit":0,"pct_walk":2.45,"min_drive_time":9.51,"min_walk_time":120.91,"min_transit_time":81.74},"geometry":{"type":"Polygon","coordinates":[[[-84.31301,34.023537],[-84.317677,34.020208],[-84.316022,34.019752],[-84.312497,34.017992],[-84.309013,34.015175],[-84.305745,34.013205],[-84.304888,34.013143],[-84.303426,34.013601],[-84.301362,34.015132],[-84.299177,34.015706],[-84.293406,34.01619],[-84.292989,34.015406],[-84.291802,34.014781],[-84.290198,34.015692],[-84.288416,34.015277],[-84.288678,34.01485],[-84.289744,34.01452],[-84.290201,34.013338],[-84.292254,34.013255],[-84.29277,34.012065],[-84.293489,34.011349],[-84.293687,34.010449],[-84.293023,34.009886],[-84.292148,34.010223],[-84.290126,34.010227],[-84.288828,34.009446],[-84.288018,34.009751],[-84.287715,34.010922],[-84.287019,34.011471],[-84.285213,34.010858],[-84.284486,34.011002],[-84.283295,34.014206],[-84.282278,34.014608],[-84.280927,34.014497],[-84.279943,34.016835],[-84.275865,34.020293],[-84.277494,34.019914],[-84.280461,34.020359],[-84.28476,34.020476],[-84.291866,34.023217],[-84.295317,34.024955],[-84.299104,34.025739],[-84.302734,34.025669],[-84.310206,34.023736],[-84.31301,34.023537]]]}},{"type":"Feature","properties":{"geoid":"13121011442","name":"Census Tract 114.42, Fulton County","county":"Fulton","score_per1000":2.0,"score_drive_per1000":2.0,"score_transit_per1000":0,"score_walk_per1000":0,"pop":1720,"med_hh_income":146429,"pct_no_vehicle":16.5,"pct_black":18.8,"pct_hispanic":9.8,"pct_65plus":21.3,"pct_drive":100,"pct_transit":0,"pct_walk":0,"min_drive_time":12.47,"min_walk_time":150.5,"min_transit_time":113.38},"geometry":{"type":"Polygon","coordinates":[[[-84.305674,34.013243],[-84.301689,34.010609],[-84.298399,34.007045],[-84.297433,34.005051],[-84.296638,34.004184],[-84.295557,34.00368],[-84.29215,34.003216],[-84.290184,34.004972],[-84.290093,34.005468],[-84.286135,34.007184],[-84.283281,34.009767],[-84.282086,34.011734],[-84.281298,34.012372],[-84.280927,34.014497],[-84.282278,34.014608],[-84.283181,34.014307],[-84.284486,34.011002],[-84.285213,34.010858],[-84.287019,34.011471],[-84.287715,34.010922],[-84.288018,34.009751],[-84.288828,34.009446],[-84.290332,34.010268],[-84.292148,34.010223],[-84.293023,34.009886],[-84.293683,34.010365],[-84.293489,34.011349],[-84.29277,34.012065],[-84.292254,34.013255],[-84.290201,34.013338],[-84.289744,34.01452],[-84.288444,34.015156],[-84.290114,34.015698],[-84.291802,34.014781],[-84.292989,34.015406],[-84.293406,34.01619],[-84.300211,34.015572],[-84.301625,34.014993],[-84.303426,34.013601],[-84.304888,34.013143],[-84.305674,34.013243]]]}},{"type":"Feature","properties":{"geoid":"13121011443","name":"Census Tract 114.43, Fulton County","county":"Fulton","score_per1000":1.6,"score_drive_per1000":1.6,"score_transit_per1000":0,"score_walk_per1000":0,"pop":3108,"med_hh_income":193125,"pct_no_vehicle":0.9,"pct_black":6,"pct_hispanic":4.9,"pct_65plus":10.8,"pct_drive":98.4,"pct_transit":0,"pct_walk":1.6,"min_drive_time":9.79,"min_walk_time":118.14,"min_transit_time":95.07},"geometry":{"type":"Polygon","coordinates":[[[-84.252687,34.024178],[-84.250676,34.023574],[-84.245598,34.020402],[-84.240166,34.022959],[-84.239329,34.023222],[-84.238599,34.023042],[-84.237549,34.021759],[-84.233927,34.019227],[-84.231012,34.015357],[-84.226703,34.013693],[-84.223215,34.013299],[-84.222485,34.015366],[-84.222524,34.017269],[-84.221586,34.019414],[-84.221498,34.02057],[-84.226363,34.027514],[-84.227471,34.028527],[-84.229802,34.029446],[-84.234462,34.033172],[-84.234928,34.034283],[-84.234866,34.036802],[-84.236368,34.035942],[-84.239694,34.035031],[-84.243455,34.032599],[-84.2492,34.030034],[-84.250064,34.028887],[-84.251226,34.025968],[-84.252687,34.024178]]]}},{"type":"Feature","properties":{"geoid":"13121011444","name":"Census Tract 114.44, Fulton County","county":"Fulton","score_per1000":1.0,"score_drive_per1000":1.1,"score_transit_per1000":0,"score_walk_per1000":0,"pop":3878,"med_hh_income":184186,"pct_no_vehicle":2.1,"pct_black":10.7,"pct_hispanic":2.4,"pct_65plus":15.3,"pct_drive":97.85,"pct_transit":0,"pct_walk":2.15,"min_drive_time":12.51,"min_walk_time":162.72,"min_transit_time":161.74},"geometry":{"type":"Polygon","coordinates":[[[-84.26915,33.98543],[-84.267472,33.983369],[-84.267323,33.980698],[-84.266771,33.979223],[-84.262853,33.973682],[-84.261933,33.974557],[-84.261562,33.976483],[-84.263459,33.984444],[-84.263455,33.985528],[-84.262659,33.987161],[-84.261748,33.987579],[-84.260139,33.987543],[-84.257332,33.986217],[-84.255979,33.985929],[-84.254074,33.986428],[-84.249756,33.992135],[-84.249474,33.993187],[-84.249749,33.996211],[-84.249279,33.997335],[-84.24832,33.998268],[-84.246287,33.998868],[-84.238047,33.999869],[-84.234783,34.001543],[-84.232856,34.001828],[-84.228139,34.003931],[-84.226359,34.004132],[-84.224113,34.003933],[-84.223744,34.005817],[-84.22149,34.007426],[-84.220619,34.010242],[-84.21969,34.011206],[-84.22291,34.013188],[-84.227443,34.01385],[-84.231012,34.015357],[-84.233927,34.019227],[-84.237549,34.021759],[-84.238599,34.023042],[-84.239329,34.023222],[-84.240166,34.022959],[-84.245598,34.020402],[-84.250676,34.023574],[-84.252687,34.024178],[-84.253413,34.019181],[-84.250752,34.015139],[-84.251749,34.014053],[-84.252059,34.013235],[-84.251849,34.010355],[-84.252481,34.007285],[-84.258574,33.998383],[-84.258642,33.993123],[-84.259432,33.990522],[-84.260492,33.989455],[-84.265965,33.987548],[-84.268123,33.985798],[-84.26915,33.98543]]]}},{"type":"Feature","properties":{"geoid":"13121011445","name":"Census Tract 114.45, Fulton County","county":"Fulton","score_per1000":2.2,"score_drive_per1000":2.6,"score_transit_per1000":0.2,"score_walk_per1000":0,"pop":2808,"med_hh_income":108523,"pct_no_vehicle":0.7,"pct_black":12.9,"pct_hispanic":4.8,"pct_65plus":28,"pct_drive":86.53,"pct_transit":8.36,"pct_walk":5.11,"min_drive_time":7.01,"min_walk_time":88.79,"min_transit_time":41.74},"geometry":{"type":"Polygon","coordinates":[[[-84.383991,34.03656],[-84.383802,34.032253],[-84.382088,34.030008],[-84.37976,34.029313],[-84.37872,34.027926],[-84.376723,34.027456],[-84.372557,34.025593],[-84.3684,34.025273],[-84.365111,34.022747],[-84.36128,34.023389],[-84.360253,34.025607],[-84.358226,34.027847],[-84.356414,34.029219],[-84.361393,34.031304],[-84.36495,34.033372],[-84.370589,34.038891],[-84.374218,34.045421],[-84.375868,34.046826],[-84.382596,34.046887],[-84.381689,34.042624],[-84.383574,34.040502],[-84.383991,34.03656]]]}},{"type":"Feature","properties":{"geoid":"13121011446","name":"Census Tract 114.46, Fulton County","county":"Fulton","score_per1000":1.9,"score_drive_per1000":1.9,"score_transit_per1000":0,"score_walk_per1000":0,"pop":2874,"med_hh_income":196200,"pct_no_vehicle":0.4,"pct_black":3.9,"pct_hispanic":0.8,"pct_65plus":21.6,"pct_drive":100,"pct_transit":0,"pct_walk":0,"min_drive_time":10.36,"min_walk_time":130.94,"min_transit_time":81.74},"geometry":{"type":"Polygon","coordinates":[[[-84.383365,34.025543],[-84.382011,34.025955],[-84.380272,34.027651],[-84.37872,34.027926],[-84.37976,34.029313],[-84.382309,34.03017],[-84.383888,34.032573],[-84.383763,34.039891],[-84.383308,34.04099],[-84.381888,34.042222],[-84.381671,34.042764],[-84.382596,34.046887],[-84.396115,34.047131],[-84.395777,34.049337],[-84.396091,34.050774],[-84.400552,34.055236],[-84.40213,34.0586],[-84.402053,34.060274],[-84.40101,34.061842],[-84.403563,34.062612],[-84.405861,34.062683],[-84.415153,34.060212],[-84.416752,34.060413],[-84.419032,34.06138],[-84.419138,34.055172],[-84.418498,34.054183],[-84.418277,34.052729],[-84.415663,34.050837],[-84.410843,34.049279],[-84.410746,34.045527],[-84.411734,34.04366],[-84.411105,34.042069],[-84.409438,34.040818],[-84.408976,34.038737],[-84.407496,34.037214],[-84.407158,34.036322],[-84.406618,34.036246],[-84.405908,34.03706],[-84.405281,34.037296],[-84.403602,34.036478],[-84.402389,34.035255],[-84.402435,34.034804],[-84.403868,34.033453],[-84.404086,34.032645],[-84.403977,34.03234],[-84.402967,34.032087],[-84.401336,34.030022],[-84.400734,34.026588],[-84.401329,34.025801],[-84.398937,34.026468],[-84.397772,34.028098],[-84.396585,34.028912],[-84.39367,34.029337],[-84.392447,34.029081],[-84.385046,34.025815],[-84.383365,34.025543]]]}},{"type":"Feature","properties":{"geoid":"13121011505","name":"Census Tract 115.05, Fulton County","county":"Fulton","score_per1000":2.2,"score_drive_per1000":2.2,"score_transit_per1000":0,"score_walk_per1000":0,"pop":4355,"med_hh_income":204773,"pct_no_vehicle":1.6,"pct_black":10.7,"pct_hispanic":6.7,"pct_65plus":14.1,"pct_drive":99.29,"pct_transit":0,"pct_walk":0.71,"min_drive_time":8.13,"min_walk_time":97.46,"min_transit_time":95.07},"geometry":{"type":"Polygon","coordinates":[[[-84.383147,34.072759],[-84.383296,34.065171],[-84.381621,34.065392],[-84.373321,34.069622],[-84.369727,34.070391],[-84.368068,34.071081],[-84.360582,34.076671],[-84.359661,34.07778],[-84.355381,34.077728],[-84.360756,34.088831],[-84.370295,34.089029],[-84.3709,34.093476],[-84.371436,34.094189],[-84.372758,34.092736],[-84.374655,34.09139],[-84.377155,34.090196],[-84.377156,34.086564],[-84.379854,34.080027],[-84.381708,34.077846],[-84.38204,34.074783],[-84.383147,34.072759]]]}},{"type":"Feature","properties":{"geoid":"13121011507","name":"Census Tract 115.07, Fulton County","county":"Fulton","score_per1000":0.7,"score_drive_per1000":0.8,"score_transit_per1000":0,"score_walk_per1000":0,"pop":4408,"med_hh_income":226411,"pct_no_vehicle":1.2,"pct_black":5.8,"pct_hispanic":16.3,"pct_65plus":9,"pct_drive":97.97,"pct_transit":0,"pct_walk":2.03,"min_drive_time":12.37,"min_walk_time":162.01,"min_transit_time":162.01},"geometry":{"type":"Polygon","coordinates":[[[-84.361332,34.137069],[-84.357457,34.134621],[-84.353461,34.130913],[-84.351809,34.131142],[-84.350466,34.130905],[-84.348731,34.130465],[-84.34812,34.129867],[-84.345151,34.129226],[-84.343534,34.12967],[-84.337935,34.132448],[-84.336982,34.131549],[-84.335435,34.130831],[-84.333982,34.130485],[-84.332966,34.130748],[-84.329065,34.132082],[-84.328647,34.134299],[-84.327394,34.134645],[-84.323859,34.132429],[-84.323362,34.129918],[-84.319251,34.129777],[-84.319848,34.137617],[-84.319381,34.139774],[-84.319684,34.143762],[-84.318108,34.147458],[-84.315837,34.1555],[-84.316448,34.157202],[-84.319505,34.160132],[-84.320236,34.161406],[-84.320352,34.164693],[-84.319964,34.168109],[-84.319084,34.169311],[-84.315223,34.171784],[-84.310871,34.175673],[-84.307565,34.176772],[-84.305965,34.177774],[-84.304345,34.180796],[-84.304409,34.183176],[-84.303811,34.184205],[-84.299005,34.185778],[-84.299671,34.186198],[-84.328267,34.186151],[-84.330897,34.184561],[-84.335001,34.180846],[-84.335418,34.180801],[-84.336485,34.179313],[-84.338024,34.178109],[-84.341114,34.177677],[-84.342763,34.176158],[-84.345334,34.176462],[-84.346144,34.175998],[-84.34697,34.175957],[-84.352253,34.176786],[-84.354272,34.174813],[-84.356612,34.167494],[-84.358379,34.164724],[-84.360537,34.162326],[-84.360495,34.161499],[-84.359459,34.159607],[-84.358997,34.157833],[-84.356824,34.154837],[-84.357484,34.153532],[-84.359705,34.153065],[-84.360186,34.152349],[-84.360161,34.150827],[-84.35879,34.148134],[-84.359939,34.146512],[-84.360171,34.145613],[-84.360005,34.143708],[-84.358853,34.140911],[-84.359524,34.1386],[-84.361332,34.137069]]]}},{"type":"Feature","properties":{"geoid":"13121011508","name":"Census Tract 115.08, Fulton County","county":"Fulton","score_per1000":0.8,"score_drive_per1000":0.8,"score_transit_per1000":0,"score_walk_per1000":0,"pop":5819,"med_hh_income":250001,"pct_no_vehicle":1.4,"pct_black":19.7,"pct_hispanic":13.3,"pct_65plus":10.5,"pct_drive":100,"pct_transit":0,"pct_walk":0,"min_drive_time":12.74,"min_walk_time":179.58,"min_transit_time":135.07},"geometry":{"type":"Polygon","coordinates":[[[-84.300206,34.12847],[-84.295396,34.128394],[-84.294508,34.128135],[-84.293603,34.127386],[-84.291842,34.127714],[-84.289863,34.127378],[-84.287152,34.128484],[-84.285424,34.130083],[-84.282394,34.131842],[-84.280968,34.133402],[-84.278628,34.13404],[-84.27601,34.134152],[-84.27448,34.135139],[-84.273422,34.136356],[-84.272062,34.136552],[-84.271306,34.137035],[-84.270898,34.137003],[-84.270115,34.135853],[-84.268286,34.134675],[-84.266374,34.134905],[-84.26506,34.136032],[-84.263606,34.135528],[-84.261824,34.135509],[-84.258891,34.1366],[-84.259023,34.185925],[-84.272795,34.186135],[-84.271797,34.184466],[-84.27173,34.181506],[-84.273178,34.173352],[-84.274609,34.17075],[-84.275426,34.16581],[-84.276636,34.165002],[-84.280598,34.164533],[-84.28304,34.163846],[-84.286104,34.163638],[-84.287597,34.16252],[-84.288525,34.161034],[-84.288128,34.158926],[-84.286481,34.157154],[-84.284936,34.154379],[-84.285087,34.153467],[-84.286337,34.151013],[-84.285664,34.147306],[-84.286946,34.144647],[-84.287084,34.14367],[-84.286548,34.141289],[-84.284985,34.139394],[-84.284443,34.13769],[-84.288321,34.135289],[-84.292913,34.133406],[-84.295178,34.130584],[-84.298911,34.129504],[-84.300206,34.12847]]]}},{"type":"Feature","properties":{"geoid":"13121011509","name":"Census Tract 115.09, Fulton County","county":"Fulton","score_per1000":0.9,"score_drive_per1000":0.9,"score_transit_per1000":0,"score_walk_per1000":0,"pop":2382,"med_hh_income":243627,"pct_no_vehicle":0,"pct_black":3.4,"pct_hispanic":4,"pct_65plus":15.4,"pct_drive":97.49,"pct_transit":0,"pct_walk":2.51,"min_drive_time":9.86,"min_walk_time":124.76,"min_transit_time":124.76},"geometry":{"type":"Polygon","coordinates":[[[-84.418626,34.096768],[-84.410699,34.0966],[-84.40937,34.095905],[-84.407356,34.093789],[-84.403405,34.092664],[-84.399331,34.090611],[-84.396029,34.090205],[-84.393877,34.090446],[-84.39068,34.08969],[-84.386077,34.089262],[-84.37912,34.089354],[-84.374951,34.0912],[-84.372758,34.092736],[-84.371436,34.094189],[-84.3709,34.093476],[-84.370295,34.089029],[-84.360756,34.088831],[-84.361534,34.090021],[-84.361266,34.104258],[-84.361624,34.105373],[-84.362625,34.106289],[-84.365202,34.107574],[-84.367291,34.109739],[-84.369753,34.113746],[-84.36994,34.115044],[-84.371428,34.115446],[-84.378311,34.118599],[-84.381467,34.119146],[-84.38786,34.119655],[-84.388572,34.117989],[-84.391897,34.117522],[-84.39225,34.115742],[-84.392987,34.1149],[-84.393862,34.114612],[-84.394333,34.115407],[-84.395013,34.115221],[-84.395846,34.113097],[-84.398433,34.112112],[-84.39928,34.111151],[-84.39937,34.109866],[-84.399853,34.109581],[-84.402242,34.109533],[-84.404037,34.110106],[-84.40554,34.109701],[-84.406717,34.108839],[-84.408807,34.108988],[-84.410969,34.107902],[-84.411666,34.10812],[-84.41245,34.109428],[-84.414499,34.110374],[-84.418432,34.10905],[-84.418626,34.096768]]]}},{"type":"Feature","properties":{"geoid":"13121011510","name":"Census Tract 115.10, Fulton County","county":"Fulton","score_per1000":0.9,"score_drive_per1000":0.9,"score_transit_per1000":0,"score_walk_per1000":0,"pop":5840,"med_hh_income":248015,"pct_no_vehicle":1,"pct_black":4.9,"pct_hispanic":5.2,"pct_65plus":14.9,"pct_drive":97.33,"pct_transit":0,"pct_walk":2.67,"min_drive_time":9.75,"min_walk_time":113.12,"min_transit_time":113.12},"geometry":{"type":"Polygon","coordinates":[[[-84.379299,34.11877],[-84.378311,34.118599],[-84.371428,34.115446],[-84.36994,34.115044],[-84.369753,34.113746],[-84.367291,34.109739],[-84.365202,34.107574],[-84.362326,34.106099],[-84.361528,34.105213],[-84.361253,34.101771],[-84.361534,34.090021],[-84.360152,34.087863],[-84.359343,34.085612],[-84.35719,34.081865],[-84.355381,34.077728],[-84.346229,34.077606],[-84.342723,34.07879],[-84.340009,34.078421],[-84.339437,34.081654],[-84.339422,34.102993],[-84.339645,34.103657],[-84.34175,34.106106],[-84.341851,34.108756],[-84.341444,34.109856],[-84.338316,34.112912],[-84.338027,34.113798],[-84.33945,34.115625],[-84.340328,34.117429],[-84.341585,34.118636],[-84.341465,34.118866],[-84.34198,34.119002],[-84.343055,34.120127],[-84.344465,34.123901],[-84.344364,34.125023],[-84.346764,34.125245],[-84.349848,34.12706],[-84.355344,34.132871],[-84.357782,34.134859],[-84.361336,34.137031],[-84.361261,34.13591],[-84.360216,34.135145],[-84.359874,34.134293],[-84.359732,34.131641],[-84.361402,34.124789],[-84.361933,34.124053],[-84.364951,34.122325],[-84.369556,34.122574],[-84.371166,34.122155],[-84.376301,34.119437],[-84.379299,34.11877]]]}},{"type":"Feature","properties":{"geoid":"13121011511","name":"Census Tract 115.11, Fulton County","county":"Fulton","score_per1000":1.2,"score_drive_per1000":1.2,"score_transit_per1000":0,"score_walk_per1000":0,"pop":2520,"med_hh_income":250001,"pct_no_vehicle":4.3,"pct_black":2.7,"pct_hispanic":7.2,"pct_65plus":10.6,"pct_drive":100,"pct_transit":0,"pct_walk":0,"min_drive_time":6.11,"min_walk_time":68.96,"min_transit_time":68.96},"geometry":{"type":"Polygon","coordinates":[[[-84.341893,34.106918],[-84.341495,34.105622],[-84.339645,34.103657],[-84.339422,34.102993],[-84.339437,34.081654],[-84.340009,34.078421],[-84.335193,34.076957],[-84.327513,34.075495],[-84.324498,34.077569],[-84.323725,34.079155],[-84.320605,34.079839],[-84.318452,34.081019],[-84.313723,34.08159],[-84.315802,34.082958],[-84.319445,34.082566],[-84.32125,34.082749],[-84.324975,34.086474],[-84.32638,34.08722],[-84.326161,34.095929],[-84.329113,34.096121],[-84.330382,34.095777],[-84.33037,34.102566],[-84.331811,34.103861],[-84.332063,34.10447],[-84.33088,34.109426],[-84.329877,34.111131],[-84.329188,34.11121],[-84.327338,34.112341],[-84.324896,34.112422],[-84.321724,34.113557],[-84.320204,34.112951],[-84.316484,34.11228],[-84.315664,34.113695],[-84.314424,34.114852],[-84.315687,34.116651],[-84.31743,34.117566],[-84.320125,34.118302],[-84.327415,34.118826],[-84.331583,34.119862],[-84.334929,34.119625],[-84.338413,34.118862],[-84.341465,34.118866],[-84.341585,34.118636],[-84.340138,34.117155],[-84.33945,34.115625],[-84.338157,34.114204],[-84.33803,34.113504],[-84.341565,34.109666],[-84.341893,34.106918]]]}},{"type":"Feature","properties":{"geoid":"13121011512","name":"Census Tract 115.12, Fulton County","county":"Fulton","score_per1000":0.7,"score_drive_per1000":0.8,"score_transit_per1000":0,"score_walk_per1000":0,"pop":3208,"med_hh_income":190385,"pct_no_vehicle":0,"pct_black":13.5,"pct_hispanic":7.5,"pct_65plus":16.8,"pct_drive":98.3,"pct_transit":0,"pct_walk":1.7,"min_drive_time":13.52,"min_walk_time":160.67,"min_transit_time":160.67},"geometry":{"type":"Polygon","coordinates":[[[-84.418629,34.096576],[-84.418931,34.070354],[-84.415291,34.071491],[-84.414272,34.072084],[-84.41189,34.076201],[-84.409655,34.075875],[-84.407111,34.073873],[-84.405864,34.074338],[-84.403151,34.073857],[-84.402875,34.075835],[-84.399842,34.077533],[-84.398463,34.078972],[-84.398108,34.079863],[-84.398236,34.080939],[-84.399598,34.081886],[-84.398498,34.084064],[-84.396515,34.085029],[-84.390828,34.084867],[-84.389139,34.084358],[-84.388875,34.083813],[-84.389082,34.082228],[-84.389524,34.081715],[-84.388786,34.080845],[-84.388627,34.076455],[-84.386112,34.074999],[-84.382447,34.074],[-84.38198,34.075014],[-84.381708,34.077846],[-84.379854,34.080027],[-84.377156,34.086564],[-84.377155,34.090196],[-84.379455,34.089256],[-84.382053,34.089171],[-84.390375,34.089645],[-84.394115,34.090468],[-84.396029,34.090205],[-84.399001,34.090541],[-84.403405,34.092664],[-84.407356,34.093789],[-84.40937,34.095905],[-84.410699,34.0966],[-84.418629,34.096576]]]}},{"type":"Feature","properties":{"geoid":"13121011513","name":"Census Tract 115.13, Fulton County","county":"Fulton","score_per1000":1.0,"score_drive_per1000":1.0,"score_transit_per1000":0,"score_walk_per1000":0,"pop":3374,"med_hh_income":167781,"pct_no_vehicle":1.9,"pct_black":4.2,"pct_hispanic":2.6,"pct_65plus":21.2,"pct_drive":100,"pct_transit":0,"pct_walk":0,"min_drive_time":10.89,"min_walk_time":129.85,"min_transit_time":121.74},"geometry":{"type":"Polygon","coordinates":[[[-84.418931,34.070354],[-84.419032,34.06138],[-84.416752,34.060413],[-84.415153,34.060212],[-84.405861,34.062683],[-84.403563,34.062612],[-84.400342,34.06168],[-84.398905,34.061752],[-84.395677,34.06262],[-84.395085,34.063549],[-84.393881,34.064448],[-84.391282,34.065342],[-84.383296,34.065171],[-84.383248,34.072162],[-84.382447,34.074],[-84.386112,34.074999],[-84.388627,34.076455],[-84.388786,34.080845],[-84.389524,34.081715],[-84.389082,34.082228],[-84.388879,34.083691],[-84.389286,34.084473],[-84.390828,34.084867],[-84.396858,34.084961],[-84.39869,34.083859],[-84.399598,34.081886],[-84.398236,34.080939],[-84.398108,34.079863],[-84.398463,34.078972],[-84.399842,34.077533],[-84.402875,34.075835],[-84.403151,34.073857],[-84.405864,34.074338],[-84.407111,34.073873],[-84.409655,34.075875],[-84.41189,34.076201],[-84.414272,34.072084],[-84.415291,34.071491],[-84.418931,34.070354]]]}},{"type":"Feature","properties":{"geoid":"13121011514","name":"Census Tract 115.14, Fulton County","county":"Fulton","score_per1000":0.8,"score_drive_per1000":0.8,"score_transit_per1000":0,"score_walk_per1000":0,"pop":3453,"med_hh_income":211518,"pct_no_vehicle":4.3,"pct_black":7.5,"pct_hispanic":5.4,"pct_65plus":14.6,"pct_drive":100,"pct_transit":0,"pct_walk":0,"min_drive_time":13.65,"min_walk_time":193.08,"min_transit_time":170.55},"geometry":{"type":"Polygon","coordinates":[[[-84.320352,34.164693],[-84.320058,34.160932],[-84.316448,34.157202],[-84.315837,34.1555],[-84.318108,34.147458],[-84.319684,34.143762],[-84.319381,34.139774],[-84.319848,34.137617],[-84.319207,34.130551],[-84.319477,34.128887],[-84.313497,34.128798],[-84.309514,34.127738],[-84.307805,34.131446],[-84.307331,34.134473],[-84.300718,34.142695],[-84.298542,34.144414],[-84.292923,34.147272],[-84.292193,34.14837],[-84.291502,34.151114],[-84.290713,34.152055],[-84.288466,34.152737],[-84.285605,34.152516],[-84.284973,34.153785],[-84.285046,34.154819],[-84.288343,34.159535],[-84.288525,34.161034],[-84.287597,34.16252],[-84.285888,34.163708],[-84.28304,34.163846],[-84.280598,34.164533],[-84.276636,34.165002],[-84.275426,34.16581],[-84.274609,34.17075],[-84.273228,34.173154],[-84.272253,34.17826],[-84.271701,34.181807],[-84.271911,34.184815],[-84.272795,34.186135],[-84.299671,34.186198],[-84.299005,34.185778],[-84.300815,34.185002],[-84.303112,34.184597],[-84.304187,34.183785],[-84.304345,34.180796],[-84.306115,34.17764],[-84.307565,34.176772],[-84.310871,34.175673],[-84.315223,34.171784],[-84.319305,34.169122],[-84.320006,34.167963],[-84.320352,34.164693]]]}},{"type":"Feature","properties":{"geoid":"13121011515","name":"Census Tract 115.15, Fulton County","county":"Fulton","score_per1000":1.2,"score_drive_per1000":1.2,"score_transit_per1000":0,"score_walk_per1000":0,"pop":2380,"med_hh_income":250001,"pct_no_vehicle":2.2,"pct_black":9.4,"pct_hispanic":10.7,"pct_65plus":5,"pct_drive":98.97,"pct_transit":1.03,"pct_walk":0,"min_drive_time":9.28,"min_walk_time":126.48,"min_transit_time":126.48},"geometry":{"type":"Polygon","coordinates":[[[-84.353405,34.130911],[-84.349848,34.12706],[-84.346764,34.125245],[-84.344364,34.125023],[-84.344465,34.123901],[-84.343157,34.120315],[-84.341637,34.118884],[-84.338413,34.118862],[-84.334929,34.119625],[-84.33181,34.119872],[-84.327415,34.118826],[-84.320397,34.11835],[-84.31743,34.117566],[-84.316003,34.116875],[-84.314424,34.114852],[-84.30957,34.116027],[-84.307019,34.11786],[-84.300033,34.116449],[-84.295182,34.117365],[-84.29827,34.120717],[-84.301158,34.122998],[-84.301582,34.124144],[-84.301629,34.126537],[-84.301015,34.127633],[-84.299225,34.129338],[-84.295329,34.130497],[-84.292913,34.133406],[-84.288321,34.135289],[-84.284443,34.13769],[-84.284985,34.139394],[-84.286548,34.141289],[-84.287084,34.14367],[-84.286946,34.144647],[-84.285664,34.147306],[-84.286372,34.150711],[-84.285605,34.152516],[-84.288466,34.152737],[-84.290713,34.152055],[-84.291502,34.151114],[-84.292193,34.14837],[-84.292923,34.147272],[-84.298542,34.144414],[-84.300718,34.142695],[-84.307331,34.134473],[-84.307805,34.131446],[-84.309514,34.127738],[-84.313497,34.128798],[-84.319477,34.128887],[-84.319251,34.129777],[-84.31955,34.129834],[-84.323362,34.129918],[-84.323859,34.132429],[-84.327394,34.134645],[-84.328647,34.134299],[-84.329065,34.132082],[-84.333874,34.130487],[-84.336435,34.13126],[-84.337935,34.132448],[-84.344827,34.12922],[-84.34812,34.129867],[-84.348731,34.130465],[-84.351593,34.131128],[-84.353405,34.130911]]]}},{"type":"Feature","properties":{"geoid":"13121011612","name":"Census Tract 116.12, Fulton County","county":"Fulton","score_per1000":1.3,"score_drive_per1000":1.4,"score_transit_per1000":0,"score_walk_per1000":0,"pop":3718,"med_hh_income":201071,"pct_no_vehicle":2.9,"pct_black":12.2,"pct_hispanic":12.8,"pct_65plus":25.1,"pct_drive":92.06,"pct_transit":0.68,"pct_walk":7.26,"min_drive_time":7.98,"min_walk_time":108.64,"min_transit_time":108.64},"geometry":{"type":"Polygon","coordinates":[[[-84.223744,34.005817],[-84.224113,34.003933],[-84.221912,34.003572],[-84.219577,34.003475],[-84.215097,34.003943],[-84.212493,34.003791],[-84.205829,33.99954],[-84.203108,33.998331],[-84.201306,33.995953],[-84.201317,33.994178],[-84.202302,33.992917],[-84.204564,33.991886],[-84.204779,33.99099],[-84.204373,33.99008],[-84.202771,33.989701],[-84.192286,33.991223],[-84.186847,33.99379],[-84.18417,33.995535],[-84.18149,33.998216],[-84.180456,33.99996],[-84.180227,34.002068],[-84.180392,34.006835],[-84.179836,34.008006],[-84.18237,34.009342],[-84.185837,34.01468],[-84.190005,34.017832],[-84.191992,34.011259],[-84.199571,34.011271],[-84.200233,34.011977],[-84.20572,34.014683],[-84.215124,34.017322],[-84.218284,34.019162],[-84.221498,34.02057],[-84.221586,34.019414],[-84.222559,34.017133],[-84.222485,34.015366],[-84.223215,34.013299],[-84.21969,34.011206],[-84.220619,34.010242],[-84.22149,34.007426],[-84.223744,34.005817]]]}},{"type":"Feature","properties":{"geoid":"13121011618","name":"Census Tract 116.18, Fulton County","county":"Fulton","score_per1000":2.2,"score_drive_per1000":2.2,"score_transit_per1000":0.0,"score_walk_per1000":0,"pop":4643,"med_hh_income":169018,"pct_no_vehicle":0,"pct_black":10.4,"pct_hispanic":12.1,"pct_65plus":7.4,"pct_drive":97.91,"pct_transit":0.7,"pct_walk":1.39,"min_drive_time":8.15,"min_walk_time":97.97,"min_transit_time":55.07},"geometry":{"type":"Polygon","coordinates":[[[-84.276264,34.060592],[-84.27534,34.058677],[-84.275201,34.054245],[-84.274325,34.053002],[-84.266775,34.049674],[-84.262837,34.048337],[-84.256752,34.045235],[-84.255045,34.045216],[-84.248181,34.047534],[-84.239199,34.04923],[-84.23782,34.04975],[-84.236402,34.050805],[-84.238818,34.052267],[-84.23894,34.053105],[-84.239946,34.053235],[-84.24107,34.053851],[-84.244524,34.056522],[-84.248157,34.057751],[-84.249117,34.059267],[-84.249687,34.059571],[-84.251664,34.05992],[-84.253745,34.058725],[-84.257725,34.059143],[-84.25767,34.060595],[-84.259316,34.06514],[-84.259369,34.067031],[-84.264087,34.06864],[-84.268614,34.068972],[-84.272025,34.068834],[-84.276264,34.060592]]]}},{"type":"Feature","properties":{"geoid":"13121011624","name":"Census Tract 116.24, Fulton County","county":"Fulton","score_per1000":1.4,"score_drive_per1000":1.4,"score_transit_per1000":0.3,"score_walk_per1000":0,"pop":3959,"med_hh_income":250001,"pct_no_vehicle":0,"pct_black":9.5,"pct_hispanic":8.3,"pct_65plus":10.3,"pct_drive":100,"pct_transit":0,"pct_walk":0,"min_drive_time":3.66,"min_walk_time":32.45,"min_transit_time":32.45},"geometry":{"type":"Polygon","coordinates":[[[-84.204153,34.071007],[-84.206968,34.068854],[-84.195242,34.069088],[-84.189457,34.068625],[-84.185614,34.069193],[-84.182893,34.06999],[-84.179243,34.069966],[-84.17974,34.072936],[-84.18435,34.079039],[-84.18539,34.082305],[-84.187566,34.08367],[-84.189392,34.085474],[-84.191833,34.084647],[-84.195436,34.082022],[-84.199267,34.077189],[-84.202847,34.073507],[-84.204153,34.071007]]]}},{"type":"Feature","properties":{"geoid":"13121011627","name":"Census Tract 116.27, Fulton County","county":"Fulton","score_per1000":1.4,"score_drive_per1000":1.4,"score_transit_per1000":0,"score_walk_per1000":0,"pop":3974,"med_hh_income":104308,"pct_no_vehicle":7,"pct_black":3.4,"pct_hispanic":5.2,"pct_65plus":18.7,"pct_drive":100,"pct_transit":0,"pct_walk":0,"min_drive_time":5.74,"min_walk_time":68.92,"min_transit_time":68.92},"geometry":{"type":"Polygon","coordinates":[[[-84.189949,34.018035],[-84.185583,34.014393],[-84.18237,34.009342],[-84.179836,34.008006],[-84.179059,34.009101],[-84.178327,34.012305],[-84.174924,34.021332],[-84.17204,34.025574],[-84.16917,34.028351],[-84.16811,34.028821],[-84.16978,34.03311],[-84.17335,34.035952],[-84.174045,34.036881],[-84.176742,34.046665],[-84.177414,34.047782],[-84.183722,34.041041],[-84.18462,34.039618],[-84.187221,34.0279],[-84.189214,34.023344],[-84.189338,34.020324],[-84.189949,34.018035]]]}},{"type":"Feature","properties":{"geoid":"13121011628","name":"Census Tract 116.28, Fulton County","county":"Fulton","score_per1000":1.4,"score_drive_per1000":1.4,"score_transit_per1000":0,"score_walk_per1000":0,"pop":3053,"med_hh_income":135909,"pct_no_vehicle":10.1,"pct_black":4.8,"pct_hispanic":1.5,"pct_65plus":11,"pct_drive":100,"pct_transit":0,"pct_walk":0,"min_drive_time":9.48,"min_walk_time":117.86,"min_transit_time":117.86},"geometry":{"type":"Polygon","coordinates":[[[-84.211074,34.016304],[-84.20572,34.014683],[-84.200233,34.011977],[-84.199571,34.011271],[-84.191992,34.011259],[-84.190005,34.017832],[-84.196098,34.021841],[-84.198531,34.024062],[-84.201165,34.025386],[-84.202563,34.027015],[-84.203556,34.026217],[-84.206777,34.025925],[-84.20808,34.025366],[-84.209183,34.023783],[-84.209329,34.020647],[-84.209072,34.020042],[-84.209594,34.019695],[-84.210101,34.017501],[-84.211074,34.016304]]]}},{"type":"Feature","properties":{"geoid":"13121011629","name":"Census Tract 116.29, Fulton County","county":"Fulton","score_per1000":1.4,"score_drive_per1000":1.4,"score_transit_per1000":0,"score_walk_per1000":0,"pop":4107,"med_hh_income":206765,"pct_no_vehicle":1.4,"pct_black":8.7,"pct_hispanic":3.8,"pct_65plus":13.2,"pct_drive":100,"pct_transit":0,"pct_walk":0,"min_drive_time":6.17,"min_walk_time":72.46,"min_transit_time":72.46},"geometry":{"type":"Polygon","coordinates":[[[-84.214905,34.042548],[-84.214279,34.04177],[-84.214249,34.040783],[-84.210753,34.040576],[-84.206342,34.041883],[-84.204764,34.04204],[-84.200796,34.039981],[-84.200186,34.038736],[-84.200633,34.037241],[-84.202432,34.035488],[-84.204089,34.034802],[-84.205051,34.033893],[-84.206325,34.031802],[-84.206524,34.029953],[-84.203252,34.027813],[-84.201165,34.025386],[-84.198531,34.024062],[-84.196098,34.021841],[-84.190005,34.017832],[-84.189338,34.020324],[-84.189214,34.023344],[-84.187221,34.0279],[-84.184364,34.040222],[-84.190172,34.040626],[-84.191399,34.040997],[-84.192375,34.041782],[-84.195484,34.045733],[-84.195687,34.045247],[-84.196447,34.045463],[-84.199018,34.043982],[-84.199991,34.044428],[-84.203266,34.04415],[-84.21038,34.045453],[-84.214724,34.045773],[-84.214905,34.042548]]]}},{"type":"Feature","properties":{"geoid":"13121011630","name":"Census Tract 116.30, Fulton County","county":"Fulton","score_per1000":1.4,"score_drive_per1000":1.4,"score_transit_per1000":0.3,"score_walk_per1000":0,"pop":3244,"med_hh_income":155242,"pct_no_vehicle":4.5,"pct_black":7.1,"pct_hispanic":2.6,"pct_65plus":8.4,"pct_drive":99.46,"pct_transit":0,"pct_walk":0.54,"min_drive_time":4.61,"min_walk_time":43.67,"min_transit_time":43.67},"geometry":{"type":"Polygon","coordinates":[[[-84.21268,34.064777],[-84.210103,34.063525],[-84.205993,34.058654],[-84.204547,34.057598],[-84.198127,34.055011],[-84.193672,34.054821],[-84.193763,34.058626],[-84.193376,34.059881],[-84.194674,34.062774],[-84.194836,34.064249],[-84.194363,34.06663],[-84.194966,34.068025],[-84.19587,34.069091],[-84.206968,34.068854],[-84.21268,34.064777]]]}},{"type":"Feature","properties":{"geoid":"13121011631","name":"Census Tract 116.31, Fulton County","county":"Fulton","score_per1000":1.4,"score_drive_per1000":1.4,"score_transit_per1000":0.5,"score_walk_per1000":0.2,"pop":6792,"med_hh_income":117299,"pct_no_vehicle":6.6,"pct_black":9.8,"pct_hispanic":5.8,"pct_65plus":8.1,"pct_drive":100,"pct_transit":0,"pct_walk":0,"min_drive_time":3.37,"min_walk_time":23.19,"min_transit_time":23.19},"geometry":{"type":"Polygon","coordinates":[[[-84.195788,34.069094],[-84.194363,34.06663],[-84.194836,34.064249],[-84.194674,34.062774],[-84.193376,34.059881],[-84.193763,34.058626],[-84.193672,34.054821],[-84.188205,34.054612],[-84.185484,34.051792],[-84.17917,34.048987],[-84.177414,34.047782],[-84.17519,34.051567],[-84.1732,34.059255],[-84.168137,34.067896],[-84.171529,34.068818],[-84.179208,34.069701],[-84.179243,34.069966],[-84.182893,34.06999],[-84.185614,34.069193],[-84.189457,34.068625],[-84.195788,34.069094]]]}},{"type":"Feature","properties":{"geoid":"13121011632","name":"Census Tract 116.32, Fulton County","county":"Fulton","score_per1000":1.4,"score_drive_per1000":1.4,"score_transit_per1000":0.1,"score_walk_per1000":0,"pop":3340,"med_hh_income":150192,"pct_no_vehicle":5.8,"pct_black":6,"pct_hispanic":8,"pct_65plus":7.7,"pct_drive":98.78,"pct_transit":0,"pct_walk":1.22,"min_drive_time":5.36,"min_walk_time":55.74,"min_transit_time":55.74},"geometry":{"type":"Polygon","coordinates":[[[-84.200663,34.056],[-84.197711,34.05076],[-84.196018,34.046429],[-84.192182,34.041566],[-84.190913,34.04079],[-84.184364,34.040222],[-84.177414,34.047782],[-84.17917,34.048987],[-84.185484,34.051792],[-84.187617,34.054222],[-84.188407,34.054685],[-84.197688,34.054918],[-84.200663,34.056]]]}},{"type":"Feature","properties":{"geoid":"13121011633","name":"Census Tract 116.33, Fulton County","county":"Fulton","score_per1000":1.0,"score_drive_per1000":1.1,"score_transit_per1000":0,"score_walk_per1000":0,"pop":3334,"med_hh_income":165257,"pct_no_vehicle":0,"pct_black":15.7,"pct_hispanic":3.4,"pct_65plus":12.8,"pct_drive":94.72,"pct_transit":0,"pct_walk":5.28,"min_drive_time":11.4,"min_walk_time":87.67,"min_transit_time":87.67},"geometry":{"type":"Polygon","coordinates":[[[-84.217941,34.054539],[-84.219386,34.052329],[-84.21043,34.047938],[-84.210908,34.047018],[-84.21181,34.046309],[-84.214081,34.046329],[-84.214724,34.045773],[-84.21038,34.045453],[-84.203266,34.04415],[-84.199991,34.044428],[-84.199018,34.043982],[-84.196447,34.045463],[-84.195612,34.045331],[-84.195484,34.045733],[-84.196217,34.046807],[-84.197711,34.05076],[-84.200663,34.056],[-84.205488,34.058209],[-84.209965,34.063398],[-84.212036,34.064572],[-84.21268,34.064777],[-84.213289,34.064339],[-84.215235,34.061869],[-84.217,34.058534],[-84.217941,34.054539]]]}},{"type":"Feature","properties":{"geoid":"13121011634","name":"Census Tract 116.34, Fulton County","county":"Fulton","score_per1000":1.4,"score_drive_per1000":1.4,"score_transit_per1000":0,"score_walk_per1000":0,"pop":2213,"med_hh_income":93750,"pct_no_vehicle":2.2,"pct_black":18.2,"pct_hispanic":3.9,"pct_65plus":13.8,"pct_drive":100,"pct_transit":0,"pct_walk":0,"min_drive_time":6.55,"min_walk_time":70.72,"min_transit_time":70.72},"geometry":{"type":"Polygon","coordinates":[[[-84.231328,34.055793],[-84.228593,34.051773],[-84.225174,34.049257],[-84.223087,34.046445],[-84.218197,34.053982],[-84.217,34.058534],[-84.215235,34.061869],[-84.21402,34.063586],[-84.21268,34.064777],[-84.214882,34.064901],[-84.217998,34.064077],[-84.221429,34.062348],[-84.226,34.060586],[-84.229944,34.057768],[-84.231328,34.055793]]]}},{"type":"Feature","properties":{"geoid":"13121011635","name":"Census Tract 116.35, Fulton County","county":"Fulton","score_per1000":0.5,"score_drive_per1000":0.6,"score_transit_per1000":0,"score_walk_per1000":0,"pop":3383,"med_hh_income":186272,"pct_no_vehicle":0.7,"pct_black":2.7,"pct_hispanic":3.4,"pct_65plus":7.4,"pct_drive":97.81,"pct_transit":2.19,"pct_walk":0,"min_drive_time":10.25,"min_walk_time":82.51,"min_transit_time":82.51},"geometry":{"type":"Polygon","coordinates":[[[-84.143764,34.055044],[-84.144178,34.04972],[-84.142225,34.047615],[-84.141253,34.04264],[-84.140894,34.038888],[-84.141157,34.037955],[-84.141323,34.030868],[-84.141102,34.030012],[-84.132792,34.031761],[-84.128656,34.033135],[-84.123469,34.033496],[-84.11632,34.036593],[-84.115359,34.0375],[-84.113733,34.040585],[-84.11233,34.041974],[-84.107392,34.045132],[-84.104363,34.046536],[-84.101373,34.047125],[-84.100377,34.047706],[-84.098209,34.049616],[-84.097709,34.050657],[-84.114081,34.050839],[-84.117714,34.051196],[-84.120149,34.05173],[-84.127835,34.054286],[-84.132309,34.056754],[-84.133856,34.057104],[-84.135434,34.05689],[-84.139672,34.055213],[-84.142124,34.054795],[-84.143764,34.055044]]]}},{"type":"Feature","properties":{"geoid":"13121011636","name":"Census Tract 116.36, Fulton County","county":"Fulton","score_per1000":2.5,"score_drive_per1000":2.8,"score_transit_per1000":0.0,"score_walk_per1000":0,"pop":1963,"med_hh_income":120021,"pct_no_vehicle":10.7,"pct_black":7,"pct_hispanic":19.6,"pct_65plus":6.9,"pct_drive":89.52,"pct_transit":1.78,"pct_walk":8.7,"min_drive_time":6.08,"min_walk_time":83.49,"min_transit_time":55.07},"geometry":{"type":"Polygon","coordinates":[[[-84.272025,34.068834],[-84.265166,34.068834],[-84.259369,34.067031],[-84.25802,34.067865],[-84.254842,34.067429],[-84.253761,34.067555],[-84.252459,34.068626],[-84.250015,34.069558],[-84.249323,34.070351],[-84.249419,34.072242],[-84.250797,34.076733],[-84.250731,34.078478],[-84.252774,34.078926],[-84.255909,34.078272],[-84.264088,34.074805],[-84.268963,34.074768],[-84.272025,34.068834]]]}},{"type":"Feature","properties":{"geoid":"13121011637","name":"Census Tract 116.37, Fulton County","county":"Fulton","score_per1000":1.2,"score_drive_per1000":1.3,"score_transit_per1000":0,"score_walk_per1000":0,"pop":2470,"med_hh_income":199583,"pct_no_vehicle":0,"pct_black":2.5,"pct_hispanic":3.2,"pct_65plus":10.7,"pct_drive":92.88,"pct_transit":0.56,"pct_walk":6.55,"min_drive_time":11.56,"min_walk_time":122.05,"min_transit_time":95.07},"geometry":{"type":"Polygon","coordinates":[[[-84.286613,34.048875],[-84.286325,34.04772],[-84.285054,34.045921],[-84.284781,34.042028],[-84.281029,34.043108],[-84.279704,34.043017],[-84.276807,34.041177],[-84.275269,34.041329],[-84.271631,34.03814],[-84.268739,34.036951],[-84.267384,34.037092],[-84.263524,34.038524],[-84.259257,34.038409],[-84.259248,34.038642],[-84.258908,34.038554],[-84.257426,34.039373],[-84.259516,34.041038],[-84.260082,34.042097],[-84.259985,34.04313],[-84.258496,34.046047],[-84.262837,34.048337],[-84.266775,34.049674],[-84.274325,34.053002],[-84.275201,34.054245],[-84.27534,34.058677],[-84.276264,34.060592],[-84.277598,34.05903],[-84.281396,34.05651],[-84.28327,34.055448],[-84.285828,34.054543],[-84.285514,34.052523],[-84.286613,34.048875]]]}},{"type":"Feature","properties":{"geoid":"13121011638","name":"Census Tract 116.38, Fulton County","county":"Fulton","score_per1000":1.0,"score_drive_per1000":1.1,"score_transit_per1000":0,"score_walk_per1000":0,"pop":4288,"med_hh_income":131324,"pct_no_vehicle":3.5,"pct_black":6.9,"pct_hispanic":14.3,"pct_65plus":20.8,"pct_drive":96.52,"pct_transit":1.82,"pct_walk":1.66,"min_drive_time":11.94,"min_walk_time":130.7,"min_transit_time":95.07},"geometry":{"type":"Polygon","coordinates":[[[-84.260133,34.042639],[-84.259644,34.041184],[-84.257426,34.039373],[-84.256377,34.039997],[-84.252981,34.041032],[-84.249093,34.041347],[-84.247608,34.04272],[-84.246557,34.042782],[-84.240773,34.038722],[-84.238818,34.037876],[-84.237233,34.038269],[-84.236204,34.03908],[-84.235366,34.04101],[-84.233762,34.043105],[-84.233256,34.04476],[-84.233003,34.043701],[-84.233633,34.042339],[-84.233613,34.04083],[-84.234981,34.037595],[-84.234866,34.036802],[-84.229118,34.040704],[-84.223087,34.046445],[-84.225174,34.049257],[-84.228593,34.051773],[-84.231328,34.055793],[-84.232593,34.054145],[-84.237079,34.050225],[-84.238278,34.049533],[-84.248181,34.047534],[-84.255363,34.045161],[-84.256752,34.045235],[-84.258496,34.046047],[-84.260133,34.042639]]]}},{"type":"Feature","properties":{"geoid":"13121011639","name":"Census Tract 116.39, Fulton County","county":"Fulton","score_per1000":2.5,"score_drive_per1000":2.5,"score_transit_per1000":0.2,"score_walk_per1000":0,"pop":2208,"med_hh_income":116800,"pct_no_vehicle":2.3,"pct_black":9.6,"pct_hispanic":6,"pct_65plus":5.3,"pct_drive":100,"pct_transit":0,"pct_walk":0,"min_drive_time":4.09,"min_walk_time":57.05,"min_transit_time":53.38},"geometry":{"type":"Polygon","coordinates":[[[-84.29362,34.071003],[-84.293354,34.066853],[-84.291611,34.063252],[-84.287409,34.058191],[-84.285828,34.054543],[-84.282705,34.055714],[-84.277244,34.059353],[-84.276264,34.060592],[-84.272025,34.068834],[-84.283033,34.069058],[-84.287004,34.070453],[-84.29362,34.071003]]]}},{"type":"Feature","properties":{"geoid":"13121011640","name":"Census Tract 116.40, Fulton County","county":"Fulton","score_per1000":2.2,"score_drive_per1000":2.5,"score_transit_per1000":0.0,"score_walk_per1000":0,"pop":5241,"med_hh_income":71845,"pct_no_vehicle":12.8,"pct_black":19,"pct_hispanic":6.8,"pct_65plus":13.4,"pct_drive":88.01,"pct_transit":0,"pct_walk":11.99,"min_drive_time":4.78,"min_walk_time":63.26,"min_transit_time":55.07},"geometry":{"type":"Polygon","coordinates":[[[-84.294706,34.074085],[-84.296812,34.071121],[-84.287004,34.070453],[-84.283033,34.069058],[-84.272025,34.068834],[-84.262035,34.088032],[-84.265923,34.087059],[-84.269554,34.087696],[-84.270539,34.085594],[-84.27315,34.084154],[-84.274365,34.084529],[-84.277355,34.083884],[-84.285589,34.080008],[-84.294485,34.078551],[-84.294706,34.074085]]]}},{"type":"Feature","properties":{"geoid":"13121011641","name":"Census Tract 116.41, Fulton County","county":"Fulton","score_per1000":1.2,"score_drive_per1000":1.2,"score_transit_per1000":0,"score_walk_per1000":0,"pop":5043,"med_hh_income":250001,"pct_no_vehicle":1.6,"pct_black":1,"pct_hispanic":3.8,"pct_65plus":8.9,"pct_drive":99.31,"pct_transit":0.17,"pct_walk":0.51,"min_drive_time":8.58,"min_walk_time":101.72,"min_transit_time":95.07},"geometry":{"type":"Polygon","coordinates":[[[-84.332059,34.10458],[-84.331811,34.103861],[-84.33037,34.102566],[-84.330382,34.095777],[-84.329113,34.096121],[-84.326871,34.09604],[-84.314597,34.094197],[-84.313668,34.093442],[-84.31207,34.090144],[-84.310641,34.088786],[-84.307472,34.08744],[-84.306729,34.086701],[-84.302632,34.084214],[-84.29884,34.082035],[-84.297255,34.081507],[-84.296658,34.083163],[-84.296112,34.090292],[-84.295064,34.096045],[-84.293583,34.09917],[-84.29323,34.101581],[-84.291882,34.104109],[-84.292267,34.105556],[-84.29408,34.107171],[-84.294613,34.108228],[-84.294338,34.115285],[-84.295182,34.117365],[-84.300033,34.116449],[-84.307019,34.11786],[-84.30957,34.116027],[-84.314615,34.114743],[-84.315819,34.113496],[-84.316484,34.11228],[-84.320204,34.112951],[-84.321369,34.113557],[-84.324896,34.112422],[-84.327338,34.112341],[-84.329188,34.11121],[-84.329877,34.111131],[-84.330621,34.109971],[-84.332059,34.10458]]]}},{"type":"Feature","properties":{"geoid":"13121011642","name":"Census Tract 116.42, Fulton County","county":"Fulton","score_per1000":2.2,"score_drive_per1000":2.2,"score_transit_per1000":0.0,"score_walk_per1000":0,"pop":3087,"med_hh_income":108684,"pct_no_vehicle":4,"pct_black":16,"pct_hispanic":9.8,"pct_65plus":16.1,"pct_drive":99.34,"pct_transit":0.26,"pct_walk":0.39,"min_drive_time":6.09,"min_walk_time":82.25,"min_transit_time":56.07},"geometry":{"type":"Polygon","coordinates":[[[-84.295221,34.087522],[-84.294485,34.078551],[-84.293809,34.078553],[-84.285589,34.080008],[-84.276883,34.084032],[-84.274365,34.084529],[-84.27315,34.084154],[-84.270539,34.085594],[-84.269554,34.087696],[-84.2728,34.088587],[-84.274207,34.089298],[-84.278826,34.094238],[-84.282313,34.092283],[-84.28807,34.092104],[-84.292037,34.0912],[-84.294403,34.089529],[-84.295221,34.087522]]]}},{"type":"Feature","properties":{"geoid":"13121011643","name":"Census Tract 116.43, Fulton County","county":"Fulton","score_per1000":2.1,"score_drive_per1000":2.2,"score_transit_per1000":0,"score_walk_per1000":0,"pop":4673,"med_hh_income":102068,"pct_no_vehicle":4.1,"pct_black":18.9,"pct_hispanic":9.8,"pct_65plus":4,"pct_drive":93.74,"pct_transit":5.88,"pct_walk":0.38,"min_drive_time":7.42,"min_walk_time":95.83,"min_transit_time":90.55},"geometry":{"type":"Polygon","coordinates":[[[-84.278674,34.094335],[-84.274843,34.089866],[-84.273526,34.088888],[-84.267405,34.087152],[-84.264784,34.087253],[-84.262035,34.088032],[-84.259362,34.091185],[-84.24459,34.102748],[-84.250202,34.104646],[-84.253792,34.104387],[-84.254961,34.103857],[-84.258727,34.099836],[-84.259568,34.097508],[-84.264493,34.098034],[-84.271774,34.098036],[-84.273755,34.095975],[-84.278674,34.094335]]]}},{"type":"Feature","properties":{"geoid":"13121011644","name":"Census Tract 116.44, Fulton County","county":"Fulton","score_per1000":1.4,"score_drive_per1000":1.5,"score_transit_per1000":0,"score_walk_per1000":0,"pop":3800,"med_hh_income":125267,"pct_no_vehicle":0,"pct_black":25.5,"pct_hispanic":11.2,"pct_65plus":12.5,"pct_drive":98.01,"pct_transit":0,"pct_walk":1.99,"min_drive_time":8.82,"min_walk_time":117.02,"min_transit_time":90.55},"geometry":{"type":"Polygon","coordinates":[[[-84.266594,34.109531],[-84.267154,34.108658],[-84.265777,34.108439],[-84.265355,34.107017],[-84.264902,34.106667],[-84.266071,34.105608],[-84.265464,34.104273],[-84.266057,34.102386],[-84.265898,34.10155],[-84.264455,34.099804],[-84.26451,34.098034],[-84.259568,34.097508],[-84.258727,34.099836],[-84.254961,34.103857],[-84.254096,34.104301],[-84.254778,34.107261],[-84.255345,34.108029],[-84.258656,34.109363],[-84.259647,34.110071],[-84.261161,34.109341],[-84.266594,34.109531]]]}},{"type":"Feature","properties":{"geoid":"13121011645","name":"Census Tract 116.45, Fulton County","county":"Fulton","score_per1000":1.5,"score_drive_per1000":1.5,"score_transit_per1000":0,"score_walk_per1000":0,"pop":3222,"med_hh_income":155694,"pct_no_vehicle":1.5,"pct_black":9.9,"pct_hispanic":11.5,"pct_65plus":9.1,"pct_drive":99.32,"pct_transit":0.68,"pct_walk":0,"min_drive_time":9.04,"min_walk_time":127.19,"min_transit_time":127.19},"geometry":{"type":"Polygon","coordinates":[[[-84.271732,34.098088],[-84.26451,34.098034],[-84.264455,34.099804],[-84.265898,34.10155],[-84.266057,34.102386],[-84.265464,34.104273],[-84.266071,34.105608],[-84.264902,34.106667],[-84.265355,34.107017],[-84.265848,34.108507],[-84.267154,34.108658],[-84.266961,34.109354],[-84.264739,34.109572],[-84.261161,34.109341],[-84.259647,34.110071],[-84.25895,34.10953],[-84.258946,34.127229],[-84.263971,34.126196],[-84.268303,34.125792],[-84.269524,34.125124],[-84.27018,34.124253],[-84.270514,34.121284],[-84.269202,34.114004],[-84.268937,34.109232],[-84.270932,34.099591],[-84.271732,34.098088]]]}},{"type":"Feature","properties":{"geoid":"13121011646","name":"Census Tract 116.46, Fulton County","county":"Fulton","score_per1000":2.4,"score_drive_per1000":2.6,"score_transit_per1000":0.2,"score_walk_per1000":0,"pop":4056,"med_hh_income":106736,"pct_no_vehicle":26.4,"pct_black":14.7,"pct_hispanic":4.8,"pct_65plus":20.9,"pct_drive":94.28,"pct_transit":4.61,"pct_walk":1.11,"min_drive_time":5.23,"min_walk_time":79.37,"min_transit_time":53.38},"geometry":{"type":"Polygon","coordinates":[[[-84.320957,34.043395],[-84.319952,34.042698],[-84.318234,34.042413],[-84.31741,34.041951],[-84.317062,34.041342],[-84.31671,34.035651],[-84.317484,34.03366],[-84.316077,34.033899],[-84.314075,34.033283],[-84.310703,34.033592],[-84.307351,34.034732],[-84.306159,34.035747],[-84.304409,34.035978],[-84.302488,34.038269],[-84.299692,34.040292],[-84.296899,34.040821],[-84.294767,34.040243],[-84.292765,34.040713],[-84.291124,34.041666],[-84.288441,34.041344],[-84.284781,34.042028],[-84.285054,34.045921],[-84.286325,34.04772],[-84.2866,34.048638],[-84.285514,34.052523],[-84.285565,34.053698],[-84.287066,34.057635],[-84.291083,34.062455],[-84.293125,34.066336],[-84.293661,34.068454],[-84.293636,34.070822],[-84.296812,34.071121],[-84.298746,34.069171],[-84.301037,34.068024],[-84.30294,34.065504],[-84.302069,34.055744],[-84.301712,34.054729],[-84.300971,34.054193],[-84.302616,34.052395],[-84.304137,34.04929],[-84.307183,34.046685],[-84.311155,34.044222],[-84.312925,34.043982],[-84.31538,34.044598],[-84.317843,34.044594],[-84.320957,34.043395]]]}},{"type":"Feature","properties":{"geoid":"13121011647","name":"Census Tract 116.47, Fulton County","county":"Fulton","score_per1000":2.4,"score_drive_per1000":2.5,"score_transit_per1000":0.5,"score_walk_per1000":0.5,"pop":4827,"med_hh_income":96850,"pct_no_vehicle":19.3,"pct_black":6.2,"pct_hispanic":5.1,"pct_65plus":24.5,"pct_drive":97.5,"pct_transit":0,"pct_walk":2.5,"min_drive_time":0.46,"min_walk_time":5.58,"min_transit_time":5.58},"geometry":{"type":"Polygon","coordinates":[[[-84.335848,34.070285],[-84.334208,34.067544],[-84.334057,34.065571],[-84.331194,34.06316],[-84.330677,34.062389],[-84.330349,34.060028],[-84.331142,34.057625],[-84.331052,34.057025],[-84.330635,34.056748],[-84.328485,34.056625],[-84.32775,34.05611],[-84.327146,34.056762],[-84.326408,34.056808],[-84.326007,34.055159],[-84.324819,34.054252],[-84.324988,34.053684],[-84.325837,34.053074],[-84.326781,34.054569],[-84.327543,34.054424],[-84.327263,34.053693],[-84.328482,34.049033],[-84.326703,34.047699],[-84.322492,34.045516],[-84.320957,34.043395],[-84.317843,34.044594],[-84.31538,34.044598],[-84.312925,34.043982],[-84.311155,34.044222],[-84.307183,34.046685],[-84.304137,34.04929],[-84.302616,34.052395],[-84.300971,34.054193],[-84.301712,34.054729],[-84.302069,34.055744],[-84.302997,34.06536],[-84.301037,34.068024],[-84.298746,34.069171],[-84.296812,34.071121],[-84.305537,34.072892],[-84.319601,34.072887],[-84.327513,34.075495],[-84.330645,34.072872],[-84.335392,34.073044],[-84.335646,34.072506],[-84.335489,34.071105],[-84.335848,34.070285]]]}},{"type":"Feature","properties":{"geoid":"13121011648","name":"Census Tract 116.48, Fulton County","county":"Fulton","score_per1000":1.4,"score_drive_per1000":1.4,"score_transit_per1000":0,"score_walk_per1000":0,"pop":2529,"med_hh_income":215357,"pct_no_vehicle":0,"pct_black":10.3,"pct_hispanic":3.8,"pct_65plus":10.3,"pct_drive":100,"pct_transit":0,"pct_walk":0,"min_drive_time":6.01,"min_walk_time":70.08,"min_transit_time":70.08},"geometry":{"type":"Polygon","coordinates":[[[-84.16978,34.03311],[-84.16811,34.028821],[-84.165582,34.028976],[-84.162502,34.029724],[-84.157131,34.032433],[-84.153132,34.030822],[-84.150966,34.030396],[-84.145885,34.029846],[-84.142726,34.029724],[-84.141102,34.030012],[-84.141323,34.030868],[-84.140954,34.040206],[-84.142185,34.047511],[-84.144261,34.049936],[-84.143764,34.055044],[-84.150753,34.058803],[-84.153638,34.059807],[-84.154533,34.057901],[-84.155431,34.057088],[-84.158281,34.056833],[-84.159975,34.055944],[-84.160546,34.055274],[-84.159803,34.053693],[-84.157254,34.052493],[-84.154765,34.052041],[-84.154913,34.048115],[-84.152625,34.044901],[-84.15021,34.04264],[-84.149182,34.040006],[-84.147826,34.037947],[-84.150723,34.037813],[-84.155196,34.039032],[-84.158881,34.038841],[-84.162093,34.037605],[-84.163826,34.034643],[-84.164695,34.033866],[-84.16592,34.033438],[-84.16978,34.03311]]]}},{"type":"Feature","properties":{"geoid":"13121011649","name":"Census Tract 116.49, Fulton County","county":"Fulton","score_per1000":1.4,"score_drive_per1000":1.4,"score_transit_per1000":0.1,"score_walk_per1000":0,"pop":5863,"med_hh_income":157782,"pct_no_vehicle":0.9,"pct_black":5.4,"pct_hispanic":6.2,"pct_65plus":14,"pct_drive":100,"pct_transit":0,"pct_walk":0,"min_drive_time":4.52,"min_walk_time":46.63,"min_transit_time":46.63},"geometry":{"type":"Polygon","coordinates":[[[-84.177414,34.047782],[-84.176742,34.046665],[-84.174811,34.039012],[-84.1739,34.036601],[-84.16978,34.03311],[-84.16592,34.033438],[-84.164695,34.033866],[-84.163826,34.034643],[-84.162093,34.037605],[-84.158881,34.038841],[-84.155196,34.039032],[-84.150723,34.037813],[-84.147826,34.037947],[-84.149182,34.040006],[-84.15021,34.04264],[-84.152625,34.044901],[-84.154913,34.048115],[-84.154765,34.052041],[-84.157254,34.052493],[-84.159505,34.053503],[-84.160015,34.053937],[-84.160546,34.055274],[-84.159546,34.056287],[-84.15851,34.056769],[-84.156062,34.056929],[-84.155031,34.057338],[-84.153638,34.059807],[-84.159718,34.062832],[-84.162053,34.065753],[-84.163427,34.066523],[-84.168137,34.067896],[-84.1732,34.059255],[-84.17519,34.051567],[-84.177414,34.047782]]]}},{"type":"Feature","properties":{"geoid":"13121011650","name":"Census Tract 116.50, Fulton County","county":"Fulton","score_per1000":2.7,"score_drive_per1000":2.7,"score_transit_per1000":0.0,"score_walk_per1000":0,"pop":4806,"med_hh_income":179821,"pct_no_vehicle":10.9,"pct_black":18.2,"pct_hispanic":10.4,"pct_65plus":9.7,"pct_drive":100,"pct_transit":0,"pct_walk":0,"min_drive_time":6.65,"min_walk_time":91.02,"min_transit_time":55.07},"geometry":{"type":"Polygon","coordinates":[[[-84.259543,34.066671],[-84.259122,34.064428],[-84.257744,34.060903],[-84.257725,34.059143],[-84.253745,34.058725],[-84.251664,34.05992],[-84.249687,34.059571],[-84.249117,34.059267],[-84.248157,34.057751],[-84.244524,34.056522],[-84.24107,34.053851],[-84.239946,34.053235],[-84.23894,34.053105],[-84.238818,34.052267],[-84.236402,34.050805],[-84.23231,34.054417],[-84.231328,34.055793],[-84.232413,34.057322],[-84.233931,34.058419],[-84.241429,34.060403],[-84.240424,34.062341],[-84.237269,34.064508],[-84.236623,34.065999],[-84.238971,34.068259],[-84.241771,34.069442],[-84.245387,34.069656],[-84.247056,34.068979],[-84.2501,34.068782],[-84.251036,34.069192],[-84.252754,34.068467],[-84.253761,34.067555],[-84.254842,34.067429],[-84.25802,34.067865],[-84.259093,34.067415],[-84.259543,34.066671]]]}},{"type":"Feature","properties":{"geoid":"13121011651","name":"Census Tract 116.51, Fulton County","county":"Fulton","score_per1000":2.4,"score_drive_per1000":2.5,"score_transit_per1000":0.0,"score_walk_per1000":0,"pop":1893,"med_hh_income":160917,"pct_no_vehicle":1.6,"pct_black":8.1,"pct_hispanic":5.6,"pct_65plus":6.3,"pct_drive":94.65,"pct_transit":0,"pct_walk":5.35,"min_drive_time":7.95,"min_walk_time":94.64,"min_transit_time":55.07},"geometry":{"type":"Polygon","coordinates":[[[-84.250933,34.06927],[-84.2501,34.068782],[-84.247056,34.068979],[-84.245387,34.069656],[-84.242672,34.069662],[-84.238971,34.068259],[-84.23675,34.0663],[-84.236821,34.065176],[-84.237851,34.064011],[-84.240424,34.062341],[-84.241429,34.060403],[-84.233931,34.058419],[-84.232413,34.057322],[-84.231328,34.055793],[-84.229944,34.057768],[-84.226943,34.060061],[-84.221096,34.062495],[-84.218466,34.063915],[-84.220594,34.063919],[-84.226096,34.064798],[-84.22842,34.065786],[-84.229999,34.067645],[-84.230232,34.070444],[-84.230987,34.072103],[-84.232274,34.072902],[-84.235292,34.073602],[-84.237712,34.075436],[-84.246134,34.076847],[-84.250731,34.078478],[-84.250797,34.076733],[-84.249278,34.071312],[-84.249377,34.07017],[-84.250015,34.069558],[-84.250933,34.06927]]]}},{"type":"Feature","properties":{"geoid":"13121011652","name":"Census Tract 116.52, Fulton County","county":"Fulton","score_per1000":1.0,"score_drive_per1000":1.1,"score_transit_per1000":0,"score_walk_per1000":0,"pop":3219,"med_hh_income":129583,"pct_no_vehicle":2.3,"pct_black":3.4,"pct_hispanic":13.4,"pct_65plus":5.9,"pct_drive":91.76,"pct_transit":3.01,"pct_walk":5.23,"min_drive_time":10.5,"min_walk_time":134.9,"min_transit_time":95.07},"geometry":{"type":"Polygon","coordinates":[[[-84.268963,34.074768],[-84.264088,34.074805],[-84.255909,34.078272],[-84.252774,34.078926],[-84.250731,34.078478],[-84.244721,34.082836],[-84.243139,34.083465],[-84.241549,34.083593],[-84.240013,34.084395],[-84.237546,34.087279],[-84.234924,34.089194],[-84.23348,34.090722],[-84.232279,34.089515],[-84.231108,34.089034],[-84.227175,34.089389],[-84.225828,34.089985],[-84.223571,34.093233],[-84.221668,34.094385],[-84.218966,34.095006],[-84.217704,34.094851],[-84.216409,34.094167],[-84.214554,34.092529],[-84.212679,34.092119],[-84.211148,34.092674],[-84.209828,34.094225],[-84.211698,34.097446],[-84.212606,34.098459],[-84.214157,34.099294],[-84.217597,34.100182],[-84.221734,34.100282],[-84.222776,34.099826],[-84.225247,34.097901],[-84.228643,34.09676],[-84.230026,34.096589],[-84.231278,34.096897],[-84.233302,34.098204],[-84.235409,34.101353],[-84.241328,34.10149],[-84.24459,34.102748],[-84.259362,34.091185],[-84.261045,34.089472],[-84.268963,34.074768]]]}},{"type":"Feature","properties":{"geoid":"13121011653","name":"Census Tract 116.53, Fulton County","county":"Fulton","score_per1000":1.0,"score_drive_per1000":1.1,"score_transit_per1000":0,"score_walk_per1000":0,"pop":3571,"med_hh_income":241875,"pct_no_vehicle":0,"pct_black":10.1,"pct_hispanic":6.9,"pct_65plus":17.8,"pct_drive":97.84,"pct_transit":0,"pct_walk":2.16,"min_drive_time":10.88,"min_walk_time":134.98,"min_transit_time":95.07},"geometry":{"type":"Polygon","coordinates":[[[-84.2414,34.083659],[-84.23731,34.082394],[-84.228893,34.078359],[-84.221203,34.077951],[-84.214123,34.080079],[-84.213441,34.079864],[-84.212916,34.079178],[-84.210016,34.078922],[-84.208079,34.077852],[-84.206356,34.077528],[-84.205872,34.078602],[-84.205777,34.081193],[-84.204738,34.083732],[-84.205834,34.086217],[-84.205841,34.09061],[-84.20809,34.09299],[-84.209828,34.094225],[-84.211651,34.092386],[-84.212679,34.092119],[-84.213927,34.0923],[-84.215085,34.09287],[-84.217147,34.094646],[-84.21875,34.095023],[-84.221668,34.094385],[-84.222963,34.093795],[-84.225567,34.09025],[-84.226841,34.089457],[-84.231108,34.089034],[-84.232279,34.089515],[-84.23348,34.090722],[-84.234924,34.089194],[-84.237546,34.087279],[-84.23962,34.084727],[-84.2414,34.083659]]]}},{"type":"Feature","properties":{"geoid":"13121011654","name":"Census Tract 116.54, Fulton County","county":"Fulton","score_per1000":2.2,"score_drive_per1000":2.3,"score_transit_per1000":0.2,"score_walk_per1000":0,"pop":2282,"med_hh_income":122684,"pct_no_vehicle":4.3,"pct_black":9.5,"pct_hispanic":14.7,"pct_65plus":11.8,"pct_drive":93.8,"pct_transit":3.41,"pct_walk":2.79,"min_drive_time":2.55,"min_walk_time":31.97,"min_transit_time":31.97},"geometry":{"type":"Polygon","coordinates":[[[-84.324498,34.077569],[-84.327513,34.075495],[-84.319888,34.072928],[-84.305537,34.072892],[-84.296812,34.071121],[-84.295026,34.073347],[-84.294548,34.075599],[-84.300529,34.075887],[-84.303475,34.076569],[-84.307852,34.076589],[-84.308785,34.07708],[-84.313723,34.08159],[-84.318452,34.081019],[-84.320605,34.079839],[-84.323725,34.079155],[-84.324498,34.077569]]]}},{"type":"Feature","properties":{"geoid":"13121011655","name":"Census Tract 116.55, Fulton County","county":"Fulton","score_per1000":1.7,"score_drive_per1000":1.8,"score_transit_per1000":0.0,"score_walk_per1000":0,"pop":2587,"med_hh_income":232500,"pct_no_vehicle":10.2,"pct_black":1.3,"pct_hispanic":8,"pct_65plus":12,"pct_drive":95.36,"pct_transit":0,"pct_walk":4.64,"min_drive_time":5.93,"min_walk_time":73.73,"min_transit_time":55.07},"geometry":{"type":"Polygon","coordinates":[[[-84.326161,34.095929],[-84.32638,34.08722],[-84.324975,34.086474],[-84.321648,34.082959],[-84.320444,34.08256],[-84.316492,34.082997],[-84.315119,34.082723],[-84.308109,34.076682],[-84.307019,34.076449],[-84.303475,34.076569],[-84.300529,34.075887],[-84.294548,34.075599],[-84.294716,34.081182],[-84.296368,34.081281],[-84.29884,34.082035],[-84.306729,34.086701],[-84.307472,34.08744],[-84.310641,34.088786],[-84.31207,34.090144],[-84.313668,34.093442],[-84.314597,34.094197],[-84.326161,34.095929]]]}},{"type":"Feature","properties":{"geoid":"13121011656","name":"Census Tract 116.56, Fulton County","county":"Fulton","score_per1000":1.8,"score_drive_per1000":1.8,"score_transit_per1000":0.0,"score_walk_per1000":0,"pop":4188,"med_hh_income":191429,"pct_no_vehicle":0,"pct_black":3,"pct_hispanic":3.2,"pct_65plus":13.1,"pct_drive":98.63,"pct_transit":0,"pct_walk":1.37,"min_drive_time":8.69,"min_walk_time":97.57,"min_transit_time":56.07},"geometry":{"type":"Polygon","coordinates":[[[-84.250724,34.07855],[-84.246134,34.076847],[-84.238212,34.075625],[-84.235292,34.073602],[-84.231609,34.072609],[-84.230419,34.071158],[-84.23012,34.068021],[-84.229564,34.066952],[-84.22842,34.065786],[-84.226096,34.064798],[-84.219888,34.063874],[-84.218466,34.063915],[-84.214882,34.064901],[-84.21268,34.064777],[-84.20526,34.070127],[-84.205475,34.071614],[-84.206371,34.073288],[-84.206804,34.07588],[-84.206356,34.077528],[-84.208079,34.077852],[-84.210016,34.078922],[-84.212916,34.079178],[-84.213441,34.079864],[-84.214123,34.080079],[-84.221203,34.077951],[-84.228893,34.078359],[-84.23764,34.082533],[-84.240795,34.083579],[-84.242011,34.083606],[-84.244721,34.082836],[-84.250724,34.07855]]]}},{"type":"Feature","properties":{"geoid":"13121011657","name":"Census Tract 116.57, Fulton County","county":"Fulton","score_per1000":1.3,"score_drive_per1000":1.4,"score_transit_per1000":0.1,"score_walk_per1000":0,"pop":3267,"med_hh_income":211607,"pct_no_vehicle":0,"pct_black":17.6,"pct_hispanic":5.2,"pct_65plus":13,"pct_drive":97.14,"pct_transit":0,"pct_walk":2.86,"min_drive_time":4.86,"min_walk_time":53.66,"min_transit_time":53.66},"geometry":{"type":"Polygon","coordinates":[[[-84.206824,34.07618],[-84.206371,34.073288],[-84.205475,34.071614],[-84.20526,34.070127],[-84.204153,34.071007],[-84.202847,34.073507],[-84.199267,34.077189],[-84.195436,34.082022],[-84.191833,34.084647],[-84.189392,34.085474],[-84.191238,34.086756],[-84.193553,34.087367],[-84.199854,34.09],[-84.204286,34.09017],[-84.205841,34.09061],[-84.205834,34.086217],[-84.204845,34.084339],[-84.20475,34.083526],[-84.205777,34.081193],[-84.205872,34.078602],[-84.206824,34.07618]]]}},{"type":"Feature","properties":{"geoid":"13121011658","name":"Census Tract 116.58, Fulton County","county":"Fulton","score_per1000":1.6,"score_drive_per1000":1.6,"score_transit_per1000":0,"score_walk_per1000":0,"pop":3953,"med_hh_income":140625,"pct_no_vehicle":1.1,"pct_black":22.8,"pct_hispanic":9.6,"pct_65plus":13.6,"pct_drive":100,"pct_transit":0,"pct_walk":0,"min_drive_time":7.7,"min_walk_time":93.02,"min_transit_time":93.02},"geometry":{"type":"Polygon","coordinates":[[[-84.219386,34.052329],[-84.223087,34.046445],[-84.221024,34.043482],[-84.218642,34.038912],[-84.209857,34.03135],[-84.208729,34.030743],[-84.206524,34.029953],[-84.206325,34.031802],[-84.205051,34.033893],[-84.204089,34.034802],[-84.202432,34.035488],[-84.200553,34.037395],[-84.200186,34.038736],[-84.200642,34.039825],[-84.204445,34.041992],[-84.205936,34.041976],[-84.210753,34.040576],[-84.214249,34.040783],[-84.214279,34.04177],[-84.214905,34.042548],[-84.214675,34.045946],[-84.214081,34.046329],[-84.21181,34.046309],[-84.210908,34.047018],[-84.21043,34.047938],[-84.219386,34.052329]]]}},{"type":"Feature","properties":{"geoid":"13121011659","name":"Census Tract 116.59, Fulton County","county":"Fulton","score_per1000":1.1,"score_drive_per1000":1.1,"score_transit_per1000":0,"score_walk_per1000":0,"pop":2488,"med_hh_income":183969,"pct_no_vehicle":0,"pct_black":8.2,"pct_hispanic":4.5,"pct_65plus":22.3,"pct_drive":100,"pct_transit":0,"pct_walk":0,"min_drive_time":10.46,"min_walk_time":123.16,"min_transit_time":96.07},"geometry":{"type":"Polygon","coordinates":[[[-84.234866,34.036802],[-84.234702,34.033516],[-84.233607,34.032267],[-84.229802,34.029446],[-84.227471,34.028527],[-84.226363,34.027514],[-84.221313,34.020426],[-84.218284,34.019162],[-84.215473,34.017456],[-84.211149,34.01623],[-84.210101,34.017501],[-84.209627,34.019624],[-84.209072,34.020042],[-84.209329,34.020647],[-84.209183,34.023783],[-84.20808,34.025366],[-84.206777,34.025925],[-84.203556,34.026217],[-84.202563,34.027015],[-84.203252,34.027813],[-84.205815,34.029543],[-84.209857,34.03135],[-84.218351,34.038601],[-84.221024,34.043482],[-84.223087,34.046445],[-84.229118,34.040704],[-84.234866,34.036802]]]}},{"type":"Feature","properties":{"geoid":"13121011660","name":"Census Tract 116.60, Fulton County","county":"Fulton","score_per1000":1.5,"score_drive_per1000":1.5,"score_transit_per1000":0,"score_walk_per1000":0,"pop":5072,"med_hh_income":120788,"pct_no_vehicle":3.5,"pct_black":12.5,"pct_hispanic":7.7,"pct_65plus":15.7,"pct_drive":100,"pct_transit":0,"pct_walk":0,"min_drive_time":7.89,"min_walk_time":97.19,"min_transit_time":90.55},"geometry":{"type":"Polygon","coordinates":[[[-84.297255,34.081507],[-84.294716,34.081182],[-84.295168,34.087947],[-84.294547,34.089345],[-84.293076,34.090673],[-84.291648,34.091327],[-84.28807,34.092104],[-84.282003,34.092371],[-84.278286,34.094539],[-84.273755,34.095975],[-84.271402,34.098514],[-84.270877,34.099814],[-84.268912,34.10972],[-84.269202,34.114004],[-84.269994,34.118391],[-84.271231,34.119655],[-84.272889,34.120106],[-84.278336,34.119166],[-84.281934,34.118029],[-84.285401,34.11613],[-84.287511,34.115355],[-84.294455,34.115989],[-84.29433,34.111161],[-84.294613,34.108228],[-84.29408,34.107171],[-84.292267,34.105556],[-84.291882,34.104109],[-84.29323,34.101581],[-84.293583,34.09917],[-84.295064,34.096045],[-84.296112,34.090292],[-84.296658,34.083163],[-84.297255,34.081507]]]}},{"type":"Feature","properties":{"geoid":"13121011661","name":"Census Tract 116.61, Fulton County","county":"Fulton","score_per1000":1.1,"score_drive_per1000":1.1,"score_transit_per1000":0,"score_walk_per1000":0,"pop":2083,"med_hh_income":221563,"pct_no_vehicle":0,"pct_black":6.6,"pct_hispanic":10.4,"pct_65plus":9.6,"pct_drive":100,"pct_transit":0,"pct_walk":0,"min_drive_time":10.82,"min_walk_time":139.07,"min_transit_time":131.43},"geometry":{"type":"Polygon","coordinates":[[[-84.301741,34.125946],[-84.301478,34.123683],[-84.300998,34.122773],[-84.298044,34.120497],[-84.295182,34.117365],[-84.294455,34.115989],[-84.287511,34.115355],[-84.281378,34.118236],[-84.278336,34.119166],[-84.273128,34.120085],[-84.271641,34.119904],[-84.269994,34.118391],[-84.270514,34.121284],[-84.27039,34.123459],[-84.270054,34.124494],[-84.269294,34.125308],[-84.267937,34.125883],[-84.263971,34.126196],[-84.258946,34.127229],[-84.258891,34.1366],[-84.261824,34.135509],[-84.263606,34.135528],[-84.26506,34.136032],[-84.266374,34.134905],[-84.268286,34.134675],[-84.270115,34.135853],[-84.270498,34.136588],[-84.271204,34.137065],[-84.272062,34.136552],[-84.273422,34.136356],[-84.27448,34.135139],[-84.27601,34.134152],[-84.278628,34.13404],[-84.280968,34.133402],[-84.282394,34.131842],[-84.285424,34.130083],[-84.287152,34.128484],[-84.289761,34.127409],[-84.291951,34.127713],[-84.293498,34.127367],[-84.295206,34.12837],[-84.300206,34.12847],[-84.301388,34.127106],[-84.301741,34.125946]]]}},{"type":"Feature","properties":{"geoid":"13121011801","name":"Census Tract 118.01, Fulton County","county":"Fulton","score_per1000":3.7,"score_drive_per1000":4.1,"score_transit_per1000":1.0,"score_walk_per1000":0,"pop":846,"med_hh_income":93524,"pct_no_vehicle":0,"pct_black":68.7,"pct_hispanic":12.8,"pct_65plus":3.7,"pct_drive":88.92,"pct_transit":5.22,"pct_walk":5.86,"min_drive_time":3.19,"min_walk_time":39.99,"min_transit_time":28.99},"geometry":{"type":"Polygon","coordinates":[[[-84.417222,33.782723],[-84.417385,33.771396],[-84.416462,33.771356],[-84.416434,33.773055],[-84.409401,33.773224],[-84.40824,33.774657],[-84.409761,33.776929],[-84.412977,33.779935],[-84.415316,33.780447],[-84.417222,33.782723]]]}},{"type":"Feature","properties":{"geoid":"13121011802","name":"Census Tract 118.02, Fulton County","county":"Fulton","score_per1000":3.7,"score_drive_per1000":4.3,"score_transit_per1000":1.0,"score_walk_per1000":0.1,"pop":1566,"med_hh_income":62806,"pct_no_vehicle":18.2,"pct_black":78.2,"pct_hispanic":1.5,"pct_65plus":14.2,"pct_drive":85.6,"pct_transit":0.53,"pct_walk":13.87,"min_drive_time":2.19,"min_walk_time":27.69,"min_transit_time":27.69},"geometry":{"type":"Polygon","coordinates":[[[-84.417398,33.770153],[-84.414497,33.77009],[-84.414525,33.76738],[-84.408812,33.767292],[-84.408884,33.763439],[-84.397762,33.763394],[-84.398448,33.767791],[-84.399614,33.770225],[-84.4015,33.771401],[-84.405835,33.772234],[-84.407048,33.77307],[-84.40824,33.774657],[-84.409401,33.773224],[-84.416434,33.773055],[-84.416462,33.771356],[-84.417385,33.771396],[-84.417398,33.770153]]]}},{"type":"Feature","properties":{"geoid":"13121011901","name":"Census Tract 119.01, Fulton County","county":"Fulton","score_per1000":3.0,"score_drive_per1000":4.3,"score_transit_per1000":1.9,"score_walk_per1000":0.8,"pop":2184,"med_hh_income":77838,"pct_no_vehicle":41.4,"pct_black":58.9,"pct_hispanic":5.9,"pct_65plus":23.7,"pct_drive":61.09,"pct_transit":8.75,"pct_walk":30.16,"min_drive_time":0.72,"min_walk_time":6.12,"min_transit_time":6.12},"geometry":{"type":"Polygon","coordinates":[[[-84.394329,33.758961],[-84.393511,33.757906],[-84.394256,33.757357],[-84.393243,33.75657],[-84.39384,33.754926],[-84.391529,33.753843],[-84.384874,33.749455],[-84.383497,33.748947],[-84.380766,33.748692],[-84.376645,33.749233],[-84.376608,33.754377],[-84.384309,33.754468],[-84.384202,33.759672],[-84.392787,33.759736],[-84.394329,33.758961]]]}},{"type":"Feature","properties":{"geoid":"13121011902","name":"Census Tract 119.02, Fulton County","county":"Fulton","score_per1000":3.8,"score_drive_per1000":4.6,"score_transit_per1000":1.6,"score_walk_per1000":0.4,"pop":1362,"med_hh_income":71750,"pct_no_vehicle":26,"pct_black":44.4,"pct_hispanic":12.8,"pct_65plus":7.6,"pct_drive":74.04,"pct_transit":21.76,"pct_walk":4.2,"min_drive_time":1.68,"min_walk_time":14.86,"min_transit_time":14.86},"geometry":{"type":"Polygon","coordinates":[[[-84.376608,33.754377],[-84.376645,33.749233],[-84.367252,33.752376],[-84.365603,33.754318],[-84.376608,33.754377]]]}},{"type":"Feature","properties":{"geoid":"13121012000","name":"Census Tract 120, Fulton County","county":"Fulton","score_per1000":3.8,"score_drive_per1000":4.4,"score_transit_per1000":1.2,"score_walk_per1000":0.1,"pop":3666,"med_hh_income":0,"pct_no_vehicle":27.5,"pct_black":76.5,"pct_hispanic":3,"pct_65plus":13.5,"pct_drive":82.13,"pct_transit":14.86,"pct_walk":3.02,"min_drive_time":1.81,"min_walk_time":28.4,"min_transit_time":18.48},"geometry":{"type":"Polygon","coordinates":[[[-84.401404,33.734481],[-84.400009,33.731608],[-84.397097,33.728202],[-84.393862,33.72619],[-84.389514,33.722392],[-84.388066,33.721835],[-84.387712,33.746906],[-84.397005,33.746984],[-84.397933,33.74653],[-84.398353,33.734386],[-84.401404,33.734481]]]}},{"type":"Feature","properties":{"geoid":"13121012300","name":"Census Tract 123, Fulton County","county":"Fulton","score_per1000":2.7,"score_drive_per1000":3.1,"score_transit_per1000":0.1,"score_walk_per1000":0,"pop":2160,"med_hh_income":65642,"pct_no_vehicle":0.9,"pct_black":53,"pct_hispanic":0,"pct_65plus":12.8,"pct_drive":89.01,"pct_transit":10.86,"pct_walk":0.13,"min_drive_time":8.56,"min_walk_time":165.6,"min_transit_time":45.64},"geometry":{"type":"Polygon","coordinates":[[[-84.453011,33.642075],[-84.44833,33.646839],[-84.448307,33.648766],[-84.445772,33.648813],[-84.440303,33.65173],[-84.432719,33.658228],[-84.428329,33.66112],[-84.428294,33.662935],[-84.426089,33.662894],[-84.423616,33.663562],[-84.423705,33.66535],[-84.423156,33.665452],[-84.434988,33.669248],[-84.437044,33.670692],[-84.438283,33.672707],[-84.439584,33.679438],[-84.440229,33.679366],[-84.44917,33.655524],[-84.450319,33.646779],[-84.450847,33.645802],[-84.452932,33.644113],[-84.453011,33.642075]]]}},{"type":"Feature","properties":{"geoid":"13121980000","name":"Census Tract 9800, Fulton County","county":"Fulton","score_per1000":null,"score_drive_per1000":2.0,"score_transit_per1000":0,"score_walk_per1000":0,"pop":0,"med_hh_income":0,"pct_no_vehicle":0,"pct_black":0,"pct_hispanic":0,"pct_65plus":0,"pct_drive":0,"pct_transit":0,"pct_walk":0,"min_drive_time":10.79,"min_walk_time":168.14,"min_transit_time":82.99},"geometry":{"type":"MultiPolygon","coordinates":[[[[-84.453015,33.642016],[-84.453032,33.641215],[-84.448234,33.641215],[-84.448131,33.643714],[-84.448531,33.645815],[-84.44833,33.646839],[-84.453015,33.642016]]],[[[-84.445772,33.648813],[-84.432331,33.648815],[-84.404938,33.648517],[-84.405711,33.650169],[-84.406468,33.650937],[-84.412775,33.654866],[-84.417504,33.657326],[-84.419043,33.65775],[-84.423099,33.657821],[-84.428553,33.657492],[-84.428531,33.656615],[-84.434567,33.656728],[-84.440303,33.65173],[-84.445772,33.648813]]]]}}]}