{"type":"FeatureCollection","features":[{"type":"Feature","properties":{"gridcode":3,"label_es":"Alto","label_en":"High"},"geometry":{"type":"Polygon","coordinates":[[[-2.439538,42.489669],[-2.438929,42.489669],[-2.438929,42.490119],[-2.439538,42.490119],[-2.439538,42.489669]]]}},{"type":"Feature","properties":{"gridcode":2,"label_es":"Medio","label_en":"Medium"},"geometry":{"type":"Polygon","coordinates":[[[-2.440147,42.489669],[-2.439538,42.489669],[-2.439538,42.490119],[-2.440147,42.490119],[-2.440147,42.489669]]]}},{"type":"Feature","properties":{"gridcode":2,"label_es":"Medio","label_en":"Medium"},"geometry":{"type":"Polygon","coordinates":[[[-2.440756,42.48922],[-2.440147,42.48922],[-2.440147,42.489669],[-2.440756,42.489669],[-2.440756,42.48922]]]}},{"type":"Feature","properties":{"gridcode":2,"label_es":"Medio","label_en":"Medium"},"geometry":{"type":"Polygon","coordinates":[[[-2.440147,42.48922],[-2.439538,42.48922],[-2.439538,42.489669],[-2.440147,42.489669],[-2.440147,42.48922]]]}},{"type":"Feature","properties":{"gridcode":3,"label_es":"Alto","label_en":"High"},"geometry":{"type":"Polygon","coordinates":[[[-2.439538,42.48922],[-2.438929,42.48922],[-2.438929,42.489669],[-2.439538,42.489669],[-2.439538,42.48922]]]}},{"type":"Feature","properties":{"gridcode":2,"label_es":"Medio","label_en":"Medium"},"geometry":{"type":"Polygon","coordinates":[[[-2.435885,42.48922],[-2.435277,42.48922],[-2.435277,42.489669],[-2.435885,42.489669],[-2.435885,42.48922]]]}},{"type":"Feature","properties":{"gridcode":2,"label_es":"Medio","label_en":"Medium"},"geometry":{"type":"Polygon","coordinates":[[[-2.436494,42.48922],[-2.435885,42.48922],[-2.435885,42.489669],[-2.436494,42.489669],[-2.436494,42.48922]]]}},{"type":"Feature","properties":{"gridcode":2,"label_es":"Medio","label_en":"Medium"},"geometry":{"type":"Polygon","coordinates":[[[-2.437103,42.48922],[-2.436494,42.48922],[-2.436494,42.489669],[-2.437103,42.489669],[-2.437103,42.48922]]]}},{"type":"Feature","properties":{"gridcode":2,"label_es":"Medio","label_en":"Medium"},"geometry":{"type":"Polygon","coordinates":[[[-2.441365,42.48922],[-2.440756,42.48922],[-2.440756,42.489669],[-2.441365,42.489669],[-2.441365,42.48922]]]}},{"type":"Feature","properties":{"gridcode":3,"label_es":"Alto","label_en":"High"},"geometry":{"type":"Polygon","coordinates":[[[-2.440147,42.488771],[-2.439538,42.488771],[-2.439538,42.48922],[-2.440147,42.48922],[-2.440147,42.488771]]]}},{"type":"Feature","properties":{"gridcode":2,"label_es":"Medio","label_en":"Medium"},"geometry":{"type":"Polygon","coordinates":[[[-2.438929,42.488771],[-2.438321,42.488771],[-2.438321,42.48922],[-2.438929,42.48922],[-2.438929,42.488771]]]}},{"type":"Feature","properties":{"gridcode":2,"label_es":"Medio","label_en":"Medium"},"geometry":{"type":"Polygon","coordinates":[[[-2.441365,42.488771],[-2.440756,42.488771],[-2.440756,42.48922],[-2.441365,42.48922],[-2.441365,42.488771]]]}},{"type":"Feature","properties":{"gridcode":2,"label_es":"Medio","label_en":"Medium"},"geometry":{"type":"Polygon","coordinates":[[[-2.440756,42.488771],[-2.440147,42.488771],[-2.440147,42.48922],[-2.440756,42.48922],[-2.440756,42.488771]]]}},{"type":"Feature","properties":{"gridcode":2,"label_es":"Medio","label_en":"Medium"},"geometry":{"type":"Polygon","coordinates":[[[-2.438321,42.488771],[-2.437712,42.488771],[-2.437712,42.48922],[-2.438321,42.48922],[-2.438321,42.488771]]]}},{"type":"Feature","properties":{"gridcode":3,"label_es":"Alto","label_en":"High"},"geometry":{"type":"Polygon","coordinates":[[[-2.437712,42.488771],[-2.437103,42.488771],[-2.437103,42.48922],[-2.437712,42.48922],[-2.437712,42.488771]]]}},{"type":"Feature","properties":{"gridcode":3,"label_es":"Alto","label_en":"High"},"geometry":{"type":"Polygon","coordinates":[[[-2.440756,42.488322],[-2.440147,42.488322],[-2.440147,42.488771],[-2.440756,42.488771],[-2.440756,42.488322]]]}},{"type":"Feature","properties":{"gridcode":3,"label_es":"Alto","label_en":"High"},"geometry":{"type":"Polygon","coordinates":[[[-2.437103,42.488771],[-2.436494,42.488771],[-2.436494,42.48922],[-2.437103,42.48922],[-2.437103,42.488771]]]}},{"type":"Feature","properties":{"gridcode":3,"label_es":"Alto","label_en":"High"},"geometry":{"type":"Polygon","coordinates":[[[-2.437712,42.488322],[-2.437103,42.488322],[-2.437103,42.488771],[-2.437712,42.488771],[-2.437712,42.488322]]]}},{"type":"Feature","properties":{"gridcode":3,"label_es":"Alto","label_en":"High"},"geometry":{"type":"Polygon","coordinates":[[[-2.441365,42.488322],[-2.440756,42.488322],[-2.440756,42.488771],[-2.441365,42.488771],[-2.441365,42.488322]]]}},{"type":"Feature","properties":{"gridcode":3,"label_es":"Alto","label_en":"High"},"geometry":{"type":"Polygon","coordinates":[[[-2.441974,42.488322],[-2.441365,42.488322],[-2.441365,42.488771],[-2.441974,42.488771],[-2.441974,42.488322]]]}},{"type":"Feature","properties":{"gridcode":2,"label_es":"Medio","label_en":"Medium"},"geometry":{"type":"Polygon","coordinates":[[[-2.442582,42.488322],[-2.441974,42.488322],[-2.441974,42.488771],[-2.442582,42.488771],[-2.442582,42.488322]]]}},{"type":"Feature","properties":{"gridcode":2,"label_es":"Medio","label_en":"Medium"},"geometry":{"type":"Polygon","coordinates":[[[-2.441974,42.487873],[-2.441365,42.487873],[-2.441365,42.488322],[-2.441974,42.488322],[-2.441974,42.487873]]]}},{"type":"Feature","properties":{"gridcode":2,"label_es":"Medio","label_en":"Medium"},"geometry":{"type":"Polygon","coordinates":[[[-2.442582,42.487873],[-2.441974,42.487873],[-2.441974,42.488322],[-2.442582,42.488322],[-2.442582,42.487873]]]}},{"type":"Feature","properties":{"gridcode":2,"label_es":"Medio","label_en":"Medium"},"geometry":{"type":"Polygon","coordinates":[[[-2.443191,42.487873],[-2.442582,42.487873],[-2.442582,42.488322],[-2.443191,42.488322],[-2.443191,42.487873]]]}},{"type":"Feature","properties":{"gridcode":3,"label_es":"Alto","label_en":"High"},"geometry":{"type":"Polygon","coordinates":[[[-2.443191,42.487424],[-2.442582,42.487424],[-2.442582,42.487873],[-2.443191,42.487873],[-2.443191,42.487424]]]}},{"type":"Feature","properties":{"gridcode":2,"label_es":"Medio","label_en":"Medium"},"geometry":{"type":"Polygon","coordinates":[[[-2.4438,42.487424],[-2.443191,42.487424],[-2.443191,42.487873],[-2.4438,42.487873],[-2.4438,42.487424]]]}},{"type":"Feature","properties":{"gridcode":3,"label_es":"Alto","label_en":"High"},"geometry":{"type":"Polygon","coordinates":[[[-2.442582,42.487424],[-2.441974,42.487424],[-2.441974,42.487873],[-2.442582,42.487873],[-2.442582,42.487424]]]}},{"type":"Feature","properties":{"gridcode":2,"label_es":"Medio","label_en":"Medium"},"geometry":{"type":"Polygon","coordinates":[[[-2.4438,42.486974],[-2.443191,42.486974],[-2.443191,42.487424],[-2.4438,42.487424],[-2.4438,42.486974]]]}},{"type":"Feature","properties":{"gridcode":3,"label_es":"Alto","label_en":"High"},"geometry":{"type":"Polygon","coordinates":[[[-2.443191,42.486974],[-2.442582,42.486974],[-2.442582,42.487424],[-2.443191,42.487424],[-2.443191,42.486974]]]}},{"type":"Feature","properties":{"gridcode":2,"label_es":"Medio","label_en":"Medium"},"geometry":{"type":"Polygon","coordinates":[[[-2.477285,42.487424],[-2.476676,42.487424],[-2.476676,42.487873],[-2.477285,42.487873],[-2.477285,42.487424]]]}},{"type":"Feature","properties":{"gridcode":4,"label_es":"Muy alto","label_en":"Very high"},"geometry":{"type":"Polygon","coordinates":[[[-2.477285,42.486974],[-2.476676,42.486974],[-2.476676,42.487424],[-2.477285,42.487424],[-2.477285,42.486974]]]}},{"type":"Feature","properties":{"gridcode":2,"label_es":"Medio","label_en":"Medium"},"geometry":{"type":"Polygon","coordinates":[[[-2.442582,42.486974],[-2.441974,42.486974],[-2.441974,42.487424],[-2.442582,42.487424],[-2.442582,42.486974]]]}},{"type":"Feature","properties":{"gridcode":3,"label_es":"Alto","label_en":"High"},"geometry":{"type":"Polygon","coordinates":[[[-2.443191,42.486525],[-2.442582,42.486525],[-2.442582,42.486974],[-2.443191,42.486974],[-2.443191,42.486525]]]}},{"type":"Feature","properties":{"gridcode":2,"label_es":"Medio","label_en":"Medium"},"geometry":{"type":"Polygon","coordinates":[[[-2.4438,42.486525],[-2.443191,42.486525],[-2.443191,42.486974],[-2.4438,42.486974],[-2.4438,42.486525]]]}},{"type":"Feature","properties":{"gridcode":3,"label_es":"Alto","label_en":"High"},"geometry":{"type":"Polygon","coordinates":[[[-2.442582,42.486525],[-2.441974,42.486525],[-2.441974,42.486974],[-2.442582,42.486974],[-2.442582,42.486525]]]}},{"type":"Feature","properties":{"gridcode":3,"label_es":"Alto","label_en":"High"},"geometry":{"type":"Polygon","coordinates":[[[-2.441974,42.486525],[-2.441365,42.486525],[-2.441365,42.486974],[-2.441974,42.486974],[-2.441974,42.486525]]]}},{"type":"Feature","properties":{"gridcode":2,"label_es":"Medio","label_en":"Medium"},"geometry":{"type":"Polygon","coordinates":[[[-2.476067,42.486525],[-2.475459,42.486525],[-2.475459,42.486974],[-2.476067,42.486974],[-2.476067,42.486525]]]}},{"type":"Feature","properties":{"gridcode":2,"label_es":"Medio","label_en":"Medium"},"geometry":{"type":"Polygon","coordinates":[[[-2.4438,42.486076],[-2.443191,42.486076],[-2.443191,42.486525],[-2.4438,42.486525],[-2.4438,42.486076]]]}},{"type":"Feature","properties":{"gridcode":1,"label_es":"Bajo","label_en":"Low"},"geometry":{"type":"Polygon","coordinates":[[[-2.479111,42.486525],[-2.478503,42.486525],[-2.478503,42.486974],[-2.479111,42.486974],[-2.479111,42.486525]]]}},{"type":"Feature","properties":{"gridcode":1,"label_es":"Bajo","label_en":"Low"},"geometry":{"type":"Polygon","coordinates":[[[-2.478503,42.486525],[-2.477894,42.486525],[-2.477894,42.486974],[-2.478503,42.486974],[-2.478503,42.486525]]]}},{"type":"Feature","properties":{"gridcode":1,"label_es":"Bajo","label_en":"Low"},"geometry":{"type":"Polygon","coordinates":[[[-2.478503,42.486076],[-2.477894,42.486076],[-2.477894,42.486525],[-2.478503,42.486525],[-2.478503,42.486076]]]}},{"type":"Feature","properties":{"gridcode":1,"label_es":"Bajo","label_en":"Low"},"geometry":{"type":"Polygon","coordinates":[[[-2.479111,42.486076],[-2.478503,42.486076],[-2.478503,42.486525],[-2.479111,42.486525],[-2.479111,42.486076]]]}},{"type":"Feature","properties":{"gridcode":2,"label_es":"Medio","label_en":"Medium"},"geometry":{"type":"Polygon","coordinates":[[[-2.47485,42.486076],[-2.474241,42.486076],[-2.474241,42.486525],[-2.47485,42.486525],[-2.47485,42.486076]]]}},{"type":"Feature","properties":{"gridcode":2,"label_es":"Medio","label_en":"Medium"},"geometry":{"type":"Polygon","coordinates":[[[-2.474241,42.486076],[-2.473632,42.486076],[-2.473632,42.486525],[-2.474241,42.486525],[-2.474241,42.486076]]]}},{"type":"Feature","properties":{"gridcode":1,"label_es":"Bajo","label_en":"Low"},"geometry":{"type":"Polygon","coordinates":[[[-2.477894,42.486076],[-2.477285,42.486076],[-2.477285,42.486525],[-2.477894,42.486525],[-2.477894,42.486076]]]}},{"type":"Feature","properties":{"gridcode":2,"label_es":"Medio","label_en":"Medium"},"geometry":{"type":"Polygon","coordinates":[[[-2.473632,42.486076],[-2.473023,42.486076],[-2.473023,42.486525],[-2.473632,42.486525],[-2.473632,42.486076]]]}},{"type":"Feature","properties":{"gridcode":2,"label_es":"Medio","label_en":"Medium"},"geometry":{"type":"Polygon","coordinates":[[[-2.4438,42.485627],[-2.443191,42.485627],[-2.443191,42.486076],[-2.4438,42.486076],[-2.4438,42.485627]]]}},{"type":"Feature","properties":{"gridcode":3,"label_es":"Alto","label_en":"High"},"geometry":{"type":"Polygon","coordinates":[[[-2.47972,42.486076],[-2.479111,42.486076],[-2.479111,42.486525],[-2.47972,42.486525],[-2.47972,42.486076]]]}},{"type":"Feature","properties":{"gridcode":1,"label_es":"Bajo","label_en":"Low"},"geometry":{"type":"Polygon","coordinates":[[[-2.477285,42.486076],[-2.476676,42.486076],[-2.476676,42.486525],[-2.477285,42.486525],[-2.477285,42.486076]]]}},{"type":"Feature","properties":{"gridcode":2,"label_es":"Medio","label_en":"Medium"},"geometry":{"type":"Polygon","coordinates":[[[-2.473632,42.485627],[-2.473023,42.485627],[-2.473023,42.486076],[-2.473632,42.486076],[-2.473632,42.485627]]]}},{"type":"Feature","properties":{"gridcode":1,"label_es":"Bajo","label_en":"Low"},"geometry":{"type":"Polygon","coordinates":[[[-2.477285,42.485627],[-2.476676,42.485627],[-2.476676,42.486076],[-2.477285,42.486076],[-2.477285,42.485627]]]}},{"type":"Feature","properties":{"gridcode":1,"label_es":"Bajo","label_en":"Low"},"geometry":{"type":"Polygon","coordinates":[[[-2.478503,42.485627],[-2.477894,42.485627],[-2.477894,42.486076],[-2.478503,42.486076],[-2.478503,42.485627]]]}},{"type":"Feature","properties":{"gridcode":1,"label_es":"Bajo","label_en":"Low"},"geometry":{"type":"Polygon","coordinates":[[[-2.476676,42.485627],[-2.476067,42.485627],[-2.476067,42.486076],[-2.476676,42.486076],[-2.476676,42.485627]]]}},{"type":"Feature","properties":{"gridcode":2,"label_es":"Medio","label_en":"Medium"},"geometry":{"type":"Polygon","coordinates":[[[-2.473023,42.485627],[-2.472414,42.485627],[-2.472414,42.486076],[-2.473023,42.486076],[-2.473023,42.485627]]]}},{"type":"Feature","properties":{"gridcode":1,"label_es":"Bajo","label_en":"Low"},"geometry":{"type":"Polygon","coordinates":[[[-2.476067,42.485627],[-2.475459,42.485627],[-2.475459,42.486076],[-2.476067,42.486076],[-2.476067,42.485627]]]}},{"type":"Feature","properties":{"gridcode":2,"label_es":"Medio","label_en":"Medium"},"geometry":{"type":"Polygon","coordinates":[[[-2.4438,42.485178],[-2.443191,42.485178],[-2.443191,42.485627],[-2.4438,42.485627],[-2.4438,42.485178]]]}},{"type":"Feature","properties":{"gridcode":1,"label_es":"Bajo","label_en":"Low"},"geometry":{"type":"Polygon","coordinates":[[[-2.475459,42.485627],[-2.47485,42.485627],[-2.47485,42.486076],[-2.475459,42.486076],[-2.475459,42.485627]]]}},{"type":"Feature","properties":{"gridcode":3,"label_es":"Alto","label_en":"High"},"geometry":{"type":"Polygon","coordinates":[[[-2.473023,42.485178],[-2.472414,42.485178],[-2.472414,42.485627],[-2.473023,42.485627],[-2.473023,42.485178]]]}},{"type":"Feature","properties":{"gridcode":2,"label_es":"Medio","label_en":"Medium"},"geometry":{"type":"Polygon","coordinates":[[[-2.444409,42.485178],[-2.4438,42.485178],[-2.4438,42.485627],[-2.444409,42.485627],[-2.444409,42.485178]]]}},{"type":"Feature","properties":{"gridcode":2,"label_es":"Medio","label_en":"Medium"},"geometry":{"type":"Polygon","coordinates":[[[-2.475459,42.485178],[-2.47485,42.485178],[-2.47485,42.485627],[-2.475459,42.485627],[-2.475459,42.485178]]]}},{"type":"Feature","properties":{"gridcode":2,"label_es":"Medio","label_en":"Medium"},"geometry":{"type":"Polygon","coordinates":[[[-2.472414,42.485178],[-2.471806,42.485178],[-2.471806,42.485627],[-2.472414,42.485627],[-2.472414,42.485178]]]}},{"type":"Feature","properties":{"gridcode":2,"label_es":"Medio","label_en":"Medium"},"geometry":{"type":"Polygon","coordinates":[[[-2.477285,42.485178],[-2.476676,42.485178],[-2.476676,42.485627],[-2.477285,42.485627],[-2.477285,42.485178]]]}},{"type":"Feature","properties":{"gridcode":1,"label_es":"Bajo","label_en":"Low"},"geometry":{"type":"Polygon","coordinates":[[[-2.479111,42.485178],[-2.478503,42.485178],[-2.478503,42.485627],[-2.479111,42.485627],[-2.479111,42.485178]]]}},{"type":"Feature","properties":{"gridcode":2,"label_es":"Medio","label_en":"Medium"},"geometry":{"type":"Polygon","coordinates":[[[-2.443191,42.485178],[-2.442582,42.485178],[-2.442582,42.485627],[-2.443191,42.485627],[-2.443191,42.485178]]]}},{"type":"Feature","properties":{"gridcode":2,"label_es":"Medio","label_en":"Medium"},"geometry":{"type":"Polygon","coordinates":[[[-2.471806,42.485178],[-2.471197,42.485178],[-2.471197,42.485627],[-2.471806,42.485627],[-2.471806,42.485178]]]}},{"type":"Feature","properties":{"gridcode":1,"label_es":"Bajo","label_en":"Low"},"geometry":{"type":"Polygon","coordinates":[[[-2.47485,42.485178],[-2.474241,42.485178],[-2.474241,42.485627],[-2.47485,42.485627],[-2.47485,42.485178]]]}},{"type":"Feature","properties":{"gridcode":2,"label_es":"Medio","label_en":"Medium"},"geometry":{"type":"Polygon","coordinates":[[[-2.444409,42.484729],[-2.4438,42.484729],[-2.4438,42.485178],[-2.444409,42.485178],[-2.444409,42.484729]]]}},{"type":"Feature","properties":{"gridcode":2,"label_es":"Medio","label_en":"Medium"},"geometry":{"type":"Polygon","coordinates":[[[-2.445018,42.484729],[-2.444409,42.484729],[-2.444409,42.485178],[-2.445018,42.485178],[-2.445018,42.484729]]]}},{"type":"Feature","properties":{"gridcode":2,"label_es":"Medio","label_en":"Medium"},"geometry":{"type":"Polygon","coordinates":[[[-2.477894,42.485178],[-2.477285,42.485178],[-2.477285,42.485627],[-2.477894,42.485627],[-2.477894,42.485178]]]}},{"type":"Feature","properties":{"gridcode":2,"label_es":"Medio","label_en":"Medium"},"geometry":{"type":"Polygon","coordinates":[[[-2.443191,42.484729],[-2.442582,42.484729],[-2.442582,42.485178],[-2.443191,42.485178],[-2.443191,42.484729]]]}},{"type":"Feature","properties":{"gridcode":3,"label_es":"Alto","label_en":"High"},"geometry":{"type":"Polygon","coordinates":[[[-2.471806,42.484729],[-2.471197,42.484729],[-2.471197,42.485178],[-2.471806,42.485178],[-2.471806,42.484729]]]}},{"type":"Feature","properties":{"gridcode":1,"label_es":"Bajo","label_en":"Low"},"geometry":{"type":"Polygon","coordinates":[[[-2.480938,42.485178],[-2.480329,42.485178],[-2.480329,42.485627],[-2.480938,42.485627],[-2.480938,42.485178]]]}},{"type":"Feature","properties":{"gridcode":2,"label_es":"Medio","label_en":"Medium"},"geometry":{"type":"Polygon","coordinates":[[[-2.471197,42.484729],[-2.470588,42.484729],[-2.470588,42.485178],[-2.471197,42.485178],[-2.471197,42.484729]]]}},{"type":"Feature","properties":{"gridcode":2,"label_es":"Medio","label_en":"Medium"},"geometry":{"type":"Polygon","coordinates":[[[-2.441365,42.487424],[-2.440756,42.487424],[-2.440756,42.487873],[-2.441365,42.487873],[-2.441365,42.487424]]]}},{"type":"Feature","properties":{"gridcode":1,"label_es":"Bajo","label_en":"Low"},"geometry":{"type":"Polygon","coordinates":[[[-2.474241,42.484729],[-2.473632,42.484729],[-2.473632,42.485178],[-2.474241,42.485178],[-2.474241,42.484729]]]}},{"type":"Feature","properties":{"gridcode":1,"label_es":"Bajo","label_en":"Low"},"geometry":{"type":"Polygon","coordinates":[[[-2.473632,42.484729],[-2.473023,42.484729],[-2.473023,42.485178],[-2.473632,42.485178],[-2.473632,42.484729]]]}},{"type":"Feature","properties":{"gridcode":2,"label_es":"Medio","label_en":"Medium"},"geometry":{"type":"Polygon","coordinates":[[[-2.477285,42.484729],[-2.476676,42.484729],[-2.476676,42.485178],[-2.477285,42.485178],[-2.477285,42.484729]]]}},{"type":"Feature","properties":{"gridcode":1,"label_es":"Bajo","label_en":"Low"},"geometry":{"type":"Polygon","coordinates":[[[-2.477894,42.484729],[-2.477285,42.484729],[-2.477285,42.485178],[-2.477894,42.485178],[-2.477894,42.484729]]]}},{"type":"Feature","properties":{"gridcode":2,"label_es":"Medio","label_en":"Medium"},"geometry":{"type":"Polygon","coordinates":[[[-2.445018,42.48428],[-2.444409,42.48428],[-2.444409,42.484729],[-2.445018,42.484729],[-2.445018,42.48428]]]}},{"type":"Feature","properties":{"gridcode":2,"label_es":"Medio","label_en":"Medium"},"geometry":{"type":"Polygon","coordinates":[[[-2.470588,42.484729],[-2.469979,42.484729],[-2.469979,42.485178],[-2.470588,42.485178],[-2.470588,42.484729]]]}},{"type":"Feature","properties":{"gridcode":2,"label_es":"Medio","label_en":"Medium"},"geometry":{"type":"Polygon","coordinates":[[[-2.470588,42.48428],[-2.469979,42.48428],[-2.469979,42.484729],[-2.470588,42.484729],[-2.470588,42.48428]]]}},{"type":"Feature","properties":{"gridcode":1,"label_es":"Bajo","label_en":"Low"},"geometry":{"type":"Polygon","coordinates":[[[-2.473632,42.48428],[-2.473023,42.48428],[-2.473023,42.484729],[-2.473632,42.484729],[-2.473632,42.48428]]]}},{"type":"Feature","properties":{"gridcode":1,"label_es":"Bajo","label_en":"Low"},"geometry":{"type":"Polygon","coordinates":[[[-2.484591,42.484729],[-2.483982,42.484729],[-2.483982,42.485178],[-2.484591,42.485178],[-2.484591,42.484729]]]}},{"type":"Feature","properties":{"gridcode":1,"label_es":"Bajo","label_en":"Low"},"geometry":{"type":"Polygon","coordinates":[[[-2.477894,42.48428],[-2.477285,42.48428],[-2.477285,42.484729],[-2.477894,42.484729],[-2.477894,42.48428]]]}},{"type":"Feature","properties":{"gridcode":1,"label_es":"Bajo","label_en":"Low"},"geometry":{"type":"Polygon","coordinates":[[[-2.473023,42.48428],[-2.472414,42.48428],[-2.472414,42.484729],[-2.473023,42.484729],[-2.473023,42.48428]]]}},{"type":"Feature","properties":{"gridcode":1,"label_es":"Bajo","label_en":"Low"},"geometry":{"type":"Polygon","coordinates":[[[-2.484591,42.48428],[-2.483982,42.48428],[-2.483982,42.484729],[-2.484591,42.484729],[-2.484591,42.48428]]]}},{"type":"Feature","properties":{"gridcode":1,"label_es":"Bajo","label_en":"Low"},"geometry":{"type":"Polygon","coordinates":[[[-2.476067,42.48428],[-2.475459,42.48428],[-2.475459,42.484729],[-2.476067,42.484729],[-2.476067,42.48428]]]}},{"type":"Feature","properties":{"gridcode":1,"label_es":"Bajo","label_en":"Low"},"geometry":{"type":"Polygon","coordinates":[[[-2.476676,42.48428],[-2.476067,42.48428],[-2.476067,42.484729],[-2.476676,42.484729],[-2.476676,42.48428]]]}},{"type":"Feature","properties":{"gridcode":2,"label_es":"Medio","label_en":"Medium"},"geometry":{"type":"Polygon","coordinates":[[[-2.475459,42.48428],[-2.47485,42.48428],[-2.47485,42.484729],[-2.475459,42.484729],[-2.475459,42.48428]]]}},{"type":"Feature","properties":{"gridcode":1,"label_es":"Bajo","label_en":"Low"},"geometry":{"type":"Polygon","coordinates":[[[-2.474241,42.48428],[-2.473632,42.48428],[-2.473632,42.484729],[-2.474241,42.484729],[-2.474241,42.48428]]]}},{"type":"Feature","properties":{"gridcode":1,"label_es":"Bajo","label_en":"Low"},"geometry":{"type":"Polygon","coordinates":[[[-2.483982,42.48428],[-2.483373,42.48428],[-2.483373,42.484729],[-2.483982,42.484729],[-2.483982,42.48428]]]}},{"type":"Feature","properties":{"gridcode":3,"label_es":"Alto","label_en":"High"},"geometry":{"type":"Polygon","coordinates":[[[-2.469979,42.48428],[-2.46937,42.48428],[-2.46937,42.484729],[-2.469979,42.484729],[-2.469979,42.48428]]]}},{"type":"Feature","properties":{"gridcode":2,"label_es":"Medio","label_en":"Medium"},"geometry":{"type":"Polygon","coordinates":[[[-2.478503,42.48428],[-2.477894,42.48428],[-2.477894,42.484729],[-2.478503,42.484729],[-2.478503,42.48428]]]}},{"type":"Feature","properties":{"gridcode":2,"label_es":"Medio","label_en":"Medium"},"geometry":{"type":"Polygon","coordinates":[[[-2.472414,42.48428],[-2.471806,42.48428],[-2.471806,42.484729],[-2.472414,42.484729],[-2.472414,42.48428]]]}},{"type":"Feature","properties":{"gridcode":3,"label_es":"Alto","label_en":"High"},"geometry":{"type":"Polygon","coordinates":[[[-2.444409,42.48383],[-2.4438,42.48383],[-2.4438,42.48428],[-2.444409,42.48428],[-2.444409,42.48383]]]}},{"type":"Feature","properties":{"gridcode":2,"label_es":"Medio","label_en":"Medium"},"geometry":{"type":"Polygon","coordinates":[[[-2.445018,42.48383],[-2.444409,42.48383],[-2.444409,42.48428],[-2.445018,42.48428],[-2.445018,42.48383]]]}},{"type":"Feature","properties":{"gridcode":2,"label_es":"Medio","label_en":"Medium"},"geometry":{"type":"Polygon","coordinates":[[[-2.47485,42.48383],[-2.474241,42.48383],[-2.474241,42.48428],[-2.47485,42.48428],[-2.47485,42.48383]]]}},{"type":"Feature","properties":{"gridcode":2,"label_es":"Medio","label_en":"Medium"},"geometry":{"type":"Polygon","coordinates":[[[-2.445626,42.48383],[-2.445018,42.48383],[-2.445018,42.48428],[-2.445626,42.48428],[-2.445626,42.48383]]]}},{"type":"Feature","properties":{"gridcode":2,"label_es":"Medio","label_en":"Medium"},"geometry":{"type":"Polygon","coordinates":[[[-2.476067,42.48383],[-2.475459,42.48383],[-2.475459,42.48428],[-2.476067,42.48428],[-2.476067,42.48383]]]}},{"type":"Feature","properties":{"gridcode":2,"label_es":"Medio","label_en":"Medium"},"geometry":{"type":"Polygon","coordinates":[[[-2.478503,42.48383],[-2.477894,42.48383],[-2.477894,42.48428],[-2.478503,42.48428],[-2.478503,42.48383]]]}},{"type":"Feature","properties":{"gridcode":1,"label_es":"Bajo","label_en":"Low"},"geometry":{"type":"Polygon","coordinates":[[[-2.471806,42.48383],[-2.471197,42.48383],[-2.471197,42.48428],[-2.471806,42.48428],[-2.471806,42.48383]]]}},{"type":"Feature","properties":{"gridcode":1,"label_es":"Bajo","label_en":"Low"},"geometry":{"type":"Polygon","coordinates":[[[-2.474241,42.48383],[-2.473632,42.48383],[-2.473632,42.48428],[-2.474241,42.48428],[-2.474241,42.48383]]]}},{"type":"Feature","properties":{"gridcode":1,"label_es":"Bajo","label_en":"Low"},"geometry":{"type":"Polygon","coordinates":[[[-2.472414,42.48383],[-2.471806,42.48383],[-2.471806,42.48428],[-2.472414,42.48428],[-2.472414,42.48383]]]}},{"type":"Feature","properties":{"gridcode":1,"label_es":"Bajo","label_en":"Low"},"geometry":{"type":"Polygon","coordinates":[[[-2.482764,42.48383],[-2.482156,42.48383],[-2.482156,42.48428],[-2.482764,42.48428],[-2.482764,42.48383]]]}},{"type":"Feature","properties":{"gridcode":1,"label_es":"Bajo","label_en":"Low"},"geometry":{"type":"Polygon","coordinates":[[[-2.483373,42.48383],[-2.482764,42.48383],[-2.482764,42.48428],[-2.483373,42.48428],[-2.483373,42.48383]]]}},{"type":"Feature","properties":{"gridcode":1,"label_es":"Bajo","label_en":"Low"},"geometry":{"type":"Polygon","coordinates":[[[-2.481547,42.48383],[-2.480938,42.48383],[-2.480938,42.48428],[-2.481547,42.48428],[-2.481547,42.48383]]]}},{"type":"Feature","properties":{"gridcode":1,"label_es":"Bajo","label_en":"Low"},"geometry":{"type":"Polygon","coordinates":[[[-2.480329,42.48383],[-2.47972,42.48383],[-2.47972,42.48428],[-2.480329,42.48428],[-2.480329,42.48383]]]}},{"type":"Feature","properties":{"gridcode":2,"label_es":"Medio","label_en":"Medium"},"geometry":{"type":"Polygon","coordinates":[[[-2.46937,42.48428],[-2.468762,42.48428],[-2.468762,42.484729],[-2.46937,42.484729],[-2.46937,42.48428]]]}},{"type":"Feature","properties":{"gridcode":2,"label_es":"Medio","label_en":"Medium"},"geometry":{"type":"Polygon","coordinates":[[[-2.468762,42.48383],[-2.468153,42.48383],[-2.468153,42.48428],[-2.468762,42.48428],[-2.468762,42.48383]]]}},{"type":"Feature","properties":{"gridcode":1,"label_es":"Bajo","label_en":"Low"},"geometry":{"type":"Polygon","coordinates":[[[-2.47972,42.48383],[-2.479111,42.48383],[-2.479111,42.48428],[-2.47972,42.48428],[-2.47972,42.48383]]]}},{"type":"Feature","properties":{"gridcode":1,"label_es":"Bajo","label_en":"Low"},"geometry":{"type":"Polygon","coordinates":[[[-2.482156,42.48383],[-2.481547,42.48383],[-2.481547,42.48428],[-2.482156,42.48428],[-2.482156,42.48383]]]}},{"type":"Feature","properties":{"gridcode":2,"label_es":"Medio","label_en":"Medium"},"geometry":{"type":"Polygon","coordinates":[[[-2.473632,42.48383],[-2.473023,42.48383],[-2.473023,42.48428],[-2.473632,42.48428],[-2.473632,42.48383]]]}},{"type":"Feature","properties":{"gridcode":1,"label_es":"Bajo","label_en":"Low"},"geometry":{"type":"Polygon","coordinates":[[[-2.471197,42.48383],[-2.470588,42.48383],[-2.470588,42.48428],[-2.471197,42.48428],[-2.471197,42.48383]]]}},{"type":"Feature","properties":{"gridcode":2,"label_es":"Medio","label_en":"Medium"},"geometry":{"type":"Polygon","coordinates":[[[-2.475459,42.48383],[-2.47485,42.48383],[-2.47485,42.48428],[-2.475459,42.48428],[-2.475459,42.48383]]]}},{"type":"Feature","properties":{"gridcode":1,"label_es":"Bajo","label_en":"Low"},"geometry":{"type":"Polygon","coordinates":[[[-2.480938,42.48383],[-2.480329,42.48383],[-2.480329,42.48428],[-2.480938,42.48428],[-2.480938,42.48383]]]}},{"type":"Feature","properties":{"gridcode":2,"label_es":"Medio","label_en":"Medium"},"geometry":{"type":"Polygon","coordinates":[[[-2.468762,42.483381],[-2.468153,42.483381],[-2.468153,42.48383],[-2.468762,42.48383],[-2.468762,42.483381]]]}},{"type":"Feature","properties":{"gridcode":4,"label_es":"Muy alto","label_en":"Very high"},"geometry":{"type":"Polygon","coordinates":[[[-2.445018,42.483381],[-2.444409,42.483381],[-2.444409,42.48383],[-2.445018,42.48383],[-2.445018,42.483381]]]}},{"type":"Feature","properties":{"gridcode":2,"label_es":"Medio","label_en":"Medium"},"geometry":{"type":"Polygon","coordinates":[[[-2.476067,42.483381],[-2.475459,42.483381],[-2.475459,42.48383],[-2.476067,42.48383],[-2.476067,42.483381]]]}},{"type":"Feature","properties":{"gridcode":1,"label_es":"Bajo","label_en":"Low"},"geometry":{"type":"Polygon","coordinates":[[[-2.473632,42.483381],[-2.473023,42.483381],[-2.473023,42.48383],[-2.473632,42.48383],[-2.473632,42.483381]]]}},{"type":"Feature","properties":{"gridcode":1,"label_es":"Bajo","label_en":"Low"},"geometry":{"type":"Polygon","coordinates":[[[-2.473023,42.483381],[-2.472414,42.483381],[-2.472414,42.48383],[-2.473023,42.48383],[-2.473023,42.483381]]]}},{"type":"Feature","properties":{"gridcode":1,"label_es":"Bajo","label_en":"Low"},"geometry":{"type":"Polygon","coordinates":[[[-2.474241,42.483381],[-2.473632,42.483381],[-2.473632,42.48383],[-2.474241,42.48383],[-2.474241,42.483381]]]}},{"type":"Feature","properties":{"gridcode":2,"label_es":"Medio","label_en":"Medium"},"geometry":{"type":"Polygon","coordinates":[[[-2.468153,42.483381],[-2.467544,42.483381],[-2.467544,42.48383],[-2.468153,42.48383],[-2.468153,42.483381]]]}},{"type":"Feature","properties":{"gridcode":1,"label_es":"Bajo","label_en":"Low"},"geometry":{"type":"Polygon","coordinates":[[[-2.479111,42.483381],[-2.478503,42.483381],[-2.478503,42.48383],[-2.479111,42.48383],[-2.479111,42.483381]]]}},{"type":"Feature","properties":{"gridcode":1,"label_es":"Bajo","label_en":"Low"},"geometry":{"type":"Polygon","coordinates":[[[-2.470588,42.483381],[-2.469979,42.483381],[-2.469979,42.48383],[-2.470588,42.48383],[-2.470588,42.483381]]]}},{"type":"Feature","properties":{"gridcode":1,"label_es":"Bajo","label_en":"Low"},"geometry":{"type":"Polygon","coordinates":[[[-2.478503,42.483381],[-2.477894,42.483381],[-2.477894,42.48383],[-2.478503,42.48383],[-2.478503,42.483381]]]}},{"type":"Feature","properties":{"gridcode":1,"label_es":"Bajo","label_en":"Low"},"geometry":{"type":"Polygon","coordinates":[[[-2.47972,42.483381],[-2.479111,42.483381],[-2.479111,42.48383],[-2.47972,42.48383],[-2.47972,42.483381]]]}},{"type":"Feature","properties":{"gridcode":2,"label_es":"Medio","label_en":"Medium"},"geometry":{"type":"Polygon","coordinates":[[[-2.467544,42.483381],[-2.466935,42.483381],[-2.466935,42.48383],[-2.467544,42.48383],[-2.467544,42.483381]]]}},{"type":"Feature","properties":{"gridcode":2,"label_es":"Medio","label_en":"Medium"},"geometry":{"type":"Polygon","coordinates":[[[-2.472414,42.483381],[-2.471806,42.483381],[-2.471806,42.48383],[-2.472414,42.48383],[-2.472414,42.483381]]]}},{"type":"Feature","properties":{"gridcode":2,"label_es":"Medio","label_en":"Medium"},"geometry":{"type":"Polygon","coordinates":[[[-2.466935,42.483381],[-2.466326,42.483381],[-2.466326,42.48383],[-2.466935,42.48383],[-2.466935,42.483381]]]}},{"type":"Feature","properties":{"gridcode":2,"label_es":"Medio","label_en":"Medium"},"geometry":{"type":"Polygon","coordinates":[[[-2.445018,42.482932],[-2.444409,42.482932],[-2.444409,42.483381],[-2.445018,42.483381],[-2.445018,42.482932]]]}},{"type":"Feature","properties":{"gridcode":1,"label_es":"Bajo","label_en":"Low"},"geometry":{"type":"Polygon","coordinates":[[[-2.477894,42.483381],[-2.477285,42.483381],[-2.477285,42.48383],[-2.477894,42.48383],[-2.477894,42.483381]]]}},{"type":"Feature","properties":{"gridcode":2,"label_es":"Medio","label_en":"Medium"},"geometry":{"type":"Polygon","coordinates":[[[-2.466935,42.482932],[-2.466326,42.482932],[-2.466326,42.483381],[-2.466935,42.483381],[-2.466935,42.482932]]]}},{"type":"Feature","properties":{"gridcode":2,"label_es":"Medio","label_en":"Medium"},"geometry":{"type":"Polygon","coordinates":[[[-2.469979,42.482932],[-2.46937,42.482932],[-2.46937,42.483381],[-2.469979,42.483381],[-2.469979,42.482932]]]}},{"type":"Feature","properties":{"gridcode":2,"label_es":"Medio","label_en":"Medium"},"geometry":{"type":"Polygon","coordinates":[[[-2.444409,42.482932],[-2.4438,42.482932],[-2.4438,42.483381],[-2.444409,42.483381],[-2.444409,42.482932]]]}},{"type":"Feature","properties":{"gridcode":1,"label_es":"Bajo","label_en":"Low"},"geometry":{"type":"Polygon","coordinates":[[[-2.477894,42.482932],[-2.477285,42.482932],[-2.477285,42.483381],[-2.477894,42.483381],[-2.477894,42.482932]]]}},{"type":"Feature","properties":{"gridcode":1,"label_es":"Bajo","label_en":"Low"},"geometry":{"type":"Polygon","coordinates":[[[-2.475459,42.482932],[-2.47485,42.482932],[-2.47485,42.483381],[-2.475459,42.483381],[-2.475459,42.482932]]]}},{"type":"Feature","properties":{"gridcode":2,"label_es":"Medio","label_en":"Medium"},"geometry":{"type":"Polygon","coordinates":[[[-2.471806,42.482932],[-2.471197,42.482932],[-2.471197,42.483381],[-2.471806,42.483381],[-2.471806,42.482932]]]}},{"type":"Feature","properties":{"gridcode":2,"label_es":"Medio","label_en":"Medium"},"geometry":{"type":"Polygon","coordinates":[[[-2.470588,42.482932],[-2.469979,42.482932],[-2.469979,42.483381],[-2.470588,42.483381],[-2.470588,42.482932]]]}},{"type":"Feature","properties":{"gridcode":2,"label_es":"Medio","label_en":"Medium"},"geometry":{"type":"Polygon","coordinates":[[[-2.466326,42.482932],[-2.465717,42.482932],[-2.465717,42.483381],[-2.466326,42.483381],[-2.466326,42.482932]]]}},{"type":"Feature","properties":{"gridcode":2,"label_es":"Medio","label_en":"Medium"},"geometry":{"type":"Polygon","coordinates":[[[-2.471197,42.482932],[-2.470588,42.482932],[-2.470588,42.483381],[-2.471197,42.483381],[-2.471197,42.482932]]]}},{"type":"Feature","properties":{"gridcode":1,"label_es":"Bajo","label_en":"Low"},"geometry":{"type":"Polygon","coordinates":[[[-2.46937,42.482932],[-2.468762,42.482932],[-2.468762,42.483381],[-2.46937,42.483381],[-2.46937,42.482932]]]}},{"type":"Feature","properties":{"gridcode":1,"label_es":"Bajo","label_en":"Low"},"geometry":{"type":"Polygon","coordinates":[[[-2.468762,42.482932],[-2.468153,42.482932],[-2.468153,42.483381],[-2.468762,42.483381],[-2.468762,42.482932]]]}},{"type":"Feature","properties":{"gridcode":2,"label_es":"Medio","label_en":"Medium"},"geometry":{"type":"Polygon","coordinates":[[[-2.47485,42.484729],[-2.474241,42.484729],[-2.474241,42.485178],[-2.47485,42.485178],[-2.47485,42.484729]]]}},{"type":"Feature","properties":{"gridcode":1,"label_es":"Bajo","label_en":"Low"},"geometry":{"type":"Polygon","coordinates":[[[-2.473632,42.482932],[-2.473023,42.482932],[-2.473023,42.483381],[-2.473632,42.483381],[-2.473632,42.482932]]]}},{"type":"Feature","properties":{"gridcode":2,"label_es":"Medio","label_en":"Medium"},"geometry":{"type":"Polygon","coordinates":[[[-2.466326,42.482483],[-2.465717,42.482483],[-2.465717,42.482932],[-2.466326,42.482932],[-2.466326,42.482483]]]}},{"type":"Feature","properties":{"gridcode":1,"label_es":"Bajo","label_en":"Low"},"geometry":{"type":"Polygon","coordinates":[[[-2.468762,42.482483],[-2.468153,42.482483],[-2.468153,42.482932],[-2.468762,42.482932],[-2.468762,42.482483]]]}},{"type":"Feature","properties":{"gridcode":3,"label_es":"Alto","label_en":"High"},"geometry":{"type":"Polygon","coordinates":[[[-2.445018,42.482483],[-2.444409,42.482483],[-2.444409,42.482932],[-2.445018,42.482932],[-2.445018,42.482483]]]}},{"type":"Feature","properties":{"gridcode":1,"label_es":"Bajo","label_en":"Low"},"geometry":{"type":"Polygon","coordinates":[[[-2.473632,42.482483],[-2.473023,42.482483],[-2.473023,42.482932],[-2.473632,42.482932],[-2.473632,42.482483]]]}},{"type":"Feature","properties":{"gridcode":2,"label_es":"Medio","label_en":"Medium"},"geometry":{"type":"Polygon","coordinates":[[[-2.473023,42.482483],[-2.472414,42.482483],[-2.472414,42.482932],[-2.473023,42.482932],[-2.473023,42.482483]]]}},{"type":"Feature","properties":{"gridcode":2,"label_es":"Medio","label_en":"Medium"},"geometry":{"type":"Polygon","coordinates":[[[-2.444409,42.482483],[-2.4438,42.482483],[-2.4438,42.482932],[-2.444409,42.482932],[-2.444409,42.482483]]]}},{"type":"Feature","properties":{"gridcode":2,"label_es":"Medio","label_en":"Medium"},"geometry":{"type":"Polygon","coordinates":[[[-2.465717,42.482483],[-2.465109,42.482483],[-2.465109,42.482932],[-2.465717,42.482932],[-2.465717,42.482483]]]}},{"type":"Feature","properties":{"gridcode":1,"label_es":"Bajo","label_en":"Low"},"geometry":{"type":"Polygon","coordinates":[[[-2.474241,42.482483],[-2.473632,42.482483],[-2.473632,42.482932],[-2.474241,42.482932],[-2.474241,42.482483]]]}},{"type":"Feature","properties":{"gridcode":1,"label_es":"Bajo","label_en":"Low"},"geometry":{"type":"Polygon","coordinates":[[[-2.476676,42.482932],[-2.476067,42.482932],[-2.476067,42.483381],[-2.476676,42.483381],[-2.476676,42.482932]]]}},{"type":"Feature","properties":{"gridcode":1,"label_es":"Bajo","label_en":"Low"},"geometry":{"type":"Polygon","coordinates":[[[-2.476067,42.482483],[-2.475459,42.482483],[-2.475459,42.482932],[-2.476067,42.482932],[-2.476067,42.482483]]]}},{"type":"Feature","properties":{"gridcode":1,"label_es":"Bajo","label_en":"Low"},"geometry":{"type":"Polygon","coordinates":[[[-2.475459,42.482483],[-2.47485,42.482483],[-2.47485,42.482932],[-2.475459,42.482932],[-2.475459,42.482483]]]}},{"type":"Feature","properties":{"gridcode":3,"label_es":"Alto","label_en":"High"},"geometry":{"type":"Polygon","coordinates":[[[-2.444409,42.482034],[-2.4438,42.482034],[-2.4438,42.482483],[-2.444409,42.482483],[-2.444409,42.482034]]]}},{"type":"Feature","properties":{"gridcode":3,"label_es":"Alto","label_en":"High"},"geometry":{"type":"Polygon","coordinates":[[[-2.4438,42.482034],[-2.443191,42.482034],[-2.443191,42.482483],[-2.4438,42.482483],[-2.4438,42.482034]]]}},{"type":"Feature","properties":{"gridcode":2,"label_es":"Medio","label_en":"Medium"},"geometry":{"type":"Polygon","coordinates":[[[-2.465109,42.482483],[-2.4645,42.482483],[-2.4645,42.482932],[-2.465109,42.482932],[-2.465109,42.482483]]]}},{"type":"Feature","properties":{"gridcode":2,"label_es":"Medio","label_en":"Medium"},"geometry":{"type":"Polygon","coordinates":[[[-2.465109,42.482034],[-2.4645,42.482034],[-2.4645,42.482483],[-2.465109,42.482483],[-2.465109,42.482034]]]}},{"type":"Feature","properties":{"gridcode":1,"label_es":"Bajo","label_en":"Low"},"geometry":{"type":"Polygon","coordinates":[[[-2.47485,42.482034],[-2.474241,42.482034],[-2.474241,42.482483],[-2.47485,42.482483],[-2.47485,42.482034]]]}},{"type":"Feature","properties":{"gridcode":2,"label_es":"Medio","label_en":"Medium"},"geometry":{"type":"Polygon","coordinates":[[[-2.469979,42.482034],[-2.46937,42.482034],[-2.46937,42.482483],[-2.469979,42.482483],[-2.469979,42.482034]]]}},{"type":"Feature","properties":{"gridcode":2,"label_es":"Medio","label_en":"Medium"},"geometry":{"type":"Polygon","coordinates":[[[-2.477894,42.48383],[-2.477285,42.48383],[-2.477285,42.48428],[-2.477894,42.48428],[-2.477894,42.48383]]]}},{"type":"Feature","properties":{"gridcode":2,"label_es":"Medio","label_en":"Medium"},"geometry":{"type":"Polygon","coordinates":[[[-2.4438,42.481585],[-2.443191,42.481585],[-2.443191,42.482034],[-2.4438,42.482034],[-2.4438,42.481585]]]}},{"type":"Feature","properties":{"gridcode":2,"label_es":"Medio","label_en":"Medium"},"geometry":{"type":"Polygon","coordinates":[[[-2.444409,42.481585],[-2.4438,42.481585],[-2.4438,42.482034],[-2.444409,42.482034],[-2.444409,42.481585]]]}},{"type":"Feature","properties":{"gridcode":2,"label_es":"Medio","label_en":"Medium"},"geometry":{"type":"Polygon","coordinates":[[[-2.46937,42.482034],[-2.468762,42.482034],[-2.468762,42.482483],[-2.46937,42.482483],[-2.46937,42.482034]]]}},{"type":"Feature","properties":{"gridcode":2,"label_es":"Medio","label_en":"Medium"},"geometry":{"type":"Polygon","coordinates":[[[-2.443191,42.481585],[-2.442582,42.481585],[-2.442582,42.482034],[-2.443191,42.482034],[-2.443191,42.481585]]]}},{"type":"Feature","properties":{"gridcode":1,"label_es":"Bajo","label_en":"Low"},"geometry":{"type":"Polygon","coordinates":[[[-2.46937,42.481585],[-2.468762,42.481585],[-2.468762,42.482034],[-2.46937,42.482034],[-2.46937,42.481585]]]}},{"type":"Feature","properties":{"gridcode":3,"label_es":"Alto","label_en":"High"},"geometry":{"type":"Polygon","coordinates":[[[-2.4645,42.481585],[-2.463891,42.481585],[-2.463891,42.482034],[-2.4645,42.482034],[-2.4645,42.481585]]]}},{"type":"Feature","properties":{"gridcode":2,"label_es":"Medio","label_en":"Medium"},"geometry":{"type":"Polygon","coordinates":[[[-2.466935,42.481585],[-2.466326,42.481585],[-2.466326,42.482034],[-2.466935,42.482034],[-2.466935,42.481585]]]}},{"type":"Feature","properties":{"gridcode":3,"label_es":"Alto","label_en":"High"},"geometry":{"type":"Polygon","coordinates":[[[-2.442582,42.481135],[-2.441974,42.481135],[-2.441974,42.481585],[-2.442582,42.481585],[-2.442582,42.481135]]]}},{"type":"Feature","properties":{"gridcode":2,"label_es":"Medio","label_en":"Medium"},"geometry":{"type":"Polygon","coordinates":[[[-2.4438,42.481135],[-2.443191,42.481135],[-2.443191,42.481585],[-2.4438,42.481585],[-2.4438,42.481135]]]}},{"type":"Feature","properties":{"gridcode":3,"label_es":"Alto","label_en":"High"},"geometry":{"type":"Polygon","coordinates":[[[-2.443191,42.481135],[-2.442582,42.481135],[-2.442582,42.481585],[-2.443191,42.481585],[-2.443191,42.481135]]]}},{"type":"Feature","properties":{"gridcode":1,"label_es":"Bajo","label_en":"Low"},"geometry":{"type":"Polygon","coordinates":[[[-2.468153,42.481135],[-2.467544,42.481135],[-2.467544,42.481585],[-2.468153,42.481585],[-2.468153,42.481135]]]}},{"type":"Feature","properties":{"gridcode":1,"label_es":"Bajo","label_en":"Low"},"geometry":{"type":"Polygon","coordinates":[[[-2.466935,42.481135],[-2.466326,42.481135],[-2.466326,42.481585],[-2.466935,42.481585],[-2.466935,42.481135]]]}},{"type":"Feature","properties":{"gridcode":2,"label_es":"Medio","label_en":"Medium"},"geometry":{"type":"Polygon","coordinates":[[[-2.472414,42.481135],[-2.471806,42.481135],[-2.471806,42.481585],[-2.472414,42.481585],[-2.472414,42.481135]]]}},{"type":"Feature","properties":{"gridcode":2,"label_es":"Medio","label_en":"Medium"},"geometry":{"type":"Polygon","coordinates":[[[-2.471197,42.481135],[-2.470588,42.481135],[-2.470588,42.481585],[-2.471197,42.481585],[-2.471197,42.481135]]]}},{"type":"Feature","properties":{"gridcode":2,"label_es":"Medio","label_en":"Medium"},"geometry":{"type":"Polygon","coordinates":[[[-2.443191,42.480686],[-2.442582,42.480686],[-2.442582,42.481135],[-2.443191,42.481135],[-2.443191,42.480686]]]}},{"type":"Feature","properties":{"gridcode":2,"label_es":"Medio","label_en":"Medium"},"geometry":{"type":"Polygon","coordinates":[[[-2.471806,42.481135],[-2.471197,42.481135],[-2.471197,42.481585],[-2.471806,42.481585],[-2.471806,42.481135]]]}},{"type":"Feature","properties":{"gridcode":3,"label_es":"Alto","label_en":"High"},"geometry":{"type":"Polygon","coordinates":[[[-2.4438,42.480686],[-2.443191,42.480686],[-2.443191,42.481135],[-2.4438,42.481135],[-2.4438,42.480686]]]}},{"type":"Feature","properties":{"gridcode":1,"label_es":"Bajo","label_en":"Low"},"geometry":{"type":"Polygon","coordinates":[[[-2.466326,42.481135],[-2.465717,42.481135],[-2.465717,42.481585],[-2.466326,42.481585],[-2.466326,42.481135]]]}},{"type":"Feature","properties":{"gridcode":2,"label_es":"Medio","label_en":"Medium"},"geometry":{"type":"Polygon","coordinates":[[[-2.471806,42.480686],[-2.471197,42.480686],[-2.471197,42.481135],[-2.471806,42.481135],[-2.471806,42.480686]]]}},{"type":"Feature","properties":{"gridcode":2,"label_es":"Medio","label_en":"Medium"},"geometry":{"type":"Polygon","coordinates":[[[-2.471197,42.480686],[-2.470588,42.480686],[-2.470588,42.481135],[-2.471197,42.481135],[-2.471197,42.480686]]]}},{"type":"Feature","properties":{"gridcode":1,"label_es":"Bajo","label_en":"Low"},"geometry":{"type":"Polygon","coordinates":[[[-2.465717,42.480686],[-2.465109,42.480686],[-2.465109,42.481135],[-2.465717,42.481135],[-2.465717,42.480686]]]}},{"type":"Feature","properties":{"gridcode":2,"label_es":"Medio","label_en":"Medium"},"geometry":{"type":"Polygon","coordinates":[[[-2.470588,42.480686],[-2.469979,42.480686],[-2.469979,42.481135],[-2.470588,42.481135],[-2.470588,42.480686]]]}},{"type":"Feature","properties":{"gridcode":2,"label_es":"Medio","label_en":"Medium"},"geometry":{"type":"Polygon","coordinates":[[[-2.442582,42.480686],[-2.441974,42.480686],[-2.441974,42.481135],[-2.442582,42.481135],[-2.442582,42.480686]]]}},{"type":"Feature","properties":{"gridcode":1,"label_es":"Bajo","label_en":"Low"},"geometry":{"type":"Polygon","coordinates":[[[-2.465109,42.480686],[-2.4645,42.480686],[-2.4645,42.481135],[-2.465109,42.481135],[-2.465109,42.480686]]]}},{"type":"Feature","properties":{"gridcode":2,"label_es":"Medio","label_en":"Medium"},"geometry":{"type":"Polygon","coordinates":[[[-2.4438,42.482483],[-2.443191,42.482483],[-2.443191,42.482932],[-2.4438,42.482932],[-2.4438,42.482483]]]}},{"type":"Feature","properties":{"gridcode":2,"label_es":"Medio","label_en":"Medium"},"geometry":{"type":"Polygon","coordinates":[[[-2.4438,42.480237],[-2.443191,42.480237],[-2.443191,42.480686],[-2.4438,42.480686],[-2.4438,42.480237]]]}},{"type":"Feature","properties":{"gridcode":3,"label_es":"Alto","label_en":"High"},"geometry":{"type":"Polygon","coordinates":[[[-2.443191,42.480237],[-2.442582,42.480237],[-2.442582,42.480686],[-2.443191,42.480686],[-2.443191,42.480237]]]}},{"type":"Feature","properties":{"gridcode":3,"label_es":"Alto","label_en":"High"},"geometry":{"type":"Polygon","coordinates":[[[-2.4438,42.483381],[-2.443191,42.483381],[-2.443191,42.48383],[-2.4438,42.48383],[-2.4438,42.483381]]]}},{"type":"Feature","properties":{"gridcode":2,"label_es":"Medio","label_en":"Medium"},"geometry":{"type":"Polygon","coordinates":[[[-2.466326,42.480237],[-2.465717,42.480237],[-2.465717,42.480686],[-2.466326,42.480686],[-2.466326,42.480237]]]}},{"type":"Feature","properties":{"gridcode":2,"label_es":"Medio","label_en":"Medium"},"geometry":{"type":"Polygon","coordinates":[[[-2.462673,42.480237],[-2.462065,42.480237],[-2.462065,42.480686],[-2.462673,42.480686],[-2.462673,42.480237]]]}},{"type":"Feature","properties":{"gridcode":1,"label_es":"Bajo","label_en":"Low"},"geometry":{"type":"Polygon","coordinates":[[[-2.471197,42.481585],[-2.470588,42.481585],[-2.470588,42.482034],[-2.471197,42.482034],[-2.471197,42.481585]]]}},{"type":"Feature","properties":{"gridcode":2,"label_es":"Medio","label_en":"Medium"},"geometry":{"type":"Polygon","coordinates":[[[-2.463282,42.481135],[-2.462673,42.481135],[-2.462673,42.481585],[-2.463282,42.481585],[-2.463282,42.481135]]]}},{"type":"Feature","properties":{"gridcode":1,"label_es":"Bajo","label_en":"Low"},"geometry":{"type":"Polygon","coordinates":[[[-2.465109,42.480237],[-2.4645,42.480237],[-2.4645,42.480686],[-2.465109,42.480686],[-2.465109,42.480237]]]}},{"type":"Feature","properties":{"gridcode":2,"label_es":"Medio","label_en":"Medium"},"geometry":{"type":"Polygon","coordinates":[[[-2.4438,42.479788],[-2.443191,42.479788],[-2.443191,42.480237],[-2.4438,42.480237],[-2.4438,42.479788]]]}},{"type":"Feature","properties":{"gridcode":3,"label_es":"Alto","label_en":"High"},"geometry":{"type":"Polygon","coordinates":[[[-2.462065,42.480237],[-2.461456,42.480237],[-2.461456,42.480686],[-2.462065,42.480686],[-2.462065,42.480237]]]}},{"type":"Feature","properties":{"gridcode":1,"label_es":"Bajo","label_en":"Low"},"geometry":{"type":"Polygon","coordinates":[[[-2.465717,42.480237],[-2.465109,42.480237],[-2.465109,42.480686],[-2.465717,42.480686],[-2.465717,42.480237]]]}},{"type":"Feature","properties":{"gridcode":3,"label_es":"Alto","label_en":"High"},"geometry":{"type":"Polygon","coordinates":[[[-2.444409,42.479788],[-2.4438,42.479788],[-2.4438,42.480237],[-2.444409,42.480237],[-2.444409,42.479788]]]}},{"type":"Feature","properties":{"gridcode":2,"label_es":"Medio","label_en":"Medium"},"geometry":{"type":"Polygon","coordinates":[[[-2.461456,42.479788],[-2.460847,42.479788],[-2.460847,42.480237],[-2.461456,42.480237],[-2.461456,42.479788]]]}},{"type":"Feature","properties":{"gridcode":2,"label_es":"Medio","label_en":"Medium"},"geometry":{"type":"Polygon","coordinates":[[[-2.465717,42.479788],[-2.465109,42.479788],[-2.465109,42.480237],[-2.465717,42.480237],[-2.465717,42.479788]]]}},{"type":"Feature","properties":{"gridcode":2,"label_es":"Medio","label_en":"Medium"},"geometry":{"type":"Polygon","coordinates":[[[-2.462065,42.479788],[-2.461456,42.479788],[-2.461456,42.480237],[-2.462065,42.480237],[-2.462065,42.479788]]]}},{"type":"Feature","properties":{"gridcode":2,"label_es":"Medio","label_en":"Medium"},"geometry":{"type":"Polygon","coordinates":[[[-2.4438,42.479339],[-2.443191,42.479339],[-2.443191,42.479788],[-2.4438,42.479788],[-2.4438,42.479339]]]}},{"type":"Feature","properties":{"gridcode":2,"label_es":"Medio","label_en":"Medium"},"geometry":{"type":"Polygon","coordinates":[[[-2.444409,42.479339],[-2.4438,42.479339],[-2.4438,42.479788],[-2.444409,42.479788],[-2.444409,42.479339]]]}},{"type":"Feature","properties":{"gridcode":2,"label_es":"Medio","label_en":"Medium"},"geometry":{"type":"Polygon","coordinates":[[[-2.465109,42.479339],[-2.4645,42.479339],[-2.4645,42.479788],[-2.465109,42.479788],[-2.465109,42.479339]]]}},{"type":"Feature","properties":{"gridcode":2,"label_es":"Medio","label_en":"Medium"},"geometry":{"type":"Polygon","coordinates":[[[-2.461456,42.479339],[-2.460847,42.479339],[-2.460847,42.479788],[-2.461456,42.479788],[-2.461456,42.479339]]]}},{"type":"Feature","properties":{"gridcode":1,"label_es":"Bajo","label_en":"Low"},"geometry":{"type":"Polygon","coordinates":[[[-2.463891,42.479339],[-2.463282,42.479339],[-2.463282,42.479788],[-2.463891,42.479788],[-2.463891,42.479339]]]}},{"type":"Feature","properties":{"gridcode":2,"label_es":"Medio","label_en":"Medium"},"geometry":{"type":"Polygon","coordinates":[[[-2.445018,42.479339],[-2.444409,42.479339],[-2.444409,42.479788],[-2.445018,42.479788],[-2.445018,42.479339]]]}},{"type":"Feature","properties":{"gridcode":1,"label_es":"Bajo","label_en":"Low"},"geometry":{"type":"Polygon","coordinates":[[[-2.465717,42.479339],[-2.465109,42.479339],[-2.465109,42.479788],[-2.465717,42.479788],[-2.465717,42.479339]]]}},{"type":"Feature","properties":{"gridcode":3,"label_es":"Alto","label_en":"High"},"geometry":{"type":"Polygon","coordinates":[[[-2.444409,42.47889],[-2.4438,42.47889],[-2.4438,42.479339],[-2.444409,42.479339],[-2.444409,42.47889]]]}},{"type":"Feature","properties":{"gridcode":2,"label_es":"Medio","label_en":"Medium"},"geometry":{"type":"Polygon","coordinates":[[[-2.445018,42.47889],[-2.444409,42.47889],[-2.444409,42.479339],[-2.445018,42.479339],[-2.445018,42.47889]]]}},{"type":"Feature","properties":{"gridcode":1,"label_es":"Bajo","label_en":"Low"},"geometry":{"type":"Polygon","coordinates":[[[-2.4645,42.479339],[-2.463891,42.479339],[-2.463891,42.479788],[-2.4645,42.479788],[-2.4645,42.479339]]]}},{"type":"Feature","properties":{"gridcode":1,"label_es":"Bajo","label_en":"Low"},"geometry":{"type":"Polygon","coordinates":[[[-2.465109,42.47889],[-2.4645,42.47889],[-2.4645,42.479339],[-2.465109,42.479339],[-2.465109,42.47889]]]}},{"type":"Feature","properties":{"gridcode":2,"label_es":"Medio","label_en":"Medium"},"geometry":{"type":"Polygon","coordinates":[[[-2.461456,42.47889],[-2.460847,42.47889],[-2.460847,42.479339],[-2.461456,42.479339],[-2.461456,42.47889]]]}},{"type":"Feature","properties":{"gridcode":2,"label_es":"Medio","label_en":"Medium"},"geometry":{"type":"Polygon","coordinates":[[[-2.460847,42.47889],[-2.460238,42.47889],[-2.460238,42.479339],[-2.460847,42.479339],[-2.460847,42.47889]]]}},{"type":"Feature","properties":{"gridcode":1,"label_es":"Bajo","label_en":"Low"},"geometry":{"type":"Polygon","coordinates":[[[-2.463891,42.47889],[-2.463282,42.47889],[-2.463282,42.479339],[-2.463891,42.479339],[-2.463891,42.47889]]]}},{"type":"Feature","properties":{"gridcode":3,"label_es":"Alto","label_en":"High"},"geometry":{"type":"Polygon","coordinates":[[[-2.462673,42.47889],[-2.462065,42.47889],[-2.462065,42.479339],[-2.462673,42.479339],[-2.462673,42.47889]]]}},{"type":"Feature","properties":{"gridcode":3,"label_es":"Alto","label_en":"High"},"geometry":{"type":"Polygon","coordinates":[[[-2.444409,42.478441],[-2.4438,42.478441],[-2.4438,42.47889],[-2.444409,42.47889],[-2.444409,42.478441]]]}},{"type":"Feature","properties":{"gridcode":2,"label_es":"Medio","label_en":"Medium"},"geometry":{"type":"Polygon","coordinates":[[[-2.460847,42.478441],[-2.460238,42.478441],[-2.460238,42.47889],[-2.460847,42.47889],[-2.460847,42.478441]]]}},{"type":"Feature","properties":{"gridcode":3,"label_es":"Alto","label_en":"High"},"geometry":{"type":"Polygon","coordinates":[[[-2.445018,42.478441],[-2.444409,42.478441],[-2.444409,42.47889],[-2.445018,42.47889],[-2.445018,42.478441]]]}},{"type":"Feature","properties":{"gridcode":2,"label_es":"Medio","label_en":"Medium"},"geometry":{"type":"Polygon","coordinates":[[[-2.462673,42.478441],[-2.462065,42.478441],[-2.462065,42.47889],[-2.462673,42.47889],[-2.462673,42.478441]]]}},{"type":"Feature","properties":{"gridcode":1,"label_es":"Bajo","label_en":"Low"},"geometry":{"type":"Polygon","coordinates":[[[-2.463891,42.478441],[-2.463282,42.478441],[-2.463282,42.47889],[-2.463891,42.47889],[-2.463891,42.478441]]]}},{"type":"Feature","properties":{"gridcode":2,"label_es":"Medio","label_en":"Medium"},"geometry":{"type":"Polygon","coordinates":[[[-2.445626,42.478441],[-2.445018,42.478441],[-2.445018,42.47889],[-2.445626,42.47889],[-2.445626,42.478441]]]}},{"type":"Feature","properties":{"gridcode":1,"label_es":"Bajo","label_en":"Low"},"geometry":{"type":"Polygon","coordinates":[[[-2.465109,42.478441],[-2.4645,42.478441],[-2.4645,42.47889],[-2.465109,42.47889],[-2.465109,42.478441]]]}},{"type":"Feature","properties":{"gridcode":1,"label_es":"Bajo","label_en":"Low"},"geometry":{"type":"Polygon","coordinates":[[[-2.4645,42.478441],[-2.463891,42.478441],[-2.463891,42.47889],[-2.4645,42.47889],[-2.4645,42.478441]]]}},{"type":"Feature","properties":{"gridcode":3,"label_es":"Alto","label_en":"High"},"geometry":{"type":"Polygon","coordinates":[[[-2.445626,42.477991],[-2.445018,42.477991],[-2.445018,42.478441],[-2.445626,42.478441],[-2.445626,42.477991]]]}},{"type":"Feature","properties":{"gridcode":2,"label_es":"Medio","label_en":"Medium"},"geometry":{"type":"Polygon","coordinates":[[[-2.445018,42.477991],[-2.444409,42.477991],[-2.444409,42.478441],[-2.445018,42.478441],[-2.445018,42.477991]]]}},{"type":"Feature","properties":{"gridcode":2,"label_es":"Medio","label_en":"Medium"},"geometry":{"type":"Polygon","coordinates":[[[-2.460238,42.477991],[-2.459629,42.477991],[-2.459629,42.478441],[-2.460238,42.478441],[-2.460238,42.477991]]]}},{"type":"Feature","properties":{"gridcode":1,"label_es":"Bajo","label_en":"Low"},"geometry":{"type":"Polygon","coordinates":[[[-2.4645,42.477991],[-2.463891,42.477991],[-2.463891,42.478441],[-2.4645,42.478441],[-2.4645,42.477991]]]}},{"type":"Feature","properties":{"gridcode":3,"label_es":"Alto","label_en":"High"},"geometry":{"type":"Polygon","coordinates":[[[-2.463282,42.477991],[-2.462673,42.477991],[-2.462673,42.478441],[-2.463282,42.478441],[-2.463282,42.477991]]]}},{"type":"Feature","properties":{"gridcode":1,"label_es":"Bajo","label_en":"Low"},"geometry":{"type":"Polygon","coordinates":[[[-2.463891,42.477991],[-2.463282,42.477991],[-2.463282,42.478441],[-2.463891,42.478441],[-2.463891,42.477991]]]}},{"type":"Feature","properties":{"gridcode":1,"label_es":"Bajo","label_en":"Low"},"geometry":{"type":"Polygon","coordinates":[[[-2.465109,42.477991],[-2.4645,42.477991],[-2.4645,42.478441],[-2.465109,42.478441],[-2.465109,42.477991]]]}},{"type":"Feature","properties":{"gridcode":2,"label_es":"Medio","label_en":"Medium"},"geometry":{"type":"Polygon","coordinates":[[[-2.460847,42.479339],[-2.460238,42.479339],[-2.460238,42.479788],[-2.460847,42.479788],[-2.460847,42.479339]]]}},{"type":"Feature","properties":{"gridcode":2,"label_es":"Medio","label_en":"Medium"},"geometry":{"type":"Polygon","coordinates":[[[-2.459629,42.477991],[-2.45902,42.477991],[-2.45902,42.478441],[-2.459629,42.478441],[-2.459629,42.477991]]]}},{"type":"Feature","properties":{"gridcode":2,"label_es":"Medio","label_en":"Medium"},"geometry":{"type":"Polygon","coordinates":[[[-2.459629,42.477542],[-2.45902,42.477542],[-2.45902,42.477991],[-2.459629,42.477991],[-2.459629,42.477542]]]}},{"type":"Feature","properties":{"gridcode":4,"label_es":"Muy alto","label_en":"Very high"},"geometry":{"type":"Polygon","coordinates":[[[-2.445018,42.477542],[-2.444409,42.477542],[-2.444409,42.477991],[-2.445018,42.477991],[-2.445018,42.477542]]]}},{"type":"Feature","properties":{"gridcode":2,"label_es":"Medio","label_en":"Medium"},"geometry":{"type":"Polygon","coordinates":[[[-2.460238,42.477542],[-2.459629,42.477542],[-2.459629,42.477991],[-2.460238,42.477991],[-2.460238,42.477542]]]}},{"type":"Feature","properties":{"gridcode":2,"label_es":"Medio","label_en":"Medium"},"geometry":{"type":"Polygon","coordinates":[[[-2.445626,42.477542],[-2.445018,42.477542],[-2.445018,42.477991],[-2.445626,42.477991],[-2.445626,42.477542]]]}},{"type":"Feature","properties":{"gridcode":1,"label_es":"Bajo","label_en":"Low"},"geometry":{"type":"Polygon","coordinates":[[[-2.462673,42.477542],[-2.462065,42.477542],[-2.462065,42.477991],[-2.462673,42.477991],[-2.462673,42.477542]]]}},{"type":"Feature","properties":{"gridcode":1,"label_es":"Bajo","label_en":"Low"},"geometry":{"type":"Polygon","coordinates":[[[-2.463891,42.477542],[-2.463282,42.477542],[-2.463282,42.477991],[-2.463891,42.477991],[-2.463891,42.477542]]]}},{"type":"Feature","properties":{"gridcode":3,"label_es":"Alto","label_en":"High"},"geometry":{"type":"Polygon","coordinates":[[[-2.445018,42.477093],[-2.444409,42.477093],[-2.444409,42.477542],[-2.445018,42.477542],[-2.445018,42.477093]]]}},{"type":"Feature","properties":{"gridcode":1,"label_es":"Bajo","label_en":"Low"},"geometry":{"type":"Polygon","coordinates":[[[-2.462673,42.477093],[-2.462065,42.477093],[-2.462065,42.477542],[-2.462673,42.477542],[-2.462673,42.477093]]]}},{"type":"Feature","properties":{"gridcode":2,"label_es":"Medio","label_en":"Medium"},"geometry":{"type":"Polygon","coordinates":[[[-2.460238,42.477093],[-2.459629,42.477093],[-2.459629,42.477542],[-2.460238,42.477542],[-2.460238,42.477093]]]}},{"type":"Feature","properties":{"gridcode":2,"label_es":"Medio","label_en":"Medium"},"geometry":{"type":"Polygon","coordinates":[[[-2.465109,42.479788],[-2.4645,42.479788],[-2.4645,42.480237],[-2.465109,42.480237],[-2.465109,42.479788]]]}},{"type":"Feature","properties":{"gridcode":3,"label_es":"Alto","label_en":"High"},"geometry":{"type":"Polygon","coordinates":[[[-2.445626,42.477093],[-2.445018,42.477093],[-2.445018,42.477542],[-2.445626,42.477542],[-2.445626,42.477093]]]}},{"type":"Feature","properties":{"gridcode":3,"label_es":"Alto","label_en":"High"},"geometry":{"type":"Polygon","coordinates":[[[-2.460847,42.477093],[-2.460238,42.477093],[-2.460238,42.477542],[-2.460847,42.477542],[-2.460847,42.477093]]]}},{"type":"Feature","properties":{"gridcode":1,"label_es":"Bajo","label_en":"Low"},"geometry":{"type":"Polygon","coordinates":[[[-2.462065,42.477093],[-2.461456,42.477093],[-2.461456,42.477542],[-2.462065,42.477542],[-2.462065,42.477093]]]}},{"type":"Feature","properties":{"gridcode":2,"label_es":"Medio","label_en":"Medium"},"geometry":{"type":"Polygon","coordinates":[[[-2.445626,42.476644],[-2.445018,42.476644],[-2.445018,42.477093],[-2.445626,42.477093],[-2.445626,42.476644]]]}},{"type":"Feature","properties":{"gridcode":2,"label_es":"Medio","label_en":"Medium"},"geometry":{"type":"Polygon","coordinates":[[[-2.451715,42.476644],[-2.451106,42.476644],[-2.451106,42.477093],[-2.451715,42.477093],[-2.451715,42.476644]]]}},{"type":"Feature","properties":{"gridcode":2,"label_es":"Medio","label_en":"Medium"},"geometry":{"type":"Polygon","coordinates":[[[-2.452323,42.476644],[-2.451715,42.476644],[-2.451715,42.477093],[-2.452323,42.477093],[-2.452323,42.476644]]]}},{"type":"Feature","properties":{"gridcode":2,"label_es":"Medio","label_en":"Medium"},"geometry":{"type":"Polygon","coordinates":[[[-2.445018,42.476644],[-2.444409,42.476644],[-2.444409,42.477093],[-2.445018,42.477093],[-2.445018,42.476644]]]}},{"type":"Feature","properties":{"gridcode":3,"label_es":"Alto","label_en":"High"},"geometry":{"type":"Polygon","coordinates":[[[-2.460847,42.476644],[-2.460238,42.476644],[-2.460238,42.477093],[-2.460847,42.477093],[-2.460847,42.476644]]]}},{"type":"Feature","properties":{"gridcode":2,"label_es":"Medio","label_en":"Medium"},"geometry":{"type":"Polygon","coordinates":[[[-2.460238,42.476644],[-2.459629,42.476644],[-2.459629,42.477093],[-2.460238,42.477093],[-2.460238,42.476644]]]}},{"type":"Feature","properties":{"gridcode":1,"label_es":"Bajo","label_en":"Low"},"geometry":{"type":"Polygon","coordinates":[[[-2.462065,42.476644],[-2.461456,42.476644],[-2.461456,42.477093],[-2.462065,42.477093],[-2.462065,42.476644]]]}},{"type":"Feature","properties":{"gridcode":4,"label_es":"Muy alto","label_en":"Very high"},"geometry":{"type":"Polygon","coordinates":[[[-2.458412,42.476644],[-2.457803,42.476644],[-2.457803,42.477093],[-2.458412,42.477093],[-2.458412,42.476644]]]}},{"type":"Feature","properties":{"gridcode":3,"label_es":"Alto","label_en":"High"},"geometry":{"type":"Polygon","coordinates":[[[-2.449888,42.476644],[-2.449279,42.476644],[-2.449279,42.477093],[-2.449888,42.477093],[-2.449888,42.476644]]]}},{"type":"Feature","properties":{"gridcode":2,"label_es":"Medio","label_en":"Medium"},"geometry":{"type":"Polygon","coordinates":[[[-2.445018,42.476195],[-2.444409,42.476195],[-2.444409,42.476644],[-2.445018,42.476644],[-2.445018,42.476195]]]}},{"type":"Feature","properties":{"gridcode":1,"label_es":"Bajo","label_en":"Low"},"geometry":{"type":"Polygon","coordinates":[[[-2.462065,42.476195],[-2.461456,42.476195],[-2.461456,42.476644],[-2.462065,42.476644],[-2.462065,42.476195]]]}},{"type":"Feature","properties":{"gridcode":4,"label_es":"Muy alto","label_en":"Very high"},"geometry":{"type":"Polygon","coordinates":[[[-2.45902,42.476195],[-2.458412,42.476195],[-2.458412,42.476644],[-2.45902,42.476644],[-2.45902,42.476195]]]}},{"type":"Feature","properties":{"gridcode":3,"label_es":"Alto","label_en":"High"},"geometry":{"type":"Polygon","coordinates":[[[-2.445626,42.476195],[-2.445018,42.476195],[-2.445018,42.476644],[-2.445626,42.476644],[-2.445626,42.476195]]]}},{"type":"Feature","properties":{"gridcode":4,"label_es":"Muy alto","label_en":"Very high"},"geometry":{"type":"Polygon","coordinates":[[[-2.451106,42.476195],[-2.450497,42.476195],[-2.450497,42.476644],[-2.451106,42.476644],[-2.451106,42.476195]]]}},{"type":"Feature","properties":{"gridcode":3,"label_es":"Alto","label_en":"High"},"geometry":{"type":"Polygon","coordinates":[[[-2.446235,42.476195],[-2.445626,42.476195],[-2.445626,42.476644],[-2.446235,42.476644],[-2.446235,42.476195]]]}},{"type":"Feature","properties":{"gridcode":3,"label_es":"Alto","label_en":"High"},"geometry":{"type":"Polygon","coordinates":[[[-2.452323,42.476195],[-2.451715,42.476195],[-2.451715,42.476644],[-2.452323,42.476644],[-2.452323,42.476195]]]}},{"type":"Feature","properties":{"gridcode":1,"label_es":"Bajo","label_en":"Low"},"geometry":{"type":"Polygon","coordinates":[[[-2.461456,42.476195],[-2.460847,42.476195],[-2.460847,42.476644],[-2.461456,42.476644],[-2.461456,42.476195]]]}},{"type":"Feature","properties":{"gridcode":3,"label_es":"Alto","label_en":"High"},"geometry":{"type":"Polygon","coordinates":[[[-2.449279,42.475746],[-2.448671,42.475746],[-2.448671,42.476195],[-2.449279,42.476195],[-2.449279,42.475746]]]}},{"type":"Feature","properties":{"gridcode":1,"label_es":"Bajo","label_en":"Low"},"geometry":{"type":"Polygon","coordinates":[[[-2.461456,42.475746],[-2.460847,42.475746],[-2.460847,42.476195],[-2.461456,42.476195],[-2.461456,42.475746]]]}},{"type":"Feature","properties":{"gridcode":2,"label_es":"Medio","label_en":"Medium"},"geometry":{"type":"Polygon","coordinates":[[[-2.445626,42.475746],[-2.445018,42.475746],[-2.445018,42.476195],[-2.445626,42.476195],[-2.445626,42.475746]]]}},{"type":"Feature","properties":{"gridcode":2,"label_es":"Medio","label_en":"Medium"},"geometry":{"type":"Polygon","coordinates":[[[-2.446235,42.475746],[-2.445626,42.475746],[-2.445626,42.476195],[-2.446235,42.476195],[-2.446235,42.475746]]]}},{"type":"Feature","properties":{"gridcode":2,"label_es":"Medio","label_en":"Medium"},"geometry":{"type":"Polygon","coordinates":[[[-2.446844,42.475746],[-2.446235,42.475746],[-2.446235,42.476195],[-2.446844,42.476195],[-2.446844,42.475746]]]}},{"type":"Feature","properties":{"gridcode":3,"label_es":"Alto","label_en":"High"},"geometry":{"type":"Polygon","coordinates":[[[-2.435277,42.475746],[-2.434668,42.475746],[-2.434668,42.476195],[-2.435277,42.476195],[-2.435277,42.475746]]]}},{"type":"Feature","properties":{"gridcode":2,"label_es":"Medio","label_en":"Medium"},"geometry":{"type":"Polygon","coordinates":[[[-2.457194,42.475746],[-2.456585,42.475746],[-2.456585,42.476195],[-2.457194,42.476195],[-2.457194,42.475746]]]}},{"type":"Feature","properties":{"gridcode":2,"label_es":"Medio","label_en":"Medium"},"geometry":{"type":"Polygon","coordinates":[[[-2.435885,42.475746],[-2.435277,42.475746],[-2.435277,42.476195],[-2.435885,42.476195],[-2.435885,42.475746]]]}},{"type":"Feature","properties":{"gridcode":3,"label_es":"Alto","label_en":"High"},"geometry":{"type":"Polygon","coordinates":[[[-2.434668,42.475746],[-2.434059,42.475746],[-2.434059,42.476195],[-2.434668,42.476195],[-2.434668,42.475746]]]}},{"type":"Feature","properties":{"gridcode":2,"label_es":"Medio","label_en":"Medium"},"geometry":{"type":"Polygon","coordinates":[[[-2.451106,42.475746],[-2.450497,42.475746],[-2.450497,42.476195],[-2.451106,42.476195],[-2.451106,42.475746]]]}},{"type":"Feature","properties":{"gridcode":2,"label_es":"Medio","label_en":"Medium"},"geometry":{"type":"Polygon","coordinates":[[[-2.436494,42.475746],[-2.435885,42.475746],[-2.435885,42.476195],[-2.436494,42.476195],[-2.436494,42.475746]]]}},{"type":"Feature","properties":{"gridcode":3,"label_es":"Alto","label_en":"High"},"geometry":{"type":"Polygon","coordinates":[[[-2.45415,42.475746],[-2.453541,42.475746],[-2.453541,42.476195],[-2.45415,42.476195],[-2.45415,42.475746]]]}},{"type":"Feature","properties":{"gridcode":2,"label_es":"Medio","label_en":"Medium"},"geometry":{"type":"Polygon","coordinates":[[[-2.444409,42.475746],[-2.4438,42.475746],[-2.4438,42.476195],[-2.444409,42.476195],[-2.444409,42.475746]]]}},{"type":"Feature","properties":{"gridcode":2,"label_es":"Medio","label_en":"Medium"},"geometry":{"type":"Polygon","coordinates":[[[-2.4438,42.475746],[-2.443191,42.475746],[-2.443191,42.476195],[-2.4438,42.476195],[-2.4438,42.475746]]]}},{"type":"Feature","properties":{"gridcode":2,"label_es":"Medio","label_en":"Medium"},"geometry":{"type":"Polygon","coordinates":[[[-2.451715,42.475746],[-2.451106,42.475746],[-2.451106,42.476195],[-2.451715,42.476195],[-2.451715,42.475746]]]}},{"type":"Feature","properties":{"gridcode":2,"label_es":"Medio","label_en":"Medium"},"geometry":{"type":"Polygon","coordinates":[[[-2.443191,42.475746],[-2.442582,42.475746],[-2.442582,42.476195],[-2.443191,42.476195],[-2.443191,42.475746]]]}},{"type":"Feature","properties":{"gridcode":2,"label_es":"Medio","label_en":"Medium"},"geometry":{"type":"Polygon","coordinates":[[[-2.442582,42.475746],[-2.441974,42.475746],[-2.441974,42.476195],[-2.442582,42.476195],[-2.442582,42.475746]]]}},{"type":"Feature","properties":{"gridcode":2,"label_es":"Medio","label_en":"Medium"},"geometry":{"type":"Polygon","coordinates":[[[-2.437103,42.475296],[-2.436494,42.475296],[-2.436494,42.475746],[-2.437103,42.475746],[-2.437103,42.475296]]]}},{"type":"Feature","properties":{"gridcode":2,"label_es":"Medio","label_en":"Medium"},"geometry":{"type":"Polygon","coordinates":[[[-2.437103,42.475746],[-2.436494,42.475746],[-2.436494,42.476195],[-2.437103,42.476195],[-2.437103,42.475746]]]}},{"type":"Feature","properties":{"gridcode":2,"label_es":"Medio","label_en":"Medium"},"geometry":{"type":"Polygon","coordinates":[[[-2.434668,42.475296],[-2.434059,42.475296],[-2.434059,42.475746],[-2.434668,42.475746],[-2.434668,42.475296]]]}},{"type":"Feature","properties":{"gridcode":2,"label_es":"Medio","label_en":"Medium"},"geometry":{"type":"Polygon","coordinates":[[[-2.456585,42.475746],[-2.455976,42.475746],[-2.455976,42.476195],[-2.456585,42.476195],[-2.456585,42.475746]]]}},{"type":"Feature","properties":{"gridcode":2,"label_es":"Medio","label_en":"Medium"},"geometry":{"type":"Polygon","coordinates":[[[-2.436494,42.475296],[-2.435885,42.475296],[-2.435885,42.475746],[-2.436494,42.475746],[-2.436494,42.475296]]]}},{"type":"Feature","properties":{"gridcode":2,"label_es":"Medio","label_en":"Medium"},"geometry":{"type":"Polygon","coordinates":[[[-2.443191,42.475296],[-2.442582,42.475296],[-2.442582,42.475746],[-2.443191,42.475746],[-2.443191,42.475296]]]}},{"type":"Feature","properties":{"gridcode":2,"label_es":"Medio","label_en":"Medium"},"geometry":{"type":"Polygon","coordinates":[[[-2.441974,42.475296],[-2.441365,42.475296],[-2.441365,42.475746],[-2.441974,42.475746],[-2.441974,42.475296]]]}},{"type":"Feature","properties":{"gridcode":1,"label_es":"Bajo","label_en":"Low"},"geometry":{"type":"Polygon","coordinates":[[[-2.462065,42.475746],[-2.461456,42.475746],[-2.461456,42.476195],[-2.462065,42.476195],[-2.462065,42.475746]]]}},{"type":"Feature","properties":{"gridcode":2,"label_es":"Medio","label_en":"Medium"},"geometry":{"type":"Polygon","coordinates":[[[-2.437712,42.475296],[-2.437103,42.475296],[-2.437103,42.475746],[-2.437712,42.475746],[-2.437712,42.475296]]]}},{"type":"Feature","properties":{"gridcode":3,"label_es":"Alto","label_en":"High"},"geometry":{"type":"Polygon","coordinates":[[[-2.434059,42.475296],[-2.43345,42.475296],[-2.43345,42.475746],[-2.434059,42.475746],[-2.434059,42.475296]]]}},{"type":"Feature","properties":{"gridcode":2,"label_es":"Medio","label_en":"Medium"},"geometry":{"type":"Polygon","coordinates":[[[-2.449888,42.475746],[-2.449279,42.475746],[-2.449279,42.476195],[-2.449888,42.476195],[-2.449888,42.475746]]]}},{"type":"Feature","properties":{"gridcode":3,"label_es":"Alto","label_en":"High"},"geometry":{"type":"Polygon","coordinates":[[[-2.449279,42.475296],[-2.448671,42.475296],[-2.448671,42.475746],[-2.449279,42.475746],[-2.449279,42.475296]]]}},{"type":"Feature","properties":{"gridcode":2,"label_es":"Medio","label_en":"Medium"},"geometry":{"type":"Polygon","coordinates":[[[-2.441365,42.475296],[-2.440756,42.475296],[-2.440756,42.475746],[-2.441365,42.475746],[-2.441365,42.475296]]]}},{"type":"Feature","properties":{"gridcode":2,"label_es":"Medio","label_en":"Medium"},"geometry":{"type":"Polygon","coordinates":[[[-2.456585,42.475296],[-2.455976,42.475296],[-2.455976,42.475746],[-2.456585,42.475746],[-2.456585,42.475296]]]}},{"type":"Feature","properties":{"gridcode":3,"label_es":"Alto","label_en":"High"},"geometry":{"type":"Polygon","coordinates":[[[-2.442582,42.475296],[-2.441974,42.475296],[-2.441974,42.475746],[-2.442582,42.475746],[-2.442582,42.475296]]]}},{"type":"Feature","properties":{"gridcode":1,"label_es":"Bajo","label_en":"Low"},"geometry":{"type":"Polygon","coordinates":[[[-2.461456,42.475296],[-2.460847,42.475296],[-2.460847,42.475746],[-2.461456,42.475746],[-2.461456,42.475296]]]}},{"type":"Feature","properties":{"gridcode":2,"label_es":"Medio","label_en":"Medium"},"geometry":{"type":"Polygon","coordinates":[[[-2.440147,42.475296],[-2.439538,42.475296],[-2.439538,42.475746],[-2.440147,42.475746],[-2.440147,42.475296]]]}},{"type":"Feature","properties":{"gridcode":2,"label_es":"Medio","label_en":"Medium"},"geometry":{"type":"Polygon","coordinates":[[[-2.440756,42.475296],[-2.440147,42.475296],[-2.440147,42.475746],[-2.440756,42.475746],[-2.440756,42.475296]]]}},{"type":"Feature","properties":{"gridcode":2,"label_es":"Medio","label_en":"Medium"},"geometry":{"type":"Polygon","coordinates":[[[-2.455976,42.475296],[-2.455368,42.475296],[-2.455368,42.475746],[-2.455976,42.475746],[-2.455976,42.475296]]]}},{"type":"Feature","properties":{"gridcode":2,"label_es":"Medio","label_en":"Medium"},"geometry":{"type":"Polygon","coordinates":[[[-2.454759,42.475296],[-2.45415,42.475296],[-2.45415,42.475746],[-2.454759,42.475746],[-2.454759,42.475296]]]}},{"type":"Feature","properties":{"gridcode":2,"label_es":"Medio","label_en":"Medium"},"geometry":{"type":"Polygon","coordinates":[[[-2.43345,42.475296],[-2.432841,42.475296],[-2.432841,42.475746],[-2.43345,42.475746],[-2.43345,42.475296]]]}},{"type":"Feature","properties":{"gridcode":2,"label_es":"Medio","label_en":"Medium"},"geometry":{"type":"Polygon","coordinates":[[[-2.455368,42.475296],[-2.454759,42.475296],[-2.454759,42.475746],[-2.455368,42.475746],[-2.455368,42.475296]]]}},{"type":"Feature","properties":{"gridcode":4,"label_es":"Muy alto","label_en":"Very high"},"geometry":{"type":"Polygon","coordinates":[[[-2.459629,42.475746],[-2.45902,42.475746],[-2.45902,42.476195],[-2.459629,42.476195],[-2.459629,42.475746]]]}},{"type":"Feature","properties":{"gridcode":2,"label_es":"Medio","label_en":"Medium"},"geometry":{"type":"Polygon","coordinates":[[[-2.439538,42.475296],[-2.438929,42.475296],[-2.438929,42.475746],[-2.439538,42.475746],[-2.439538,42.475296]]]}},{"type":"Feature","properties":{"gridcode":2,"label_es":"Medio","label_en":"Medium"},"geometry":{"type":"Polygon","coordinates":[[[-2.450497,42.475296],[-2.449888,42.475296],[-2.449888,42.475746],[-2.450497,42.475746],[-2.450497,42.475296]]]}},{"type":"Feature","properties":{"gridcode":2,"label_es":"Medio","label_en":"Medium"},"geometry":{"type":"Polygon","coordinates":[[[-2.438929,42.475296],[-2.438321,42.475296],[-2.438321,42.475746],[-2.438929,42.475746],[-2.438929,42.475296]]]}},{"type":"Feature","properties":{"gridcode":3,"label_es":"Alto","label_en":"High"},"geometry":{"type":"Polygon","coordinates":[[[-2.4438,42.475296],[-2.443191,42.475296],[-2.443191,42.475746],[-2.4438,42.475746],[-2.4438,42.475296]]]}},{"type":"Feature","properties":{"gridcode":3,"label_es":"Alto","label_en":"High"},"geometry":{"type":"Polygon","coordinates":[[[-2.432841,42.475296],[-2.432232,42.475296],[-2.432232,42.475746],[-2.432841,42.475746],[-2.432841,42.475296]]]}},{"type":"Feature","properties":{"gridcode":3,"label_es":"Alto","label_en":"High"},"geometry":{"type":"Polygon","coordinates":[[[-2.449888,42.475296],[-2.449279,42.475296],[-2.449279,42.475746],[-2.449888,42.475746],[-2.449888,42.475296]]]}},{"type":"Feature","properties":{"gridcode":2,"label_es":"Medio","label_en":"Medium"},"geometry":{"type":"Polygon","coordinates":[[[-2.432841,42.474847],[-2.432232,42.474847],[-2.432232,42.475296],[-2.432841,42.475296],[-2.432841,42.474847]]]}},{"type":"Feature","properties":{"gridcode":3,"label_es":"Alto","label_en":"High"},"geometry":{"type":"Polygon","coordinates":[[[-2.4438,42.474847],[-2.443191,42.474847],[-2.443191,42.475296],[-2.4438,42.475296],[-2.4438,42.474847]]]}},{"type":"Feature","properties":{"gridcode":3,"label_es":"Alto","label_en":"High"},"geometry":{"type":"Polygon","coordinates":[[[-2.441974,42.474847],[-2.441365,42.474847],[-2.441365,42.475296],[-2.441974,42.475296],[-2.441974,42.474847]]]}},{"type":"Feature","properties":{"gridcode":2,"label_es":"Medio","label_en":"Medium"},"geometry":{"type":"Polygon","coordinates":[[[-2.440756,42.474847],[-2.440147,42.474847],[-2.440147,42.475296],[-2.440756,42.475296],[-2.440756,42.474847]]]}},{"type":"Feature","properties":{"gridcode":2,"label_es":"Medio","label_en":"Medium"},"geometry":{"type":"Polygon","coordinates":[[[-2.438929,42.474847],[-2.438321,42.474847],[-2.438321,42.475296],[-2.438929,42.475296],[-2.438929,42.474847]]]}},{"type":"Feature","properties":{"gridcode":2,"label_es":"Medio","label_en":"Medium"},"geometry":{"type":"Polygon","coordinates":[[[-2.432232,42.474847],[-2.431624,42.474847],[-2.431624,42.475296],[-2.432232,42.475296],[-2.432232,42.474847]]]}},{"type":"Feature","properties":{"gridcode":2,"label_es":"Medio","label_en":"Medium"},"geometry":{"type":"Polygon","coordinates":[[[-2.439538,42.474847],[-2.438929,42.474847],[-2.438929,42.475296],[-2.439538,42.475296],[-2.439538,42.474847]]]}},{"type":"Feature","properties":{"gridcode":1,"label_es":"Bajo","label_en":"Low"},"geometry":{"type":"Polygon","coordinates":[[[-2.461456,42.474847],[-2.460847,42.474847],[-2.460847,42.475296],[-2.461456,42.475296],[-2.461456,42.474847]]]}},{"type":"Feature","properties":{"gridcode":4,"label_es":"Muy alto","label_en":"Very high"},"geometry":{"type":"Polygon","coordinates":[[[-2.449279,42.474847],[-2.448671,42.474847],[-2.448671,42.475296],[-2.449279,42.475296],[-2.449279,42.474847]]]}},{"type":"Feature","properties":{"gridcode":2,"label_es":"Medio","label_en":"Medium"},"geometry":{"type":"Polygon","coordinates":[[[-2.438321,42.474847],[-2.437712,42.474847],[-2.437712,42.475296],[-2.438321,42.475296],[-2.438321,42.474847]]]}},{"type":"Feature","properties":{"gridcode":2,"label_es":"Medio","label_en":"Medium"},"geometry":{"type":"Polygon","coordinates":[[[-2.440147,42.474847],[-2.439538,42.474847],[-2.439538,42.475296],[-2.440147,42.475296],[-2.440147,42.474847]]]}},{"type":"Feature","properties":{"gridcode":4,"label_es":"Muy alto","label_en":"Very high"},"geometry":{"type":"Polygon","coordinates":[[[-2.457194,42.474847],[-2.456585,42.474847],[-2.456585,42.475296],[-2.457194,42.475296],[-2.457194,42.474847]]]}},{"type":"Feature","properties":{"gridcode":2,"label_es":"Medio","label_en":"Medium"},"geometry":{"type":"Polygon","coordinates":[[[-2.431624,42.474847],[-2.431015,42.474847],[-2.431015,42.475296],[-2.431624,42.475296],[-2.431624,42.474847]]]}},{"type":"Feature","properties":{"gridcode":2,"label_es":"Medio","label_en":"Medium"},"geometry":{"type":"Polygon","coordinates":[[[-2.454759,42.474847],[-2.45415,42.474847],[-2.45415,42.475296],[-2.454759,42.475296],[-2.454759,42.474847]]]}},{"type":"Feature","properties":{"gridcode":3,"label_es":"Alto","label_en":"High"},"geometry":{"type":"Polygon","coordinates":[[[-2.452932,42.474847],[-2.452323,42.474847],[-2.452323,42.475296],[-2.452932,42.475296],[-2.452932,42.474847]]]}},{"type":"Feature","properties":{"gridcode":2,"label_es":"Medio","label_en":"Medium"},"geometry":{"type":"Polygon","coordinates":[[[-2.448062,42.474847],[-2.447453,42.474847],[-2.447453,42.475296],[-2.448062,42.475296],[-2.448062,42.474847]]]}},{"type":"Feature","properties":{"gridcode":2,"label_es":"Medio","label_en":"Medium"},"geometry":{"type":"Polygon","coordinates":[[[-2.448671,42.474847],[-2.448062,42.474847],[-2.448062,42.475296],[-2.448671,42.475296],[-2.448671,42.474847]]]}},{"type":"Feature","properties":{"gridcode":3,"label_es":"Alto","label_en":"High"},"geometry":{"type":"Polygon","coordinates":[[[-2.447453,42.474847],[-2.446844,42.474847],[-2.446844,42.475296],[-2.447453,42.475296],[-2.447453,42.474847]]]}},{"type":"Feature","properties":{"gridcode":2,"label_es":"Medio","label_en":"Medium"},"geometry":{"type":"Polygon","coordinates":[[[-2.456585,42.474847],[-2.455976,42.474847],[-2.455976,42.475296],[-2.456585,42.475296],[-2.456585,42.474847]]]}},{"type":"Feature","properties":{"gridcode":2,"label_es":"Medio","label_en":"Medium"},"geometry":{"type":"Polygon","coordinates":[[[-2.431624,42.474398],[-2.431015,42.474398],[-2.431015,42.474847],[-2.431624,42.474847],[-2.431624,42.474398]]]}},{"type":"Feature","properties":{"gridcode":2,"label_es":"Medio","label_en":"Medium"},"geometry":{"type":"Polygon","coordinates":[[[-2.449888,42.474847],[-2.449279,42.474847],[-2.449279,42.475296],[-2.449888,42.475296],[-2.449888,42.474847]]]}},{"type":"Feature","properties":{"gridcode":2,"label_es":"Medio","label_en":"Medium"},"geometry":{"type":"Polygon","coordinates":[[[-2.448062,42.474398],[-2.447453,42.474398],[-2.447453,42.474847],[-2.448062,42.474847],[-2.448062,42.474398]]]}},{"type":"Feature","properties":{"gridcode":2,"label_es":"Medio","label_en":"Medium"},"geometry":{"type":"Polygon","coordinates":[[[-2.448671,42.474398],[-2.448062,42.474398],[-2.448062,42.474847],[-2.448671,42.474847],[-2.448671,42.474398]]]}},{"type":"Feature","properties":{"gridcode":4,"label_es":"Muy alto","label_en":"Very high"},"geometry":{"type":"Polygon","coordinates":[[[-2.451106,42.474847],[-2.450497,42.474847],[-2.450497,42.475296],[-2.451106,42.475296],[-2.451106,42.474847]]]}},{"type":"Feature","properties":{"gridcode":3,"label_es":"Alto","label_en":"High"},"geometry":{"type":"Polygon","coordinates":[[[-2.441974,42.474398],[-2.441365,42.474398],[-2.441365,42.474847],[-2.441974,42.474847],[-2.441974,42.474398]]]}},{"type":"Feature","properties":{"gridcode":2,"label_es":"Medio","label_en":"Medium"},"geometry":{"type":"Polygon","coordinates":[[[-2.431015,42.474398],[-2.430406,42.474398],[-2.430406,42.474847],[-2.431015,42.474847],[-2.431015,42.474398]]]}},{"type":"Feature","properties":{"gridcode":4,"label_es":"Muy alto","label_en":"Very high"},"geometry":{"type":"Polygon","coordinates":[[[-2.451106,42.474398],[-2.450497,42.474398],[-2.450497,42.474847],[-2.451106,42.474847],[-2.451106,42.474398]]]}},{"type":"Feature","properties":{"gridcode":4,"label_es":"Muy alto","label_en":"Very high"},"geometry":{"type":"Polygon","coordinates":[[[-2.450497,42.474398],[-2.449888,42.474398],[-2.449888,42.474847],[-2.450497,42.474847],[-2.450497,42.474398]]]}},{"type":"Feature","properties":{"gridcode":1,"label_es":"Bajo","label_en":"Low"},"geometry":{"type":"Polygon","coordinates":[[[-2.461456,42.474398],[-2.460847,42.474398],[-2.460847,42.474847],[-2.461456,42.474847],[-2.461456,42.474398]]]}},{"type":"Feature","properties":{"gridcode":2,"label_es":"Medio","label_en":"Medium"},"geometry":{"type":"Polygon","coordinates":[[[-2.435277,42.474398],[-2.434668,42.474398],[-2.434668,42.474847],[-2.435277,42.474847],[-2.435277,42.474398]]]}},{"type":"Feature","properties":{"gridcode":2,"label_es":"Medio","label_en":"Medium"},"geometry":{"type":"Polygon","coordinates":[[[-2.454759,42.474398],[-2.45415,42.474398],[-2.45415,42.474847],[-2.454759,42.474847],[-2.454759,42.474398]]]}},{"type":"Feature","properties":{"gridcode":2,"label_es":"Medio","label_en":"Medium"},"geometry":{"type":"Polygon","coordinates":[[[-2.434668,42.474398],[-2.434059,42.474398],[-2.434059,42.474847],[-2.434668,42.474847],[-2.434668,42.474398]]]}},{"type":"Feature","properties":{"gridcode":3,"label_es":"Alto","label_en":"High"},"geometry":{"type":"Polygon","coordinates":[[[-2.446844,42.474398],[-2.446235,42.474398],[-2.446235,42.474847],[-2.446844,42.474847],[-2.446844,42.474398]]]}},{"type":"Feature","properties":{"gridcode":3,"label_es":"Alto","label_en":"High"},"geometry":{"type":"Polygon","coordinates":[[[-2.438321,42.474398],[-2.437712,42.474398],[-2.437712,42.474847],[-2.438321,42.474847],[-2.438321,42.474398]]]}},{"type":"Feature","properties":{"gridcode":3,"label_es":"Alto","label_en":"High"},"geometry":{"type":"Polygon","coordinates":[[[-2.43345,42.474398],[-2.432841,42.474398],[-2.432841,42.474847],[-2.43345,42.474847],[-2.43345,42.474398]]]}},{"type":"Feature","properties":{"gridcode":3,"label_es":"Alto","label_en":"High"},"geometry":{"type":"Polygon","coordinates":[[[-2.453541,42.474398],[-2.452932,42.474398],[-2.452932,42.474847],[-2.453541,42.474847],[-2.453541,42.474398]]]}},{"type":"Feature","properties":{"gridcode":4,"label_es":"Muy alto","label_en":"Very high"},"geometry":{"type":"Polygon","coordinates":[[[-2.457803,42.474398],[-2.457194,42.474398],[-2.457194,42.474847],[-2.457803,42.474847],[-2.457803,42.474398]]]}},{"type":"Feature","properties":{"gridcode":2,"label_es":"Medio","label_en":"Medium"},"geometry":{"type":"Polygon","coordinates":[[[-2.430406,42.474398],[-2.429797,42.474398],[-2.429797,42.474847],[-2.430406,42.474847],[-2.430406,42.474398]]]}},{"type":"Feature","properties":{"gridcode":2,"label_es":"Medio","label_en":"Medium"},"geometry":{"type":"Polygon","coordinates":[[[-2.430406,42.473949],[-2.429797,42.473949],[-2.429797,42.474398],[-2.430406,42.474398],[-2.430406,42.473949]]]}},{"type":"Feature","properties":{"gridcode":2,"label_es":"Medio","label_en":"Medium"},"geometry":{"type":"Polygon","coordinates":[[[-2.439538,42.473949],[-2.438929,42.473949],[-2.438929,42.474398],[-2.439538,42.474398],[-2.439538,42.473949]]]}},{"type":"Feature","properties":{"gridcode":4,"label_es":"Muy alto","label_en":"Very high"},"geometry":{"type":"Polygon","coordinates":[[[-2.457194,42.474398],[-2.456585,42.474398],[-2.456585,42.474847],[-2.457194,42.474847],[-2.457194,42.474398]]]}},{"type":"Feature","properties":{"gridcode":4,"label_es":"Muy alto","label_en":"Very high"},"geometry":{"type":"Polygon","coordinates":[[[-2.449888,42.473949],[-2.449279,42.473949],[-2.449279,42.474398],[-2.449888,42.474398],[-2.449888,42.473949]]]}},{"type":"Feature","properties":{"gridcode":4,"label_es":"Muy alto","label_en":"Very high"},"geometry":{"type":"Polygon","coordinates":[[[-2.448671,42.473949],[-2.448062,42.473949],[-2.448062,42.474398],[-2.448671,42.474398],[-2.448671,42.473949]]]}},{"type":"Feature","properties":{"gridcode":3,"label_es":"Alto","label_en":"High"},"geometry":{"type":"Polygon","coordinates":[[[-2.452932,42.474398],[-2.452323,42.474398],[-2.452323,42.474847],[-2.452932,42.474847],[-2.452932,42.474398]]]}},{"type":"Feature","properties":{"gridcode":1,"label_es":"Bajo","label_en":"Low"},"geometry":{"type":"Polygon","coordinates":[[[-2.460847,42.473949],[-2.460238,42.473949],[-2.460238,42.474398],[-2.460847,42.474398],[-2.460847,42.473949]]]}},{"type":"Feature","properties":{"gridcode":2,"label_es":"Medio","label_en":"Medium"},"geometry":{"type":"Polygon","coordinates":[[[-2.438929,42.473949],[-2.438321,42.473949],[-2.438321,42.474398],[-2.438929,42.474398],[-2.438929,42.473949]]]}},{"type":"Feature","properties":{"gridcode":2,"label_es":"Medio","label_en":"Medium"},"geometry":{"type":"Polygon","coordinates":[[[-2.429797,42.473949],[-2.429188,42.473949],[-2.429188,42.474398],[-2.429797,42.474398],[-2.429797,42.473949]]]}},{"type":"Feature","properties":{"gridcode":4,"label_es":"Muy alto","label_en":"Very high"},"geometry":{"type":"Polygon","coordinates":[[[-2.45902,42.473949],[-2.458412,42.473949],[-2.458412,42.474398],[-2.45902,42.474398],[-2.45902,42.473949]]]}},{"type":"Feature","properties":{"gridcode":2,"label_es":"Medio","label_en":"Medium"},"geometry":{"type":"Polygon","coordinates":[[[-2.448062,42.473949],[-2.447453,42.473949],[-2.447453,42.474398],[-2.448062,42.474398],[-2.448062,42.473949]]]}},{"type":"Feature","properties":{"gridcode":4,"label_es":"Muy alto","label_en":"Very high"},"geometry":{"type":"Polygon","coordinates":[[[-2.455976,42.473949],[-2.455368,42.473949],[-2.455368,42.474398],[-2.455976,42.474398],[-2.455976,42.473949]]]}},{"type":"Feature","properties":{"gridcode":2,"label_es":"Medio","label_en":"Medium"},"geometry":{"type":"Polygon","coordinates":[[[-2.453541,42.473949],[-2.452932,42.473949],[-2.452932,42.474398],[-2.453541,42.474398],[-2.453541,42.473949]]]}},{"type":"Feature","properties":{"gridcode":2,"label_es":"Medio","label_en":"Medium"},"geometry":{"type":"Polygon","coordinates":[[[-2.4024,42.4735],[-2.401791,42.4735],[-2.401791,42.473949],[-2.4024,42.473949],[-2.4024,42.4735]]]}},{"type":"Feature","properties":{"gridcode":2,"label_es":"Medio","label_en":"Medium"},"geometry":{"type":"Polygon","coordinates":[[[-2.429797,42.4735],[-2.429188,42.4735],[-2.429188,42.473949],[-2.429797,42.473949],[-2.429797,42.4735]]]}},{"type":"Feature","properties":{"gridcode":2,"label_es":"Medio","label_en":"Medium"},"geometry":{"type":"Polygon","coordinates":[[[-2.429188,42.4735],[-2.42858,42.4735],[-2.42858,42.473949],[-2.429188,42.473949],[-2.429188,42.4735]]]}},{"type":"Feature","properties":{"gridcode":3,"label_es":"Alto","label_en":"High"},"geometry":{"type":"Polygon","coordinates":[[[-2.455976,42.4735],[-2.455368,42.4735],[-2.455368,42.473949],[-2.455976,42.473949],[-2.455976,42.4735]]]}},{"type":"Feature","properties":{"gridcode":1,"label_es":"Bajo","label_en":"Low"},"geometry":{"type":"Polygon","coordinates":[[[-2.460847,42.4735],[-2.460238,42.4735],[-2.460238,42.473949],[-2.460847,42.473949],[-2.460847,42.4735]]]}},{"type":"Feature","properties":{"gridcode":3,"label_es":"Alto","label_en":"High"},"geometry":{"type":"Polygon","coordinates":[[[-2.436494,42.4735],[-2.435885,42.4735],[-2.435885,42.473949],[-2.436494,42.473949],[-2.436494,42.4735]]]}},{"type":"Feature","properties":{"gridcode":2,"label_es":"Medio","label_en":"Medium"},"geometry":{"type":"Polygon","coordinates":[[[-2.42858,42.4735],[-2.427971,42.4735],[-2.427971,42.473949],[-2.42858,42.473949],[-2.42858,42.4735]]]}},{"type":"Feature","properties":{"gridcode":4,"label_es":"Muy alto","label_en":"Very high"},"geometry":{"type":"Polygon","coordinates":[[[-2.450497,42.4735],[-2.449888,42.4735],[-2.449888,42.473949],[-2.450497,42.473949],[-2.450497,42.4735]]]}},{"type":"Feature","properties":{"gridcode":4,"label_es":"Muy alto","label_en":"Very high"},"geometry":{"type":"Polygon","coordinates":[[[-2.451106,42.4735],[-2.450497,42.4735],[-2.450497,42.473949],[-2.451106,42.473949],[-2.451106,42.4735]]]}},{"type":"Feature","properties":{"gridcode":4,"label_es":"Muy alto","label_en":"Very high"},"geometry":{"type":"Polygon","coordinates":[[[-2.4024,42.473051],[-2.401791,42.473051],[-2.401791,42.4735],[-2.4024,42.4735],[-2.4024,42.473051]]]}},{"type":"Feature","properties":{"gridcode":2,"label_es":"Medio","label_en":"Medium"},"geometry":{"type":"Polygon","coordinates":[[[-2.42858,42.473051],[-2.427971,42.473051],[-2.427971,42.4735],[-2.42858,42.4735],[-2.42858,42.473051]]]}},{"type":"Feature","properties":{"gridcode":3,"label_es":"Alto","label_en":"High"},"geometry":{"type":"Polygon","coordinates":[[[-2.431624,42.4735],[-2.431015,42.4735],[-2.431015,42.473949],[-2.431624,42.473949],[-2.431624,42.4735]]]}},{"type":"Feature","properties":{"gridcode":3,"label_es":"Alto","label_en":"High"},"geometry":{"type":"Polygon","coordinates":[[[-2.451715,42.4735],[-2.451106,42.4735],[-2.451106,42.473949],[-2.451715,42.473949],[-2.451715,42.4735]]]}},{"type":"Feature","properties":{"gridcode":4,"label_es":"Muy alto","label_en":"Very high"},"geometry":{"type":"Polygon","coordinates":[[[-2.458412,42.4735],[-2.457803,42.4735],[-2.457803,42.473949],[-2.458412,42.473949],[-2.458412,42.4735]]]}},{"type":"Feature","properties":{"gridcode":2,"label_es":"Medio","label_en":"Medium"},"geometry":{"type":"Polygon","coordinates":[[[-2.451715,42.473051],[-2.451106,42.473051],[-2.451106,42.4735],[-2.451715,42.4735],[-2.451715,42.473051]]]}},{"type":"Feature","properties":{"gridcode":3,"label_es":"Alto","label_en":"High"},"geometry":{"type":"Polygon","coordinates":[[[-2.427971,42.473051],[-2.427362,42.473051],[-2.427362,42.4735],[-2.427971,42.4735],[-2.427971,42.473051]]]}},{"type":"Feature","properties":{"gridcode":4,"label_es":"Muy alto","label_en":"Very high"},"geometry":{"type":"Polygon","coordinates":[[[-2.457803,42.4735],[-2.457194,42.4735],[-2.457194,42.473949],[-2.457803,42.473949],[-2.457803,42.4735]]]}},{"type":"Feature","properties":{"gridcode":1,"label_es":"Bajo","label_en":"Low"},"geometry":{"type":"Polygon","coordinates":[[[-2.460847,42.473051],[-2.460238,42.473051],[-2.460238,42.4735],[-2.460847,42.4735],[-2.460847,42.473051]]]}},{"type":"Feature","properties":{"gridcode":3,"label_es":"Alto","label_en":"High"},"geometry":{"type":"Polygon","coordinates":[[[-2.458412,42.473051],[-2.457803,42.473051],[-2.457803,42.4735],[-2.458412,42.4735],[-2.458412,42.473051]]]}},{"type":"Feature","properties":{"gridcode":2,"label_es":"Medio","label_en":"Medium"},"geometry":{"type":"Polygon","coordinates":[[[-2.435885,42.473051],[-2.435277,42.473051],[-2.435277,42.4735],[-2.435885,42.4735],[-2.435885,42.473051]]]}},{"type":"Feature","properties":{"gridcode":3,"label_es":"Alto","label_en":"High"},"geometry":{"type":"Polygon","coordinates":[[[-2.456585,42.473051],[-2.455976,42.473051],[-2.455976,42.4735],[-2.456585,42.4735],[-2.456585,42.473051]]]}},{"type":"Feature","properties":{"gridcode":3,"label_es":"Alto","label_en":"High"},"geometry":{"type":"Polygon","coordinates":[[[-2.437103,42.473051],[-2.436494,42.473051],[-2.436494,42.4735],[-2.437103,42.4735],[-2.437103,42.473051]]]}},{"type":"Feature","properties":{"gridcode":2,"label_es":"Medio","label_en":"Medium"},"geometry":{"type":"Polygon","coordinates":[[[-2.403009,42.473051],[-2.4024,42.473051],[-2.4024,42.4735],[-2.403009,42.4735],[-2.403009,42.473051]]]}},{"type":"Feature","properties":{"gridcode":3,"label_es":"Alto","label_en":"High"},"geometry":{"type":"Polygon","coordinates":[[[-2.401791,42.473051],[-2.401183,42.473051],[-2.401183,42.4735],[-2.401791,42.4735],[-2.401791,42.473051]]]}},{"type":"Feature","properties":{"gridcode":4,"label_es":"Muy alto","label_en":"Very high"},"geometry":{"type":"Polygon","coordinates":[[[-2.457803,42.473051],[-2.457194,42.473051],[-2.457194,42.4735],[-2.457803,42.4735],[-2.457803,42.473051]]]}},{"type":"Feature","properties":{"gridcode":2,"label_es":"Medio","label_en":"Medium"},"geometry":{"type":"Polygon","coordinates":[[[-2.441365,42.474847],[-2.440756,42.474847],[-2.440756,42.475296],[-2.441365,42.475296],[-2.441365,42.474847]]]}},{"type":"Feature","properties":{"gridcode":2,"label_es":"Medio","label_en":"Medium"},"geometry":{"type":"Polygon","coordinates":[[[-2.440756,42.473051],[-2.440147,42.473051],[-2.440147,42.4735],[-2.440756,42.4735],[-2.440756,42.473051]]]}},{"type":"Feature","properties":{"gridcode":2,"label_es":"Medio","label_en":"Medium"},"geometry":{"type":"Polygon","coordinates":[[[-2.403618,42.472602],[-2.403009,42.472602],[-2.403009,42.473051],[-2.403618,42.473051],[-2.403618,42.472602]]]}},{"type":"Feature","properties":{"gridcode":2,"label_es":"Medio","label_en":"Medium"},"geometry":{"type":"Polygon","coordinates":[[[-2.437712,42.473051],[-2.437103,42.473051],[-2.437103,42.4735],[-2.437712,42.4735],[-2.437712,42.473051]]]}},{"type":"Feature","properties":{"gridcode":3,"label_es":"Alto","label_en":"High"},"geometry":{"type":"Polygon","coordinates":[[[-2.427971,42.472602],[-2.427362,42.472602],[-2.427362,42.473051],[-2.427971,42.473051],[-2.427971,42.472602]]]}},{"type":"Feature","properties":{"gridcode":3,"label_es":"Alto","label_en":"High"},"geometry":{"type":"Polygon","coordinates":[[[-2.451106,42.473051],[-2.450497,42.473051],[-2.450497,42.4735],[-2.451106,42.4735],[-2.451106,42.473051]]]}},{"type":"Feature","properties":{"gridcode":2,"label_es":"Medio","label_en":"Medium"},"geometry":{"type":"Polygon","coordinates":[[[-2.448062,42.473051],[-2.447453,42.473051],[-2.447453,42.4735],[-2.448062,42.4735],[-2.448062,42.473051]]]}},{"type":"Feature","properties":{"gridcode":2,"label_es":"Medio","label_en":"Medium"},"geometry":{"type":"Polygon","coordinates":[[[-2.427362,42.472602],[-2.426753,42.472602],[-2.426753,42.473051],[-2.427362,42.473051],[-2.427362,42.472602]]]}},{"type":"Feature","properties":{"gridcode":3,"label_es":"Alto","label_en":"High"},"geometry":{"type":"Polygon","coordinates":[[[-2.401791,42.472602],[-2.401183,42.472602],[-2.401183,42.473051],[-2.401791,42.473051],[-2.401791,42.472602]]]}},{"type":"Feature","properties":{"gridcode":2,"label_es":"Medio","label_en":"Medium"},"geometry":{"type":"Polygon","coordinates":[[[-2.436494,42.473051],[-2.435885,42.473051],[-2.435885,42.4735],[-2.436494,42.4735],[-2.436494,42.473051]]]}},{"type":"Feature","properties":{"gridcode":2,"label_es":"Medio","label_en":"Medium"},"geometry":{"type":"Polygon","coordinates":[[[-2.404227,42.472602],[-2.403618,42.472602],[-2.403618,42.473051],[-2.404227,42.473051],[-2.404227,42.472602]]]}},{"type":"Feature","properties":{"gridcode":2,"label_es":"Medio","label_en":"Medium"},"geometry":{"type":"Polygon","coordinates":[[[-2.403618,42.473051],[-2.403009,42.473051],[-2.403009,42.4735],[-2.403618,42.4735],[-2.403618,42.473051]]]}},{"type":"Feature","properties":{"gridcode":2,"label_es":"Medio","label_en":"Medium"},"geometry":{"type":"Polygon","coordinates":[[[-2.450497,42.473051],[-2.449888,42.473051],[-2.449888,42.4735],[-2.450497,42.4735],[-2.450497,42.473051]]]}},{"type":"Feature","properties":{"gridcode":2,"label_es":"Medio","label_en":"Medium"},"geometry":{"type":"Polygon","coordinates":[[[-2.448671,42.473051],[-2.448062,42.473051],[-2.448062,42.4735],[-2.448671,42.4735],[-2.448671,42.473051]]]}},{"type":"Feature","properties":{"gridcode":2,"label_es":"Medio","label_en":"Medium"},"geometry":{"type":"Polygon","coordinates":[[[-2.431015,42.472602],[-2.430406,42.472602],[-2.430406,42.473051],[-2.431015,42.473051],[-2.431015,42.472602]]]}},{"type":"Feature","properties":{"gridcode":2,"label_es":"Medio","label_en":"Medium"},"geometry":{"type":"Polygon","coordinates":[[[-2.440756,42.472602],[-2.440147,42.472602],[-2.440147,42.473051],[-2.440756,42.473051],[-2.440756,42.472602]]]}},{"type":"Feature","properties":{"gridcode":1,"label_es":"Bajo","label_en":"Low"},"geometry":{"type":"Polygon","coordinates":[[[-2.460238,42.473051],[-2.459629,42.473051],[-2.459629,42.4735],[-2.460238,42.4735],[-2.460238,42.473051]]]}},{"type":"Feature","properties":{"gridcode":3,"label_es":"Alto","label_en":"High"},"geometry":{"type":"Polygon","coordinates":[[[-2.451106,42.472602],[-2.450497,42.472602],[-2.450497,42.473051],[-2.451106,42.473051],[-2.451106,42.472602]]]}},{"type":"Feature","properties":{"gridcode":4,"label_es":"Muy alto","label_en":"Very high"},"geometry":{"type":"Polygon","coordinates":[[[-2.458412,42.472602],[-2.457803,42.472602],[-2.457803,42.473051],[-2.458412,42.473051],[-2.458412,42.472602]]]}},{"type":"Feature","properties":{"gridcode":2,"label_es":"Medio","label_en":"Medium"},"geometry":{"type":"Polygon","coordinates":[[[-2.446844,42.473051],[-2.446235,42.473051],[-2.446235,42.4735],[-2.446844,42.4735],[-2.446844,42.473051]]]}},{"type":"Feature","properties":{"gridcode":2,"label_es":"Medio","label_en":"Medium"},"geometry":{"type":"Polygon","coordinates":[[[-2.446235,42.472602],[-2.445626,42.472602],[-2.445626,42.473051],[-2.446235,42.473051],[-2.446235,42.472602]]]}},{"type":"Feature","properties":{"gridcode":1,"label_es":"Bajo","label_en":"Low"},"geometry":{"type":"Polygon","coordinates":[[[-2.460238,42.472602],[-2.459629,42.472602],[-2.459629,42.473051],[-2.460238,42.473051],[-2.460238,42.472602]]]}},{"type":"Feature","properties":{"gridcode":3,"label_es":"Alto","label_en":"High"},"geometry":{"type":"Polygon","coordinates":[[[-2.395094,42.472602],[-2.394486,42.472602],[-2.394486,42.473051],[-2.395094,42.473051],[-2.395094,42.472602]]]}},{"type":"Feature","properties":{"gridcode":4,"label_es":"Muy alto","label_en":"Very high"},"geometry":{"type":"Polygon","coordinates":[[[-2.440147,42.472602],[-2.439538,42.472602],[-2.439538,42.473051],[-2.440147,42.473051],[-2.440147,42.472602]]]}},{"type":"Feature","properties":{"gridcode":2,"label_es":"Medio","label_en":"Medium"},"geometry":{"type":"Polygon","coordinates":[[[-2.435277,42.473051],[-2.434668,42.473051],[-2.434668,42.4735],[-2.435277,42.4735],[-2.435277,42.473051]]]}},{"type":"Feature","properties":{"gridcode":2,"label_es":"Medio","label_en":"Medium"},"geometry":{"type":"Polygon","coordinates":[[[-2.434668,42.472602],[-2.434059,42.472602],[-2.434059,42.473051],[-2.434668,42.473051],[-2.434668,42.472602]]]}},{"type":"Feature","properties":{"gridcode":2,"label_es":"Medio","label_en":"Medium"},"geometry":{"type":"Polygon","coordinates":[[[-2.445626,42.472602],[-2.445018,42.472602],[-2.445018,42.473051],[-2.445626,42.473051],[-2.445626,42.472602]]]}},{"type":"Feature","properties":{"gridcode":2,"label_es":"Medio","label_en":"Medium"},"geometry":{"type":"Polygon","coordinates":[[[-2.404836,42.472602],[-2.404227,42.472602],[-2.404227,42.473051],[-2.404836,42.473051],[-2.404836,42.472602]]]}},{"type":"Feature","properties":{"gridcode":3,"label_es":"Alto","label_en":"High"},"geometry":{"type":"Polygon","coordinates":[[[-2.456585,42.472602],[-2.455976,42.472602],[-2.455976,42.473051],[-2.456585,42.473051],[-2.456585,42.472602]]]}},{"type":"Feature","properties":{"gridcode":3,"label_es":"Alto","label_en":"High"},"geometry":{"type":"Polygon","coordinates":[[[-2.448671,42.472602],[-2.448062,42.472602],[-2.448062,42.473051],[-2.448671,42.473051],[-2.448671,42.472602]]]}},{"type":"Feature","properties":{"gridcode":2,"label_es":"Medio","label_en":"Medium"},"geometry":{"type":"Polygon","coordinates":[[[-2.434059,42.472602],[-2.43345,42.472602],[-2.43345,42.473051],[-2.434059,42.473051],[-2.434059,42.472602]]]}},{"type":"Feature","properties":{"gridcode":3,"label_es":"Alto","label_en":"High"},"geometry":{"type":"Polygon","coordinates":[[[-2.403618,42.472152],[-2.403009,42.472152],[-2.403009,42.472602],[-2.403618,42.472602],[-2.403618,42.472152]]]}},{"type":"Feature","properties":{"gridcode":2,"label_es":"Medio","label_en":"Medium"},"geometry":{"type":"Polygon","coordinates":[[[-2.396312,42.472152],[-2.395703,42.472152],[-2.395703,42.472602],[-2.396312,42.472602],[-2.396312,42.472152]]]}},{"type":"Feature","properties":{"gridcode":2,"label_es":"Medio","label_en":"Medium"},"geometry":{"type":"Polygon","coordinates":[[[-2.396921,42.472152],[-2.396312,42.472152],[-2.396312,42.472602],[-2.396921,42.472602],[-2.396921,42.472152]]]}},{"type":"Feature","properties":{"gridcode":2,"label_es":"Medio","label_en":"Medium"},"geometry":{"type":"Polygon","coordinates":[[[-2.39753,42.472152],[-2.396921,42.472152],[-2.396921,42.472602],[-2.39753,42.472602],[-2.39753,42.472152]]]}},{"type":"Feature","properties":{"gridcode":2,"label_es":"Medio","label_en":"Medium"},"geometry":{"type":"Polygon","coordinates":[[[-2.404836,42.472152],[-2.404227,42.472152],[-2.404227,42.472602],[-2.404836,42.472602],[-2.404836,42.472152]]]}},{"type":"Feature","properties":{"gridcode":3,"label_es":"Alto","label_en":"High"},"geometry":{"type":"Polygon","coordinates":[[[-2.429188,42.472152],[-2.42858,42.472152],[-2.42858,42.472602],[-2.429188,42.472602],[-2.429188,42.472152]]]}},{"type":"Feature","properties":{"gridcode":3,"label_es":"Alto","label_en":"High"},"geometry":{"type":"Polygon","coordinates":[[[-2.430406,42.472602],[-2.429797,42.472602],[-2.429797,42.473051],[-2.430406,42.473051],[-2.430406,42.472602]]]}},{"type":"Feature","properties":{"gridcode":3,"label_es":"Alto","label_en":"High"},"geometry":{"type":"Polygon","coordinates":[[[-2.450497,42.472602],[-2.449888,42.472602],[-2.449888,42.473051],[-2.450497,42.473051],[-2.450497,42.472602]]]}},{"type":"Feature","properties":{"gridcode":3,"label_es":"Alto","label_en":"High"},"geometry":{"type":"Polygon","coordinates":[[[-2.398747,42.472152],[-2.398139,42.472152],[-2.398139,42.472602],[-2.398747,42.472602],[-2.398747,42.472152]]]}},{"type":"Feature","properties":{"gridcode":2,"label_es":"Medio","label_en":"Medium"},"geometry":{"type":"Polygon","coordinates":[[[-2.398139,42.472152],[-2.39753,42.472152],[-2.39753,42.472602],[-2.398139,42.472602],[-2.398139,42.472152]]]}},{"type":"Feature","properties":{"gridcode":2,"label_es":"Medio","label_en":"Medium"},"geometry":{"type":"Polygon","coordinates":[[[-2.395703,42.472152],[-2.395094,42.472152],[-2.395094,42.472602],[-2.395703,42.472602],[-2.395703,42.472152]]]}},{"type":"Feature","properties":{"gridcode":3,"label_es":"Alto","label_en":"High"},"geometry":{"type":"Polygon","coordinates":[[[-2.457194,42.472602],[-2.456585,42.472602],[-2.456585,42.473051],[-2.457194,42.473051],[-2.457194,42.472602]]]}},{"type":"Feature","properties":{"gridcode":2,"label_es":"Medio","label_en":"Medium"},"geometry":{"type":"Polygon","coordinates":[[[-2.448671,42.472152],[-2.448062,42.472152],[-2.448062,42.472602],[-2.448671,42.472602],[-2.448671,42.472152]]]}},{"type":"Feature","properties":{"gridcode":3,"label_es":"Alto","label_en":"High"},"geometry":{"type":"Polygon","coordinates":[[[-2.429797,42.472152],[-2.429188,42.472152],[-2.429188,42.472602],[-2.429797,42.472602],[-2.429797,42.472152]]]}},{"type":"Feature","properties":{"gridcode":3,"label_es":"Alto","label_en":"High"},"geometry":{"type":"Polygon","coordinates":[[[-2.449279,42.472602],[-2.448671,42.472602],[-2.448671,42.473051],[-2.449279,42.473051],[-2.449279,42.472602]]]}},{"type":"Feature","properties":{"gridcode":2,"label_es":"Medio","label_en":"Medium"},"geometry":{"type":"Polygon","coordinates":[[[-2.441365,42.472152],[-2.440756,42.472152],[-2.440756,42.472602],[-2.441365,42.472602],[-2.441365,42.472152]]]}},{"type":"Feature","properties":{"gridcode":1,"label_es":"Bajo","label_en":"Low"},"geometry":{"type":"Polygon","coordinates":[[[-2.460238,42.472152],[-2.459629,42.472152],[-2.459629,42.472602],[-2.460238,42.472602],[-2.460238,42.472152]]]}},{"type":"Feature","properties":{"gridcode":2,"label_es":"Medio","label_en":"Medium"},"geometry":{"type":"Polygon","coordinates":[[[-2.395094,42.472152],[-2.394486,42.472152],[-2.394486,42.472602],[-2.395094,42.472602],[-2.395094,42.472152]]]}},{"type":"Feature","properties":{"gridcode":2,"label_es":"Medio","label_en":"Medium"},"geometry":{"type":"Polygon","coordinates":[[[-2.448062,42.472152],[-2.447453,42.472152],[-2.447453,42.472602],[-2.448062,42.472602],[-2.448062,42.472152]]]}},{"type":"Feature","properties":{"gridcode":2,"label_es":"Medio","label_en":"Medium"},"geometry":{"type":"Polygon","coordinates":[[[-2.445626,42.472152],[-2.445018,42.472152],[-2.445018,42.472602],[-2.445626,42.472602],[-2.445626,42.472152]]]}},{"type":"Feature","properties":{"gridcode":2,"label_es":"Medio","label_en":"Medium"},"geometry":{"type":"Polygon","coordinates":[[[-2.451106,42.472152],[-2.450497,42.472152],[-2.450497,42.472602],[-2.451106,42.472602],[-2.451106,42.472152]]]}},{"type":"Feature","properties":{"gridcode":2,"label_es":"Medio","label_en":"Medium"},"geometry":{"type":"Polygon","coordinates":[[[-2.395094,42.471703],[-2.394486,42.471703],[-2.394486,42.472152],[-2.395094,42.472152],[-2.395094,42.471703]]]}},{"type":"Feature","properties":{"gridcode":2,"label_es":"Medio","label_en":"Medium"},"geometry":{"type":"Polygon","coordinates":[[[-2.395703,42.471703],[-2.395094,42.471703],[-2.395094,42.472152],[-2.395703,42.472152],[-2.395703,42.471703]]]}},{"type":"Feature","properties":{"gridcode":2,"label_es":"Medio","label_en":"Medium"},"geometry":{"type":"Polygon","coordinates":[[[-2.398139,42.471703],[-2.39753,42.471703],[-2.39753,42.472152],[-2.398139,42.472152],[-2.398139,42.471703]]]}},{"type":"Feature","properties":{"gridcode":2,"label_es":"Medio","label_en":"Medium"},"geometry":{"type":"Polygon","coordinates":[[[-2.431624,42.472152],[-2.431015,42.472152],[-2.431015,42.472602],[-2.431624,42.472602],[-2.431624,42.472152]]]}},{"type":"Feature","properties":{"gridcode":2,"label_es":"Medio","label_en":"Medium"},"geometry":{"type":"Polygon","coordinates":[[[-2.396312,42.471703],[-2.395703,42.471703],[-2.395703,42.472152],[-2.396312,42.472152],[-2.396312,42.471703]]]}},{"type":"Feature","properties":{"gridcode":2,"label_es":"Medio","label_en":"Medium"},"geometry":{"type":"Polygon","coordinates":[[[-2.430406,42.472152],[-2.429797,42.472152],[-2.429797,42.472602],[-2.430406,42.472602],[-2.430406,42.472152]]]}},{"type":"Feature","properties":{"gridcode":2,"label_es":"Medio","label_en":"Medium"},"geometry":{"type":"Polygon","coordinates":[[[-2.431015,42.472152],[-2.430406,42.472152],[-2.430406,42.472602],[-2.431015,42.472602],[-2.431015,42.472152]]]}},{"type":"Feature","properties":{"gridcode":2,"label_es":"Medio","label_en":"Medium"},"geometry":{"type":"Polygon","coordinates":[[[-2.426753,42.472152],[-2.426144,42.472152],[-2.426144,42.472602],[-2.426753,42.472602],[-2.426753,42.472152]]]}},{"type":"Feature","properties":{"gridcode":2,"label_es":"Medio","label_en":"Medium"},"geometry":{"type":"Polygon","coordinates":[[[-2.436494,42.472602],[-2.435885,42.472602],[-2.435885,42.473051],[-2.436494,42.473051],[-2.436494,42.472602]]]}},{"type":"Feature","properties":{"gridcode":3,"label_es":"Alto","label_en":"High"},"geometry":{"type":"Polygon","coordinates":[[[-2.432232,42.472152],[-2.431624,42.472152],[-2.431624,42.472602],[-2.432232,42.472602],[-2.432232,42.472152]]]}},{"type":"Feature","properties":{"gridcode":2,"label_es":"Medio","label_en":"Medium"},"geometry":{"type":"Polygon","coordinates":[[[-2.394486,42.471703],[-2.393877,42.471703],[-2.393877,42.472152],[-2.394486,42.472152],[-2.394486,42.471703]]]}},{"type":"Feature","properties":{"gridcode":2,"label_es":"Medio","label_en":"Medium"},"geometry":{"type":"Polygon","coordinates":[[[-2.435277,42.472152],[-2.434668,42.472152],[-2.434668,42.472602],[-2.435277,42.472602],[-2.435277,42.472152]]]}},{"type":"Feature","properties":{"gridcode":2,"label_es":"Medio","label_en":"Medium"},"geometry":{"type":"Polygon","coordinates":[[[-2.404836,42.471703],[-2.404227,42.471703],[-2.404227,42.472152],[-2.404836,42.472152],[-2.404836,42.471703]]]}},{"type":"Feature","properties":{"gridcode":3,"label_es":"Alto","label_en":"High"},"geometry":{"type":"Polygon","coordinates":[[[-2.434668,42.472152],[-2.434059,42.472152],[-2.434059,42.472602],[-2.434668,42.472602],[-2.434668,42.472152]]]}},{"type":"Feature","properties":{"gridcode":2,"label_es":"Medio","label_en":"Medium"},"geometry":{"type":"Polygon","coordinates":[[[-2.398747,42.471703],[-2.398139,42.471703],[-2.398139,42.472152],[-2.398747,42.472152],[-2.398747,42.471703]]]}},{"type":"Feature","properties":{"gridcode":2,"label_es":"Medio","label_en":"Medium"},"geometry":{"type":"Polygon","coordinates":[[[-2.43345,42.472152],[-2.432841,42.472152],[-2.432841,42.472602],[-2.43345,42.472602],[-2.43345,42.472152]]]}},{"type":"Feature","properties":{"gridcode":2,"label_es":"Medio","label_en":"Medium"},"geometry":{"type":"Polygon","coordinates":[[[-2.447453,42.472152],[-2.446844,42.472152],[-2.446844,42.472602],[-2.447453,42.472602],[-2.447453,42.472152]]]}},{"type":"Feature","properties":{"gridcode":2,"label_es":"Medio","label_en":"Medium"},"geometry":{"type":"Polygon","coordinates":[[[-2.426144,42.472152],[-2.425535,42.472152],[-2.425535,42.472602],[-2.426144,42.472602],[-2.426144,42.472152]]]}},{"type":"Feature","properties":{"gridcode":3,"label_es":"Alto","label_en":"High"},"geometry":{"type":"Polygon","coordinates":[[[-2.450497,42.472152],[-2.449888,42.472152],[-2.449888,42.472602],[-2.450497,42.472602],[-2.450497,42.472152]]]}},{"type":"Feature","properties":{"gridcode":2,"label_es":"Medio","label_en":"Medium"},"geometry":{"type":"Polygon","coordinates":[[[-2.434059,42.472152],[-2.43345,42.472152],[-2.43345,42.472602],[-2.434059,42.472602],[-2.434059,42.472152]]]}},{"type":"Feature","properties":{"gridcode":2,"label_es":"Medio","label_en":"Medium"},"geometry":{"type":"Polygon","coordinates":[[[-2.435277,42.471703],[-2.434668,42.471703],[-2.434668,42.472152],[-2.435277,42.472152],[-2.435277,42.471703]]]}},{"type":"Feature","properties":{"gridcode":2,"label_es":"Medio","label_en":"Medium"},"geometry":{"type":"Polygon","coordinates":[[[-2.434668,42.471703],[-2.434059,42.471703],[-2.434059,42.472152],[-2.434668,42.472152],[-2.434668,42.471703]]]}},{"type":"Feature","properties":{"gridcode":4,"label_es":"Muy alto","label_en":"Very high"},"geometry":{"type":"Polygon","coordinates":[[[-2.457803,42.472152],[-2.457194,42.472152],[-2.457194,42.472602],[-2.457803,42.472602],[-2.457803,42.472152]]]}},{"type":"Feature","properties":{"gridcode":3,"label_es":"Alto","label_en":"High"},"geometry":{"type":"Polygon","coordinates":[[[-2.445018,42.471703],[-2.444409,42.471703],[-2.444409,42.472152],[-2.445018,42.472152],[-2.445018,42.471703]]]}},{"type":"Feature","properties":{"gridcode":4,"label_es":"Muy alto","label_en":"Very high"},"geometry":{"type":"Polygon","coordinates":[[[-2.449279,42.472152],[-2.448671,42.472152],[-2.448671,42.472602],[-2.449279,42.472602],[-2.449279,42.472152]]]}},{"type":"Feature","properties":{"gridcode":2,"label_es":"Medio","label_en":"Medium"},"geometry":{"type":"Polygon","coordinates":[[[-2.429797,42.471703],[-2.429188,42.471703],[-2.429188,42.472152],[-2.429797,42.472152],[-2.429797,42.471703]]]}},{"type":"Feature","properties":{"gridcode":2,"label_es":"Medio","label_en":"Medium"},"geometry":{"type":"Polygon","coordinates":[[[-2.39753,42.471703],[-2.396921,42.471703],[-2.396921,42.472152],[-2.39753,42.472152],[-2.39753,42.471703]]]}},{"type":"Feature","properties":{"gridcode":2,"label_es":"Medio","label_en":"Medium"},"geometry":{"type":"Polygon","coordinates":[[[-2.396921,42.471703],[-2.396312,42.471703],[-2.396312,42.472152],[-2.396921,42.472152],[-2.396921,42.471703]]]}},{"type":"Feature","properties":{"gridcode":2,"label_es":"Medio","label_en":"Medium"},"geometry":{"type":"Polygon","coordinates":[[[-2.446235,42.471703],[-2.445626,42.471703],[-2.445626,42.472152],[-2.446235,42.472152],[-2.446235,42.471703]]]}},{"type":"Feature","properties":{"gridcode":1,"label_es":"Bajo","label_en":"Low"},"geometry":{"type":"Polygon","coordinates":[[[-2.460238,42.471703],[-2.459629,42.471703],[-2.459629,42.472152],[-2.460238,42.472152],[-2.460238,42.471703]]]}},{"type":"Feature","properties":{"gridcode":4,"label_es":"Muy alto","label_en":"Very high"},"geometry":{"type":"Polygon","coordinates":[[[-2.441365,42.471703],[-2.440756,42.471703],[-2.440756,42.472152],[-2.441365,42.472152],[-2.441365,42.471703]]]}},{"type":"Feature","properties":{"gridcode":3,"label_es":"Alto","label_en":"High"},"geometry":{"type":"Polygon","coordinates":[[[-2.403009,42.471703],[-2.4024,42.471703],[-2.4024,42.472152],[-2.403009,42.472152],[-2.403009,42.471703]]]}},{"type":"Feature","properties":{"gridcode":2,"label_es":"Medio","label_en":"Medium"},"geometry":{"type":"Polygon","coordinates":[[[-2.441974,42.471703],[-2.441365,42.471703],[-2.441365,42.472152],[-2.441974,42.472152],[-2.441974,42.471703]]]}},{"type":"Feature","properties":{"gridcode":3,"label_es":"Alto","label_en":"High"},"geometry":{"type":"Polygon","coordinates":[[[-2.451715,42.471703],[-2.451106,42.471703],[-2.451106,42.472152],[-2.451715,42.472152],[-2.451715,42.471703]]]}},{"type":"Feature","properties":{"gridcode":1,"label_es":"Bajo","label_en":"Low"},"geometry":{"type":"Polygon","coordinates":[[[-2.459629,42.471703],[-2.45902,42.471703],[-2.45902,42.472152],[-2.459629,42.472152],[-2.459629,42.471703]]]}},{"type":"Feature","properties":{"gridcode":2,"label_es":"Medio","label_en":"Medium"},"geometry":{"type":"Polygon","coordinates":[[[-2.393877,42.471254],[-2.393268,42.471254],[-2.393268,42.471703],[-2.393877,42.471703],[-2.393877,42.471254]]]}},{"type":"Feature","properties":{"gridcode":2,"label_es":"Medio","label_en":"Medium"},"geometry":{"type":"Polygon","coordinates":[[[-2.448062,42.471703],[-2.447453,42.471703],[-2.447453,42.472152],[-2.448062,42.472152],[-2.448062,42.471703]]]}},{"type":"Feature","properties":{"gridcode":2,"label_es":"Medio","label_en":"Medium"},"geometry":{"type":"Polygon","coordinates":[[[-2.425535,42.471703],[-2.424927,42.471703],[-2.424927,42.472152],[-2.425535,42.472152],[-2.425535,42.471703]]]}},{"type":"Feature","properties":{"gridcode":2,"label_es":"Medio","label_en":"Medium"},"geometry":{"type":"Polygon","coordinates":[[[-2.39753,42.471254],[-2.396921,42.471254],[-2.396921,42.471703],[-2.39753,42.471703],[-2.39753,42.471254]]]}},{"type":"Feature","properties":{"gridcode":2,"label_es":"Medio","label_en":"Medium"},"geometry":{"type":"Polygon","coordinates":[[[-2.396921,42.471254],[-2.396312,42.471254],[-2.396312,42.471703],[-2.396921,42.471703],[-2.396921,42.471254]]]}},{"type":"Feature","properties":{"gridcode":2,"label_es":"Medio","label_en":"Medium"},"geometry":{"type":"Polygon","coordinates":[[[-2.398747,42.471254],[-2.398139,42.471254],[-2.398139,42.471703],[-2.398747,42.471703],[-2.398747,42.471254]]]}},{"type":"Feature","properties":{"gridcode":3,"label_es":"Alto","label_en":"High"},"geometry":{"type":"Polygon","coordinates":[[[-2.426144,42.471703],[-2.425535,42.471703],[-2.425535,42.472152],[-2.426144,42.472152],[-2.426144,42.471703]]]}},{"type":"Feature","properties":{"gridcode":3,"label_es":"Alto","label_en":"High"},"geometry":{"type":"Polygon","coordinates":[[[-2.445626,42.471703],[-2.445018,42.471703],[-2.445018,42.472152],[-2.445626,42.472152],[-2.445626,42.471703]]]}},{"type":"Feature","properties":{"gridcode":3,"label_es":"Alto","label_en":"High"},"geometry":{"type":"Polygon","coordinates":[[[-2.403618,42.471254],[-2.403009,42.471254],[-2.403009,42.471703],[-2.403618,42.471703],[-2.403618,42.471254]]]}},{"type":"Feature","properties":{"gridcode":2,"label_es":"Medio","label_en":"Medium"},"geometry":{"type":"Polygon","coordinates":[[[-2.442582,42.471703],[-2.441974,42.471703],[-2.441974,42.472152],[-2.442582,42.472152],[-2.442582,42.471703]]]}},{"type":"Feature","properties":{"gridcode":2,"label_es":"Medio","label_en":"Medium"},"geometry":{"type":"Polygon","coordinates":[[[-2.404836,42.471254],[-2.404227,42.471254],[-2.404227,42.471703],[-2.404836,42.471703],[-2.404836,42.471254]]]}},{"type":"Feature","properties":{"gridcode":2,"label_es":"Medio","label_en":"Medium"},"geometry":{"type":"Polygon","coordinates":[[[-2.399356,42.471254],[-2.398747,42.471254],[-2.398747,42.471703],[-2.399356,42.471703],[-2.399356,42.471254]]]}},{"type":"Feature","properties":{"gridcode":4,"label_es":"Muy alto","label_en":"Very high"},"geometry":{"type":"Polygon","coordinates":[[[-2.42858,42.471703],[-2.427971,42.471703],[-2.427971,42.472152],[-2.42858,42.472152],[-2.42858,42.471703]]]}},{"type":"Feature","properties":{"gridcode":2,"label_es":"Medio","label_en":"Medium"},"geometry":{"type":"Polygon","coordinates":[[[-2.406053,42.471254],[-2.405444,42.471254],[-2.405444,42.471703],[-2.406053,42.471703],[-2.406053,42.471254]]]}},{"type":"Feature","properties":{"gridcode":3,"label_es":"Alto","label_en":"High"},"geometry":{"type":"Polygon","coordinates":[[[-2.443191,42.471703],[-2.442582,42.471703],[-2.442582,42.472152],[-2.443191,42.472152],[-2.443191,42.471703]]]}},{"type":"Feature","properties":{"gridcode":2,"label_es":"Medio","label_en":"Medium"},"geometry":{"type":"Polygon","coordinates":[[[-2.395703,42.471254],[-2.395094,42.471254],[-2.395094,42.471703],[-2.395703,42.471703],[-2.395703,42.471254]]]}},{"type":"Feature","properties":{"gridcode":3,"label_es":"Alto","label_en":"High"},"geometry":{"type":"Polygon","coordinates":[[[-2.395094,42.471254],[-2.394486,42.471254],[-2.394486,42.471703],[-2.395094,42.471703],[-2.395094,42.471254]]]}},{"type":"Feature","properties":{"gridcode":2,"label_es":"Medio","label_en":"Medium"},"geometry":{"type":"Polygon","coordinates":[[[-2.398139,42.471254],[-2.39753,42.471254],[-2.39753,42.471703],[-2.398139,42.471703],[-2.398139,42.471254]]]}},{"type":"Feature","properties":{"gridcode":2,"label_es":"Medio","label_en":"Medium"},"geometry":{"type":"Polygon","coordinates":[[[-2.450497,42.471703],[-2.449888,42.471703],[-2.449888,42.472152],[-2.450497,42.472152],[-2.450497,42.471703]]]}},{"type":"Feature","properties":{"gridcode":2,"label_es":"Medio","label_en":"Medium"},"geometry":{"type":"Polygon","coordinates":[[[-2.425535,42.471254],[-2.424927,42.471254],[-2.424927,42.471703],[-2.425535,42.471703],[-2.425535,42.471254]]]}},{"type":"Feature","properties":{"gridcode":2,"label_es":"Medio","label_en":"Medium"},"geometry":{"type":"Polygon","coordinates":[[[-2.406662,42.471254],[-2.406053,42.471254],[-2.406053,42.471703],[-2.406662,42.471703],[-2.406662,42.471254]]]}},{"type":"Feature","properties":{"gridcode":2,"label_es":"Medio","label_en":"Medium"},"geometry":{"type":"Polygon","coordinates":[[[-2.449279,42.471703],[-2.448671,42.471703],[-2.448671,42.472152],[-2.449279,42.472152],[-2.449279,42.471703]]]}},{"type":"Feature","properties":{"gridcode":2,"label_es":"Medio","label_en":"Medium"},"geometry":{"type":"Polygon","coordinates":[[[-2.396312,42.471254],[-2.395703,42.471254],[-2.395703,42.471703],[-2.396312,42.471703],[-2.396312,42.471254]]]}},{"type":"Feature","properties":{"gridcode":2,"label_es":"Medio","label_en":"Medium"},"geometry":{"type":"Polygon","coordinates":[[[-2.393268,42.471254],[-2.392659,42.471254],[-2.392659,42.471703],[-2.393268,42.471703],[-2.393268,42.471254]]]}},{"type":"Feature","properties":{"gridcode":2,"label_es":"Medio","label_en":"Medium"},"geometry":{"type":"Polygon","coordinates":[[[-2.446235,42.471254],[-2.445626,42.471254],[-2.445626,42.471703],[-2.446235,42.471703],[-2.446235,42.471254]]]}},{"type":"Feature","properties":{"gridcode":2,"label_es":"Medio","label_en":"Medium"},"geometry":{"type":"Polygon","coordinates":[[[-2.441365,42.471254],[-2.440756,42.471254],[-2.440756,42.471703],[-2.441365,42.471703],[-2.441365,42.471254]]]}},{"type":"Feature","properties":{"gridcode":3,"label_es":"Alto","label_en":"High"},"geometry":{"type":"Polygon","coordinates":[[[-2.407271,42.471254],[-2.406662,42.471254],[-2.406662,42.471703],[-2.407271,42.471703],[-2.407271,42.471254]]]}},{"type":"Feature","properties":{"gridcode":2,"label_es":"Medio","label_en":"Medium"},"geometry":{"type":"Polygon","coordinates":[[[-2.445626,42.471254],[-2.445018,42.471254],[-2.445018,42.471703],[-2.445626,42.471703],[-2.445626,42.471254]]]}},{"type":"Feature","properties":{"gridcode":1,"label_es":"Bajo","label_en":"Low"},"geometry":{"type":"Polygon","coordinates":[[[-2.459629,42.471254],[-2.45902,42.471254],[-2.45902,42.471703],[-2.459629,42.471703],[-2.459629,42.471254]]]}},{"type":"Feature","properties":{"gridcode":2,"label_es":"Medio","label_en":"Medium"},"geometry":{"type":"Polygon","coordinates":[[[-2.393268,42.470805],[-2.392659,42.470805],[-2.392659,42.471254],[-2.393268,42.471254],[-2.393268,42.470805]]]}},{"type":"Feature","properties":{"gridcode":2,"label_es":"Medio","label_en":"Medium"},"geometry":{"type":"Polygon","coordinates":[[[-2.40788,42.471254],[-2.407271,42.471254],[-2.407271,42.471703],[-2.40788,42.471703],[-2.40788,42.471254]]]}},{"type":"Feature","properties":{"gridcode":2,"label_es":"Medio","label_en":"Medium"},"geometry":{"type":"Polygon","coordinates":[[[-2.398747,42.470805],[-2.398139,42.470805],[-2.398139,42.471254],[-2.398747,42.471254],[-2.398747,42.470805]]]}},{"type":"Feature","properties":{"gridcode":2,"label_es":"Medio","label_en":"Medium"},"geometry":{"type":"Polygon","coordinates":[[[-2.447453,42.471254],[-2.446844,42.471254],[-2.446844,42.471703],[-2.447453,42.471703],[-2.447453,42.471254]]]}},{"type":"Feature","properties":{"gridcode":2,"label_es":"Medio","label_en":"Medium"},"geometry":{"type":"Polygon","coordinates":[[[-2.399356,42.470805],[-2.398747,42.470805],[-2.398747,42.471254],[-2.399356,42.471254],[-2.399356,42.470805]]]}},{"type":"Feature","properties":{"gridcode":2,"label_es":"Medio","label_en":"Medium"},"geometry":{"type":"Polygon","coordinates":[[[-2.450497,42.474847],[-2.449888,42.474847],[-2.449888,42.475296],[-2.450497,42.475296],[-2.450497,42.474847]]]}},{"type":"Feature","properties":{"gridcode":2,"label_es":"Medio","label_en":"Medium"},"geometry":{"type":"Polygon","coordinates":[[[-2.445018,42.471254],[-2.444409,42.471254],[-2.444409,42.471703],[-2.445018,42.471703],[-2.445018,42.471254]]]}},{"type":"Feature","properties":{"gridcode":2,"label_es":"Medio","label_en":"Medium"},"geometry":{"type":"Polygon","coordinates":[[[-2.395703,42.470805],[-2.395094,42.470805],[-2.395094,42.471254],[-2.395703,42.471254],[-2.395703,42.470805]]]}},{"type":"Feature","properties":{"gridcode":3,"label_es":"Alto","label_en":"High"},"geometry":{"type":"Polygon","coordinates":[[[-2.393877,42.470805],[-2.393268,42.470805],[-2.393268,42.471254],[-2.393877,42.471254],[-2.393877,42.470805]]]}},{"type":"Feature","properties":{"gridcode":1,"label_es":"Bajo","label_en":"Low"},"geometry":{"type":"Polygon","coordinates":[[[-2.45902,42.471254],[-2.458412,42.471254],[-2.458412,42.471703],[-2.45902,42.471703],[-2.45902,42.471254]]]}},{"type":"Feature","properties":{"gridcode":2,"label_es":"Medio","label_en":"Medium"},"geometry":{"type":"Polygon","coordinates":[[[-2.446844,42.471254],[-2.446235,42.471254],[-2.446235,42.471703],[-2.446844,42.471703],[-2.446844,42.471254]]]}},{"type":"Feature","properties":{"gridcode":3,"label_es":"Alto","label_en":"High"},"geometry":{"type":"Polygon","coordinates":[[[-2.442582,42.471254],[-2.441974,42.471254],[-2.441974,42.471703],[-2.442582,42.471703],[-2.442582,42.471254]]]}},{"type":"Feature","properties":{"gridcode":3,"label_es":"Alto","label_en":"High"},"geometry":{"type":"Polygon","coordinates":[[[-2.407271,42.470805],[-2.406662,42.470805],[-2.406662,42.471254],[-2.407271,42.471254],[-2.407271,42.470805]]]}},{"type":"Feature","properties":{"gridcode":2,"label_es":"Medio","label_en":"Medium"},"geometry":{"type":"Polygon","coordinates":[[[-2.396921,42.470805],[-2.396312,42.470805],[-2.396312,42.471254],[-2.396921,42.471254],[-2.396921,42.470805]]]}},{"type":"Feature","properties":{"gridcode":2,"label_es":"Medio","label_en":"Medium"},"geometry":{"type":"Polygon","coordinates":[[[-2.404836,42.470805],[-2.404227,42.470805],[-2.404227,42.471254],[-2.404836,42.471254],[-2.404836,42.470805]]]}},{"type":"Feature","properties":{"gridcode":3,"label_es":"Alto","label_en":"High"},"geometry":{"type":"Polygon","coordinates":[[[-2.406053,42.470805],[-2.405444,42.470805],[-2.405444,42.471254],[-2.406053,42.471254],[-2.406053,42.470805]]]}},{"type":"Feature","properties":{"gridcode":2,"label_es":"Medio","label_en":"Medium"},"geometry":{"type":"Polygon","coordinates":[[[-2.448062,42.471254],[-2.447453,42.471254],[-2.447453,42.471703],[-2.448062,42.471703],[-2.448062,42.471254]]]}},{"type":"Feature","properties":{"gridcode":2,"label_es":"Medio","label_en":"Medium"},"geometry":{"type":"Polygon","coordinates":[[[-2.40788,42.470805],[-2.407271,42.470805],[-2.407271,42.471254],[-2.40788,42.471254],[-2.40788,42.470805]]]}},{"type":"Feature","properties":{"gridcode":2,"label_es":"Medio","label_en":"Medium"},"geometry":{"type":"Polygon","coordinates":[[[-2.450497,42.471254],[-2.449888,42.471254],[-2.449888,42.471703],[-2.450497,42.471703],[-2.450497,42.471254]]]}},{"type":"Feature","properties":{"gridcode":4,"label_es":"Muy alto","label_en":"Very high"},"geometry":{"type":"Polygon","coordinates":[[[-2.441974,42.471254],[-2.441365,42.471254],[-2.441365,42.471703],[-2.441974,42.471703],[-2.441974,42.471254]]]}},{"type":"Feature","properties":{"gridcode":3,"label_es":"Alto","label_en":"High"},"geometry":{"type":"Polygon","coordinates":[[[-2.424927,42.471254],[-2.424318,42.471254],[-2.424318,42.471703],[-2.424927,42.471703],[-2.424927,42.471254]]]}},{"type":"Feature","properties":{"gridcode":2,"label_es":"Medio","label_en":"Medium"},"geometry":{"type":"Polygon","coordinates":[[[-2.396312,42.470805],[-2.395703,42.470805],[-2.395703,42.471254],[-2.396312,42.471254],[-2.396312,42.470805]]]}},{"type":"Feature","properties":{"gridcode":3,"label_es":"Alto","label_en":"High"},"geometry":{"type":"Polygon","coordinates":[[[-2.424927,42.470805],[-2.424318,42.470805],[-2.424318,42.471254],[-2.424927,42.471254],[-2.424927,42.470805]]]}},{"type":"Feature","properties":{"gridcode":2,"label_es":"Medio","label_en":"Medium"},"geometry":{"type":"Polygon","coordinates":[[[-2.399965,42.470805],[-2.399356,42.470805],[-2.399356,42.471254],[-2.399965,42.471254],[-2.399965,42.470805]]]}},{"type":"Feature","properties":{"gridcode":2,"label_es":"Medio","label_en":"Medium"},"geometry":{"type":"Polygon","coordinates":[[[-2.395094,42.470805],[-2.394486,42.470805],[-2.394486,42.471254],[-2.395094,42.471254],[-2.395094,42.470805]]]}},{"type":"Feature","properties":{"gridcode":2,"label_es":"Medio","label_en":"Medium"},"geometry":{"type":"Polygon","coordinates":[[[-2.39753,42.470805],[-2.396921,42.470805],[-2.396921,42.471254],[-2.39753,42.471254],[-2.39753,42.470805]]]}},{"type":"Feature","properties":{"gridcode":3,"label_es":"Alto","label_en":"High"},"geometry":{"type":"Polygon","coordinates":[[[-2.46937,42.481135],[-2.468762,42.481135],[-2.468762,42.481585],[-2.46937,42.481585],[-2.46937,42.481135]]]}},{"type":"Feature","properties":{"gridcode":3,"label_es":"Alto","label_en":"High"},"geometry":{"type":"Polygon","coordinates":[[[-2.440147,42.4735],[-2.439538,42.4735],[-2.439538,42.473949],[-2.440147,42.473949],[-2.440147,42.4735]]]}},{"type":"Feature","properties":{"gridcode":3,"label_es":"Alto","label_en":"High"},"geometry":{"type":"Polygon","coordinates":[[[-2.441365,42.470805],[-2.440756,42.470805],[-2.440756,42.471254],[-2.441365,42.471254],[-2.441365,42.470805]]]}},{"type":"Feature","properties":{"gridcode":3,"label_es":"Alto","label_en":"High"},"geometry":{"type":"Polygon","coordinates":[[[-2.458412,42.471254],[-2.457803,42.471254],[-2.457803,42.471703],[-2.458412,42.471703],[-2.458412,42.471254]]]}},{"type":"Feature","properties":{"gridcode":2,"label_es":"Medio","label_en":"Medium"},"geometry":{"type":"Polygon","coordinates":[[[-2.409097,42.470805],[-2.408488,42.470805],[-2.408488,42.471254],[-2.409097,42.471254],[-2.409097,42.470805]]]}},{"type":"Feature","properties":{"gridcode":2,"label_es":"Medio","label_en":"Medium"},"geometry":{"type":"Polygon","coordinates":[[[-2.392659,42.470805],[-2.39205,42.470805],[-2.39205,42.471254],[-2.392659,42.471254],[-2.392659,42.470805]]]}},{"type":"Feature","properties":{"gridcode":3,"label_es":"Alto","label_en":"High"},"geometry":{"type":"Polygon","coordinates":[[[-2.458412,42.470805],[-2.457803,42.470805],[-2.457803,42.471254],[-2.458412,42.471254],[-2.458412,42.470805]]]}},{"type":"Feature","properties":{"gridcode":2,"label_es":"Medio","label_en":"Medium"},"geometry":{"type":"Polygon","coordinates":[[[-2.445626,42.470805],[-2.445018,42.470805],[-2.445018,42.471254],[-2.445626,42.471254],[-2.445626,42.470805]]]}},{"type":"Feature","properties":{"gridcode":2,"label_es":"Medio","label_en":"Medium"},"geometry":{"type":"Polygon","coordinates":[[[-2.394486,42.470805],[-2.393877,42.470805],[-2.393877,42.471254],[-2.394486,42.471254],[-2.394486,42.470805]]]}},{"type":"Feature","properties":{"gridcode":3,"label_es":"Alto","label_en":"High"},"geometry":{"type":"Polygon","coordinates":[[[-2.406662,42.470805],[-2.406053,42.470805],[-2.406053,42.471254],[-2.406662,42.471254],[-2.406662,42.470805]]]}},{"type":"Feature","properties":{"gridcode":2,"label_es":"Medio","label_en":"Medium"},"geometry":{"type":"Polygon","coordinates":[[[-2.427362,42.470805],[-2.426753,42.470805],[-2.426753,42.471254],[-2.427362,42.471254],[-2.427362,42.470805]]]}},{"type":"Feature","properties":{"gridcode":2,"label_es":"Medio","label_en":"Medium"},"geometry":{"type":"Polygon","coordinates":[[[-2.451106,42.470805],[-2.450497,42.470805],[-2.450497,42.471254],[-2.451106,42.471254],[-2.451106,42.470805]]]}},{"type":"Feature","properties":{"gridcode":2,"label_es":"Medio","label_en":"Medium"},"geometry":{"type":"Polygon","coordinates":[[[-2.426753,42.470805],[-2.426144,42.470805],[-2.426144,42.471254],[-2.426753,42.471254],[-2.426753,42.470805]]]}},{"type":"Feature","properties":{"gridcode":2,"label_es":"Medio","label_en":"Medium"},"geometry":{"type":"Polygon","coordinates":[[[-2.392659,42.470356],[-2.39205,42.470356],[-2.39205,42.470805],[-2.392659,42.470805],[-2.392659,42.470356]]]}},{"type":"Feature","properties":{"gridcode":2,"label_es":"Medio","label_en":"Medium"},"geometry":{"type":"Polygon","coordinates":[[[-2.4438,42.470805],[-2.443191,42.470805],[-2.443191,42.471254],[-2.4438,42.471254],[-2.4438,42.470805]]]}},{"type":"Feature","properties":{"gridcode":2,"label_es":"Medio","label_en":"Medium"},"geometry":{"type":"Polygon","coordinates":[[[-2.410315,42.470805],[-2.409706,42.470805],[-2.409706,42.471254],[-2.410315,42.471254],[-2.410315,42.470805]]]}},{"type":"Feature","properties":{"gridcode":2,"label_es":"Medio","label_en":"Medium"},"geometry":{"type":"Polygon","coordinates":[[[-2.445018,42.470805],[-2.444409,42.470805],[-2.444409,42.471254],[-2.445018,42.471254],[-2.445018,42.470805]]]}},{"type":"Feature","properties":{"gridcode":2,"label_es":"Medio","label_en":"Medium"},"geometry":{"type":"Polygon","coordinates":[[[-2.399965,42.470356],[-2.399356,42.470356],[-2.399356,42.470805],[-2.399965,42.470805],[-2.399965,42.470356]]]}},{"type":"Feature","properties":{"gridcode":2,"label_es":"Medio","label_en":"Medium"},"geometry":{"type":"Polygon","coordinates":[[[-2.39753,42.470356],[-2.396921,42.470356],[-2.396921,42.470805],[-2.39753,42.470805],[-2.39753,42.470356]]]}},{"type":"Feature","properties":{"gridcode":4,"label_es":"Muy alto","label_en":"Very high"},"geometry":{"type":"Polygon","coordinates":[[[-2.396312,42.470356],[-2.395703,42.470356],[-2.395703,42.470805],[-2.396312,42.470805],[-2.396312,42.470356]]]}},{"type":"Feature","properties":{"gridcode":3,"label_es":"Alto","label_en":"High"},"geometry":{"type":"Polygon","coordinates":[[[-2.444409,42.470805],[-2.4438,42.470805],[-2.4438,42.471254],[-2.444409,42.471254],[-2.444409,42.470805]]]}},{"type":"Feature","properties":{"gridcode":3,"label_es":"Alto","label_en":"High"},"geometry":{"type":"Polygon","coordinates":[[[-2.395703,42.470356],[-2.395094,42.470356],[-2.395094,42.470805],[-2.395703,42.470805],[-2.395703,42.470356]]]}},{"type":"Feature","properties":{"gridcode":3,"label_es":"Alto","label_en":"High"},"geometry":{"type":"Polygon","coordinates":[[[-2.406053,42.470356],[-2.405444,42.470356],[-2.405444,42.470805],[-2.406053,42.470805],[-2.406053,42.470356]]]}},{"type":"Feature","properties":{"gridcode":2,"label_es":"Medio","label_en":"Medium"},"geometry":{"type":"Polygon","coordinates":[[[-2.394486,42.470356],[-2.393877,42.470356],[-2.393877,42.470805],[-2.394486,42.470805],[-2.394486,42.470356]]]}},{"type":"Feature","properties":{"gridcode":3,"label_es":"Alto","label_en":"High"},"geometry":{"type":"Polygon","coordinates":[[[-2.399356,42.470356],[-2.398747,42.470356],[-2.398747,42.470805],[-2.399356,42.470805],[-2.399356,42.470356]]]}},{"type":"Feature","properties":{"gridcode":2,"label_es":"Medio","label_en":"Medium"},"geometry":{"type":"Polygon","coordinates":[[[-2.404836,42.470356],[-2.404227,42.470356],[-2.404227,42.470805],[-2.404836,42.470805],[-2.404836,42.470356]]]}},{"type":"Feature","properties":{"gridcode":3,"label_es":"Alto","label_en":"High"},"geometry":{"type":"Polygon","coordinates":[[[-2.40788,42.470356],[-2.407271,42.470356],[-2.407271,42.470805],[-2.40788,42.470805],[-2.40788,42.470356]]]}},{"type":"Feature","properties":{"gridcode":3,"label_es":"Alto","label_en":"High"},"geometry":{"type":"Polygon","coordinates":[[[-2.407271,42.470356],[-2.406662,42.470356],[-2.406662,42.470805],[-2.407271,42.470805],[-2.407271,42.470356]]]}},{"type":"Feature","properties":{"gridcode":2,"label_es":"Medio","label_en":"Medium"},"geometry":{"type":"Polygon","coordinates":[[[-2.404227,42.470356],[-2.403618,42.470356],[-2.403618,42.470805],[-2.404227,42.470805],[-2.404227,42.470356]]]}},{"type":"Feature","properties":{"gridcode":2,"label_es":"Medio","label_en":"Medium"},"geometry":{"type":"Polygon","coordinates":[[[-2.395094,42.470356],[-2.394486,42.470356],[-2.394486,42.470805],[-2.395094,42.470805],[-2.395094,42.470356]]]}},{"type":"Feature","properties":{"gridcode":2,"label_es":"Medio","label_en":"Medium"},"geometry":{"type":"Polygon","coordinates":[[[-2.39205,42.470356],[-2.391442,42.470356],[-2.391442,42.470805],[-2.39205,42.470805],[-2.39205,42.470356]]]}},{"type":"Feature","properties":{"gridcode":3,"label_es":"Alto","label_en":"High"},"geometry":{"type":"Polygon","coordinates":[[[-2.424318,42.470805],[-2.423709,42.470805],[-2.423709,42.471254],[-2.424318,42.471254],[-2.424318,42.470805]]]}},{"type":"Feature","properties":{"gridcode":3,"label_es":"Alto","label_en":"High"},"geometry":{"type":"Polygon","coordinates":[[[-2.457803,42.470805],[-2.457194,42.470805],[-2.457194,42.471254],[-2.457803,42.471254],[-2.457803,42.470805]]]}},{"type":"Feature","properties":{"gridcode":2,"label_es":"Medio","label_en":"Medium"},"geometry":{"type":"Polygon","coordinates":[[[-2.424318,42.470356],[-2.423709,42.470356],[-2.423709,42.470805],[-2.424318,42.470805],[-2.424318,42.470356]]]}},{"type":"Feature","properties":{"gridcode":2,"label_es":"Medio","label_en":"Medium"},"geometry":{"type":"Polygon","coordinates":[[[-2.396921,42.470356],[-2.396312,42.470356],[-2.396312,42.470805],[-2.396921,42.470805],[-2.396921,42.470356]]]}},{"type":"Feature","properties":{"gridcode":3,"label_es":"Alto","label_en":"High"},"geometry":{"type":"Polygon","coordinates":[[[-2.443191,42.470805],[-2.442582,42.470805],[-2.442582,42.471254],[-2.443191,42.471254],[-2.443191,42.470805]]]}},{"type":"Feature","properties":{"gridcode":3,"label_es":"Alto","label_en":"High"},"geometry":{"type":"Polygon","coordinates":[[[-2.393268,42.470356],[-2.392659,42.470356],[-2.392659,42.470805],[-2.393268,42.470805],[-2.393268,42.470356]]]}},{"type":"Feature","properties":{"gridcode":3,"label_es":"Alto","label_en":"High"},"geometry":{"type":"Polygon","coordinates":[[[-2.453541,42.470805],[-2.452932,42.470805],[-2.452932,42.471254],[-2.453541,42.471254],[-2.453541,42.470805]]]}},{"type":"Feature","properties":{"gridcode":3,"label_es":"Alto","label_en":"High"},"geometry":{"type":"Polygon","coordinates":[[[-2.444409,42.470356],[-2.4438,42.470356],[-2.4438,42.470805],[-2.444409,42.470805],[-2.444409,42.470356]]]}},{"type":"Feature","properties":{"gridcode":2,"label_es":"Medio","label_en":"Medium"},"geometry":{"type":"Polygon","coordinates":[[[-2.426753,42.470356],[-2.426144,42.470356],[-2.426144,42.470805],[-2.426753,42.470805],[-2.426753,42.470356]]]}},{"type":"Feature","properties":{"gridcode":3,"label_es":"Alto","label_en":"High"},"geometry":{"type":"Polygon","coordinates":[[[-2.457803,42.470356],[-2.457194,42.470356],[-2.457194,42.470805],[-2.457803,42.470805],[-2.457803,42.470356]]]}},{"type":"Feature","properties":{"gridcode":3,"label_es":"Alto","label_en":"High"},"geometry":{"type":"Polygon","coordinates":[[[-2.406662,42.470356],[-2.406053,42.470356],[-2.406053,42.470805],[-2.406662,42.470805],[-2.406662,42.470356]]]}},{"type":"Feature","properties":{"gridcode":2,"label_es":"Medio","label_en":"Medium"},"geometry":{"type":"Polygon","coordinates":[[[-2.39205,42.469907],[-2.391442,42.469907],[-2.391442,42.470356],[-2.39205,42.470356],[-2.39205,42.469907]]]}},{"type":"Feature","properties":{"gridcode":2,"label_es":"Medio","label_en":"Medium"},"geometry":{"type":"Polygon","coordinates":[[[-2.423709,42.470356],[-2.4231,42.470356],[-2.4231,42.470805],[-2.423709,42.470805],[-2.423709,42.470356]]]}},{"type":"Feature","properties":{"gridcode":2,"label_es":"Medio","label_en":"Medium"},"geometry":{"type":"Polygon","coordinates":[[[-2.396312,42.469907],[-2.395703,42.469907],[-2.395703,42.470356],[-2.396312,42.470356],[-2.396312,42.469907]]]}},{"type":"Feature","properties":{"gridcode":2,"label_es":"Medio","label_en":"Medium"},"geometry":{"type":"Polygon","coordinates":[[[-2.379874,42.469907],[-2.379265,42.469907],[-2.379265,42.470356],[-2.379874,42.470356],[-2.379874,42.469907]]]}},{"type":"Feature","properties":{"gridcode":2,"label_es":"Medio","label_en":"Medium"},"geometry":{"type":"Polygon","coordinates":[[[-2.426144,42.470356],[-2.425535,42.470356],[-2.425535,42.470805],[-2.426144,42.470805],[-2.426144,42.470356]]]}},{"type":"Feature","properties":{"gridcode":2,"label_es":"Medio","label_en":"Medium"},"geometry":{"type":"Polygon","coordinates":[[[-2.404227,42.469907],[-2.403618,42.469907],[-2.403618,42.470356],[-2.404227,42.470356],[-2.404227,42.469907]]]}},{"type":"Feature","properties":{"gridcode":2,"label_es":"Medio","label_en":"Medium"},"geometry":{"type":"Polygon","coordinates":[[[-2.399965,42.469907],[-2.399356,42.469907],[-2.399356,42.470356],[-2.399965,42.470356],[-2.399965,42.469907]]]}},{"type":"Feature","properties":{"gridcode":4,"label_es":"Muy alto","label_en":"Very high"},"geometry":{"type":"Polygon","coordinates":[[[-2.395094,42.469907],[-2.394486,42.469907],[-2.394486,42.470356],[-2.395094,42.470356],[-2.395094,42.469907]]]}},{"type":"Feature","properties":{"gridcode":2,"label_es":"Medio","label_en":"Medium"},"geometry":{"type":"Polygon","coordinates":[[[-2.380483,42.469907],[-2.379874,42.469907],[-2.379874,42.470356],[-2.380483,42.470356],[-2.380483,42.469907]]]}},{"type":"Feature","properties":{"gridcode":3,"label_es":"Alto","label_en":"High"},"geometry":{"type":"Polygon","coordinates":[[[-2.438929,42.470356],[-2.438321,42.470356],[-2.438321,42.470805],[-2.438929,42.470805],[-2.438929,42.470356]]]}},{"type":"Feature","properties":{"gridcode":2,"label_es":"Medio","label_en":"Medium"},"geometry":{"type":"Polygon","coordinates":[[[-2.379265,42.469907],[-2.378656,42.469907],[-2.378656,42.470356],[-2.379265,42.470356],[-2.379265,42.469907]]]}},{"type":"Feature","properties":{"gridcode":2,"label_es":"Medio","label_en":"Medium"},"geometry":{"type":"Polygon","coordinates":[[[-2.381092,42.469907],[-2.380483,42.469907],[-2.380483,42.470356],[-2.381092,42.470356],[-2.381092,42.469907]]]}},{"type":"Feature","properties":{"gridcode":2,"label_es":"Medio","label_en":"Medium"},"geometry":{"type":"Polygon","coordinates":[[[-2.395703,42.469907],[-2.395094,42.469907],[-2.395094,42.470356],[-2.395703,42.470356],[-2.395703,42.469907]]]}},{"type":"Feature","properties":{"gridcode":2,"label_es":"Medio","label_en":"Medium"},"geometry":{"type":"Polygon","coordinates":[[[-2.396921,42.469907],[-2.396312,42.469907],[-2.396312,42.470356],[-2.396921,42.470356],[-2.396921,42.469907]]]}},{"type":"Feature","properties":{"gridcode":2,"label_es":"Medio","label_en":"Medium"},"geometry":{"type":"Polygon","coordinates":[[[-2.440147,42.470356],[-2.439538,42.470356],[-2.439538,42.470805],[-2.440147,42.470805],[-2.440147,42.470356]]]}},{"type":"Feature","properties":{"gridcode":2,"label_es":"Medio","label_en":"Medium"},"geometry":{"type":"Polygon","coordinates":[[[-2.3817,42.469907],[-2.381092,42.469907],[-2.381092,42.470356],[-2.3817,42.470356],[-2.3817,42.469907]]]}},{"type":"Feature","properties":{"gridcode":3,"label_es":"Alto","label_en":"High"},"geometry":{"type":"Polygon","coordinates":[[[-2.423709,42.469907],[-2.4231,42.469907],[-2.4231,42.470356],[-2.423709,42.470356],[-2.423709,42.469907]]]}},{"type":"Feature","properties":{"gridcode":2,"label_es":"Medio","label_en":"Medium"},"geometry":{"type":"Polygon","coordinates":[[[-2.410315,42.470356],[-2.409706,42.470356],[-2.409706,42.470805],[-2.410315,42.470805],[-2.410315,42.470356]]]}},{"type":"Feature","properties":{"gridcode":2,"label_es":"Medio","label_en":"Medium"},"geometry":{"type":"Polygon","coordinates":[[[-2.457194,42.470356],[-2.456585,42.470356],[-2.456585,42.470805],[-2.457194,42.470805],[-2.457194,42.470356]]]}},{"type":"Feature","properties":{"gridcode":2,"label_es":"Medio","label_en":"Medium"},"geometry":{"type":"Polygon","coordinates":[[[-2.4231,42.469907],[-2.422491,42.469907],[-2.422491,42.470356],[-2.4231,42.470356],[-2.4231,42.469907]]]}},{"type":"Feature","properties":{"gridcode":2,"label_es":"Medio","label_en":"Medium"},"geometry":{"type":"Polygon","coordinates":[[[-2.382309,42.469907],[-2.3817,42.469907],[-2.3817,42.470356],[-2.382309,42.470356],[-2.382309,42.469907]]]}},{"type":"Feature","properties":{"gridcode":2,"label_es":"Medio","label_en":"Medium"},"geometry":{"type":"Polygon","coordinates":[[[-2.440147,42.469907],[-2.439538,42.469907],[-2.439538,42.470356],[-2.440147,42.470356],[-2.440147,42.469907]]]}},{"type":"Feature","properties":{"gridcode":3,"label_es":"Alto","label_en":"High"},"geometry":{"type":"Polygon","coordinates":[[[-2.405444,42.470356],[-2.404836,42.470356],[-2.404836,42.470805],[-2.405444,42.470805],[-2.405444,42.470356]]]}},{"type":"Feature","properties":{"gridcode":2,"label_es":"Medio","label_en":"Medium"},"geometry":{"type":"Polygon","coordinates":[[[-2.410924,42.470356],[-2.410315,42.470356],[-2.410315,42.470805],[-2.410924,42.470805],[-2.410924,42.470356]]]}},{"type":"Feature","properties":{"gridcode":2,"label_es":"Medio","label_en":"Medium"},"geometry":{"type":"Polygon","coordinates":[[[-2.383527,42.469907],[-2.382918,42.469907],[-2.382918,42.470356],[-2.383527,42.470356],[-2.383527,42.469907]]]}},{"type":"Feature","properties":{"gridcode":2,"label_es":"Medio","label_en":"Medium"},"geometry":{"type":"Polygon","coordinates":[[[-2.382918,42.469907],[-2.382309,42.469907],[-2.382309,42.470356],[-2.382918,42.470356],[-2.382918,42.469907]]]}},{"type":"Feature","properties":{"gridcode":2,"label_es":"Medio","label_en":"Medium"},"geometry":{"type":"Polygon","coordinates":[[[-2.384136,42.469907],[-2.383527,42.469907],[-2.383527,42.470356],[-2.384136,42.470356],[-2.384136,42.469907]]]}},{"type":"Feature","properties":{"gridcode":2,"label_es":"Medio","label_en":"Medium"},"geometry":{"type":"Polygon","coordinates":[[[-2.426144,42.469907],[-2.425535,42.469907],[-2.425535,42.470356],[-2.426144,42.470356],[-2.426144,42.469907]]]}},{"type":"Feature","properties":{"gridcode":3,"label_es":"Alto","label_en":"High"},"geometry":{"type":"Polygon","coordinates":[[[-2.457194,42.469907],[-2.456585,42.469907],[-2.456585,42.470356],[-2.457194,42.470356],[-2.457194,42.469907]]]}},{"type":"Feature","properties":{"gridcode":2,"label_es":"Medio","label_en":"Medium"},"geometry":{"type":"Polygon","coordinates":[[[-2.440756,42.469907],[-2.440147,42.469907],[-2.440147,42.470356],[-2.440756,42.470356],[-2.440756,42.469907]]]}},{"type":"Feature","properties":{"gridcode":2,"label_es":"Medio","label_en":"Medium"},"geometry":{"type":"Polygon","coordinates":[[[-2.378656,42.469907],[-2.378048,42.469907],[-2.378048,42.470356],[-2.378656,42.470356],[-2.378656,42.469907]]]}},{"type":"Feature","properties":{"gridcode":3,"label_es":"Alto","label_en":"High"},"geometry":{"type":"Polygon","coordinates":[[[-2.376221,42.469907],[-2.375612,42.469907],[-2.375612,42.470356],[-2.376221,42.470356],[-2.376221,42.469907]]]}},{"type":"Feature","properties":{"gridcode":2,"label_es":"Medio","label_en":"Medium"},"geometry":{"type":"Polygon","coordinates":[[[-2.384745,42.469907],[-2.384136,42.469907],[-2.384136,42.470356],[-2.384745,42.470356],[-2.384745,42.469907]]]}},{"type":"Feature","properties":{"gridcode":3,"label_es":"Alto","label_en":"High"},"geometry":{"type":"Polygon","coordinates":[[[-2.400574,42.469907],[-2.399965,42.469907],[-2.399965,42.470356],[-2.400574,42.470356],[-2.400574,42.469907]]]}},{"type":"Feature","properties":{"gridcode":2,"label_es":"Medio","label_en":"Medium"},"geometry":{"type":"Polygon","coordinates":[[[-2.39753,42.469907],[-2.396921,42.469907],[-2.396921,42.470356],[-2.39753,42.470356],[-2.39753,42.469907]]]}},{"type":"Feature","properties":{"gridcode":2,"label_es":"Medio","label_en":"Medium"},"geometry":{"type":"Polygon","coordinates":[[[-2.437712,42.472152],[-2.437103,42.472152],[-2.437103,42.472602],[-2.437712,42.472602],[-2.437712,42.472152]]]}},{"type":"Feature","properties":{"gridcode":2,"label_es":"Medio","label_en":"Medium"},"geometry":{"type":"Polygon","coordinates":[[[-2.391442,42.469907],[-2.390833,42.469907],[-2.390833,42.470356],[-2.391442,42.470356],[-2.391442,42.469907]]]}},{"type":"Feature","properties":{"gridcode":2,"label_es":"Medio","label_en":"Medium"},"geometry":{"type":"Polygon","coordinates":[[[-2.378656,42.469457],[-2.378048,42.469457],[-2.378048,42.469907],[-2.378656,42.469907],[-2.378656,42.469457]]]}},{"type":"Feature","properties":{"gridcode":2,"label_es":"Medio","label_en":"Medium"},"geometry":{"type":"Polygon","coordinates":[[[-2.385353,42.469457],[-2.384745,42.469457],[-2.384745,42.469907],[-2.385353,42.469907],[-2.385353,42.469457]]]}},{"type":"Feature","properties":{"gridcode":3,"label_es":"Alto","label_en":"High"},"geometry":{"type":"Polygon","coordinates":[[[-2.385962,42.469457],[-2.385353,42.469457],[-2.385353,42.469907],[-2.385962,42.469907],[-2.385962,42.469457]]]}},{"type":"Feature","properties":{"gridcode":2,"label_es":"Medio","label_en":"Medium"},"geometry":{"type":"Polygon","coordinates":[[[-2.422491,42.469907],[-2.421882,42.469907],[-2.421882,42.470356],[-2.422491,42.470356],[-2.422491,42.469907]]]}},{"type":"Feature","properties":{"gridcode":2,"label_es":"Medio","label_en":"Medium"},"geometry":{"type":"Polygon","coordinates":[[[-2.421882,42.469907],[-2.421274,42.469907],[-2.421274,42.470356],[-2.421882,42.470356],[-2.421882,42.469907]]]}},{"type":"Feature","properties":{"gridcode":2,"label_es":"Medio","label_en":"Medium"},"geometry":{"type":"Polygon","coordinates":[[[-2.396921,42.469457],[-2.396312,42.469457],[-2.396312,42.469907],[-2.396921,42.469907],[-2.396921,42.469457]]]}},{"type":"Feature","properties":{"gridcode":3,"label_es":"Alto","label_en":"High"},"geometry":{"type":"Polygon","coordinates":[[[-2.400574,42.469457],[-2.399965,42.469457],[-2.399965,42.469907],[-2.400574,42.469907],[-2.400574,42.469457]]]}},{"type":"Feature","properties":{"gridcode":2,"label_es":"Medio","label_en":"Medium"},"geometry":{"type":"Polygon","coordinates":[[[-2.39753,42.469457],[-2.396921,42.469457],[-2.396921,42.469907],[-2.39753,42.469907],[-2.39753,42.469457]]]}},{"type":"Feature","properties":{"gridcode":2,"label_es":"Medio","label_en":"Medium"},"geometry":{"type":"Polygon","coordinates":[[[-2.390833,42.469457],[-2.390224,42.469457],[-2.390224,42.469907],[-2.390833,42.469907],[-2.390833,42.469457]]]}},{"type":"Feature","properties":{"gridcode":2,"label_es":"Medio","label_en":"Medium"},"geometry":{"type":"Polygon","coordinates":[[[-2.404227,42.469457],[-2.403618,42.469457],[-2.403618,42.469907],[-2.404227,42.469907],[-2.404227,42.469457]]]}},{"type":"Feature","properties":{"gridcode":3,"label_es":"Alto","label_en":"High"},"geometry":{"type":"Polygon","coordinates":[[[-2.386571,42.469457],[-2.385962,42.469457],[-2.385962,42.469907],[-2.386571,42.469907],[-2.386571,42.469457]]]}},{"type":"Feature","properties":{"gridcode":3,"label_es":"Alto","label_en":"High"},"geometry":{"type":"Polygon","coordinates":[[[-2.456585,42.469907],[-2.455976,42.469907],[-2.455976,42.470356],[-2.456585,42.470356],[-2.456585,42.469907]]]}},{"type":"Feature","properties":{"gridcode":2,"label_es":"Medio","label_en":"Medium"},"geometry":{"type":"Polygon","coordinates":[[[-2.396312,42.469457],[-2.395703,42.469457],[-2.395703,42.469907],[-2.396312,42.469907],[-2.396312,42.469457]]]}},{"type":"Feature","properties":{"gridcode":2,"label_es":"Medio","label_en":"Medium"},"geometry":{"type":"Polygon","coordinates":[[[-2.441365,42.469907],[-2.440756,42.469907],[-2.440756,42.470356],[-2.441365,42.470356],[-2.441365,42.469907]]]}},{"type":"Feature","properties":{"gridcode":2,"label_es":"Medio","label_en":"Medium"},"geometry":{"type":"Polygon","coordinates":[[[-2.421882,42.469457],[-2.421274,42.469457],[-2.421274,42.469907],[-2.421882,42.469907],[-2.421882,42.469457]]]}},{"type":"Feature","properties":{"gridcode":3,"label_es":"Alto","label_en":"High"},"geometry":{"type":"Polygon","coordinates":[[[-2.38718,42.469457],[-2.386571,42.469457],[-2.386571,42.469907],[-2.38718,42.469907],[-2.38718,42.469457]]]}},{"type":"Feature","properties":{"gridcode":2,"label_es":"Medio","label_en":"Medium"},"geometry":{"type":"Polygon","coordinates":[[[-2.424927,42.469457],[-2.424318,42.469457],[-2.424318,42.469907],[-2.424927,42.469907],[-2.424927,42.469457]]]}},{"type":"Feature","properties":{"gridcode":2,"label_es":"Medio","label_en":"Medium"},"geometry":{"type":"Polygon","coordinates":[[[-2.382309,42.469457],[-2.3817,42.469457],[-2.3817,42.469907],[-2.382309,42.469907],[-2.382309,42.469457]]]}},{"type":"Feature","properties":{"gridcode":3,"label_es":"Alto","label_en":"High"},"geometry":{"type":"Polygon","coordinates":[[[-2.406053,42.469457],[-2.405444,42.469457],[-2.405444,42.469907],[-2.406053,42.469907],[-2.406053,42.469457]]]}},{"type":"Feature","properties":{"gridcode":3,"label_es":"Alto","label_en":"High"},"geometry":{"type":"Polygon","coordinates":[[[-2.455976,42.469907],[-2.455368,42.469907],[-2.455368,42.470356],[-2.455976,42.470356],[-2.455976,42.469907]]]}},{"type":"Feature","properties":{"gridcode":2,"label_es":"Medio","label_en":"Medium"},"geometry":{"type":"Polygon","coordinates":[[[-2.441365,42.469457],[-2.440756,42.469457],[-2.440756,42.469907],[-2.441365,42.469907],[-2.441365,42.469457]]]}},{"type":"Feature","properties":{"gridcode":2,"label_es":"Medio","label_en":"Medium"},"geometry":{"type":"Polygon","coordinates":[[[-2.379265,42.469457],[-2.378656,42.469457],[-2.378656,42.469907],[-2.379265,42.469907],[-2.379265,42.469457]]]}},{"type":"Feature","properties":{"gridcode":3,"label_es":"Alto","label_en":"High"},"geometry":{"type":"Polygon","coordinates":[[[-2.455976,42.469457],[-2.455368,42.469457],[-2.455368,42.469907],[-2.455976,42.469907],[-2.455976,42.469457]]]}},{"type":"Feature","properties":{"gridcode":2,"label_es":"Medio","label_en":"Medium"},"geometry":{"type":"Polygon","coordinates":[[[-2.390224,42.469457],[-2.389615,42.469457],[-2.389615,42.469907],[-2.390224,42.469907],[-2.390224,42.469457]]]}},{"type":"Feature","properties":{"gridcode":3,"label_es":"Alto","label_en":"High"},"geometry":{"type":"Polygon","coordinates":[[[-2.387789,42.469457],[-2.38718,42.469457],[-2.38718,42.469907],[-2.387789,42.469907],[-2.387789,42.469457]]]}},{"type":"Feature","properties":{"gridcode":2,"label_es":"Medio","label_en":"Medium"},"geometry":{"type":"Polygon","coordinates":[[[-2.441974,42.469457],[-2.441365,42.469457],[-2.441365,42.469907],[-2.441974,42.469907],[-2.441974,42.469457]]]}},{"type":"Feature","properties":{"gridcode":3,"label_es":"Alto","label_en":"High"},"geometry":{"type":"Polygon","coordinates":[[[-2.37683,42.469457],[-2.376221,42.469457],[-2.376221,42.469907],[-2.37683,42.469907],[-2.37683,42.469457]]]}},{"type":"Feature","properties":{"gridcode":3,"label_es":"Alto","label_en":"High"},"geometry":{"type":"Polygon","coordinates":[[[-2.455368,42.469457],[-2.454759,42.469457],[-2.454759,42.469907],[-2.455368,42.469907],[-2.455368,42.469457]]]}},{"type":"Feature","properties":{"gridcode":3,"label_es":"Alto","label_en":"High"},"geometry":{"type":"Polygon","coordinates":[[[-2.375612,42.469008],[-2.375003,42.469008],[-2.375003,42.469457],[-2.375612,42.469457],[-2.375612,42.469008]]]}},{"type":"Feature","properties":{"gridcode":3,"label_es":"Alto","label_en":"High"},"geometry":{"type":"Polygon","coordinates":[[[-2.388397,42.469008],[-2.387789,42.469008],[-2.387789,42.469457],[-2.388397,42.469457],[-2.388397,42.469008]]]}},{"type":"Feature","properties":{"gridcode":3,"label_es":"Alto","label_en":"High"},"geometry":{"type":"Polygon","coordinates":[[[-2.376221,42.469008],[-2.375612,42.469008],[-2.375612,42.469457],[-2.376221,42.469457],[-2.376221,42.469008]]]}},{"type":"Feature","properties":{"gridcode":2,"label_es":"Medio","label_en":"Medium"},"geometry":{"type":"Polygon","coordinates":[[[-2.400574,42.469008],[-2.399965,42.469008],[-2.399965,42.469457],[-2.400574,42.469457],[-2.400574,42.469008]]]}},{"type":"Feature","properties":{"gridcode":3,"label_es":"Alto","label_en":"High"},"geometry":{"type":"Polygon","coordinates":[[[-2.454759,42.469457],[-2.45415,42.469457],[-2.45415,42.469907],[-2.454759,42.469907],[-2.454759,42.469457]]]}},{"type":"Feature","properties":{"gridcode":2,"label_es":"Medio","label_en":"Medium"},"geometry":{"type":"Polygon","coordinates":[[[-2.421274,42.469457],[-2.420665,42.469457],[-2.420665,42.469907],[-2.421274,42.469907],[-2.421274,42.469457]]]}},{"type":"Feature","properties":{"gridcode":3,"label_es":"Alto","label_en":"High"},"geometry":{"type":"Polygon","coordinates":[[[-2.389006,42.469008],[-2.388397,42.469008],[-2.388397,42.469457],[-2.389006,42.469457],[-2.389006,42.469008]]]}},{"type":"Feature","properties":{"gridcode":2,"label_es":"Medio","label_en":"Medium"},"geometry":{"type":"Polygon","coordinates":[[[-2.45415,42.469457],[-2.453541,42.469457],[-2.453541,42.469907],[-2.45415,42.469907],[-2.45415,42.469457]]]}},{"type":"Feature","properties":{"gridcode":4,"label_es":"Muy alto","label_en":"Very high"},"geometry":{"type":"Polygon","coordinates":[[[-2.408488,42.469008],[-2.40788,42.469008],[-2.40788,42.469457],[-2.408488,42.469457],[-2.408488,42.469008]]]}},{"type":"Feature","properties":{"gridcode":2,"label_es":"Medio","label_en":"Medium"},"geometry":{"type":"Polygon","coordinates":[[[-2.379265,42.469008],[-2.378656,42.469008],[-2.378656,42.469457],[-2.379265,42.469457],[-2.379265,42.469008]]]}},{"type":"Feature","properties":{"gridcode":2,"label_es":"Medio","label_en":"Medium"},"geometry":{"type":"Polygon","coordinates":[[[-2.379874,42.469008],[-2.379265,42.469008],[-2.379265,42.469457],[-2.379874,42.469457],[-2.379874,42.469008]]]}},{"type":"Feature","properties":{"gridcode":2,"label_es":"Medio","label_en":"Medium"},"geometry":{"type":"Polygon","coordinates":[[[-2.442582,42.469457],[-2.441974,42.469457],[-2.441974,42.469907],[-2.442582,42.469907],[-2.442582,42.469457]]]}},{"type":"Feature","properties":{"gridcode":2,"label_es":"Medio","label_en":"Medium"},"geometry":{"type":"Polygon","coordinates":[[[-2.423709,42.469008],[-2.4231,42.469008],[-2.4231,42.469457],[-2.423709,42.469457],[-2.423709,42.469008]]]}},{"type":"Feature","properties":{"gridcode":3,"label_es":"Alto","label_en":"High"},"geometry":{"type":"Polygon","coordinates":[[[-2.453541,42.469457],[-2.452932,42.469457],[-2.452932,42.469907],[-2.453541,42.469907],[-2.453541,42.469457]]]}},{"type":"Feature","properties":{"gridcode":2,"label_es":"Medio","label_en":"Medium"},"geometry":{"type":"Polygon","coordinates":[[[-2.442582,42.469008],[-2.441974,42.469008],[-2.441974,42.469457],[-2.442582,42.469457],[-2.442582,42.469008]]]}},{"type":"Feature","properties":{"gridcode":2,"label_es":"Medio","label_en":"Medium"},"geometry":{"type":"Polygon","coordinates":[[[-2.420665,42.469008],[-2.420056,42.469008],[-2.420056,42.469457],[-2.420665,42.469457],[-2.420665,42.469008]]]}},{"type":"Feature","properties":{"gridcode":3,"label_es":"Alto","label_en":"High"},"geometry":{"type":"Polygon","coordinates":[[[-2.404836,42.469008],[-2.404227,42.469008],[-2.404227,42.469457],[-2.404836,42.469457],[-2.404836,42.469008]]]}},{"type":"Feature","properties":{"gridcode":2,"label_es":"Medio","label_en":"Medium"},"geometry":{"type":"Polygon","coordinates":[[[-2.453541,42.469008],[-2.452932,42.469008],[-2.452932,42.469457],[-2.453541,42.469457],[-2.453541,42.469008]]]}},{"type":"Feature","properties":{"gridcode":2,"label_es":"Medio","label_en":"Medium"},"geometry":{"type":"Polygon","coordinates":[[[-2.38718,42.469008],[-2.386571,42.469008],[-2.386571,42.469457],[-2.38718,42.469457],[-2.38718,42.469008]]]}},{"type":"Feature","properties":{"gridcode":2,"label_es":"Medio","label_en":"Medium"},"geometry":{"type":"Polygon","coordinates":[[[-2.452932,42.469008],[-2.452323,42.469008],[-2.452323,42.469457],[-2.452932,42.469457],[-2.452932,42.469008]]]}},{"type":"Feature","properties":{"gridcode":2,"label_es":"Medio","label_en":"Medium"},"geometry":{"type":"Polygon","coordinates":[[[-2.4231,42.469008],[-2.422491,42.469008],[-2.422491,42.469457],[-2.4231,42.469457],[-2.4231,42.469008]]]}},{"type":"Feature","properties":{"gridcode":2,"label_es":"Medio","label_en":"Medium"},"geometry":{"type":"Polygon","coordinates":[[[-2.420056,42.469008],[-2.419447,42.469008],[-2.419447,42.469457],[-2.420056,42.469457],[-2.420056,42.469008]]]}},{"type":"Feature","properties":{"gridcode":2,"label_es":"Medio","label_en":"Medium"},"geometry":{"type":"Polygon","coordinates":[[[-2.382309,42.468559],[-2.3817,42.468559],[-2.3817,42.469008],[-2.382309,42.469008],[-2.382309,42.468559]]]}},{"type":"Feature","properties":{"gridcode":2,"label_es":"Medio","label_en":"Medium"},"geometry":{"type":"Polygon","coordinates":[[[-2.452323,42.469008],[-2.451715,42.469008],[-2.451715,42.469457],[-2.452323,42.469457],[-2.452323,42.469008]]]}},{"type":"Feature","properties":{"gridcode":2,"label_es":"Medio","label_en":"Medium"},"geometry":{"type":"Polygon","coordinates":[[[-2.443191,42.469008],[-2.442582,42.469008],[-2.442582,42.469457],[-2.443191,42.469457],[-2.443191,42.469008]]]}},{"type":"Feature","properties":{"gridcode":3,"label_es":"Alto","label_en":"High"},"geometry":{"type":"Polygon","coordinates":[[[-2.391442,42.468559],[-2.390833,42.468559],[-2.390833,42.469008],[-2.391442,42.469008],[-2.391442,42.468559]]]}},{"type":"Feature","properties":{"gridcode":2,"label_es":"Medio","label_en":"Medium"},"geometry":{"type":"Polygon","coordinates":[[[-2.400574,42.468559],[-2.399965,42.468559],[-2.399965,42.469008],[-2.400574,42.469008],[-2.400574,42.468559]]]}},{"type":"Feature","properties":{"gridcode":3,"label_es":"Alto","label_en":"High"},"geometry":{"type":"Polygon","coordinates":[[[-2.392659,42.468559],[-2.39205,42.468559],[-2.39205,42.469008],[-2.392659,42.469008],[-2.392659,42.468559]]]}},{"type":"Feature","properties":{"gridcode":2,"label_es":"Medio","label_en":"Medium"},"geometry":{"type":"Polygon","coordinates":[[[-2.38718,42.468559],[-2.386571,42.468559],[-2.386571,42.469008],[-2.38718,42.469008],[-2.38718,42.468559]]]}},{"type":"Feature","properties":{"gridcode":2,"label_es":"Medio","label_en":"Medium"},"geometry":{"type":"Polygon","coordinates":[[[-2.450497,42.469008],[-2.449888,42.469008],[-2.449888,42.469457],[-2.450497,42.469457],[-2.450497,42.469008]]]}},{"type":"Feature","properties":{"gridcode":2,"label_es":"Medio","label_en":"Medium"},"geometry":{"type":"Polygon","coordinates":[[[-2.4438,42.469008],[-2.443191,42.469008],[-2.443191,42.469457],[-2.4438,42.469457],[-2.4438,42.469008]]]}},{"type":"Feature","properties":{"gridcode":2,"label_es":"Medio","label_en":"Medium"},"geometry":{"type":"Polygon","coordinates":[[[-2.420056,42.468559],[-2.419447,42.468559],[-2.419447,42.469008],[-2.420056,42.469008],[-2.420056,42.468559]]]}},{"type":"Feature","properties":{"gridcode":2,"label_es":"Medio","label_en":"Medium"},"geometry":{"type":"Polygon","coordinates":[[[-2.4231,42.468559],[-2.422491,42.468559],[-2.422491,42.469008],[-2.4231,42.469008],[-2.4231,42.468559]]]}},{"type":"Feature","properties":{"gridcode":2,"label_es":"Medio","label_en":"Medium"},"geometry":{"type":"Polygon","coordinates":[[[-2.404836,42.468559],[-2.404227,42.468559],[-2.404227,42.469008],[-2.404836,42.469008],[-2.404836,42.468559]]]}},{"type":"Feature","properties":{"gridcode":4,"label_es":"Muy alto","label_en":"Very high"},"geometry":{"type":"Polygon","coordinates":[[[-2.448671,42.469008],[-2.448062,42.469008],[-2.448062,42.469457],[-2.448671,42.469457],[-2.448671,42.469008]]]}},{"type":"Feature","properties":{"gridcode":2,"label_es":"Medio","label_en":"Medium"},"geometry":{"type":"Polygon","coordinates":[[[-2.409706,42.468559],[-2.409097,42.468559],[-2.409097,42.469008],[-2.409706,42.469008],[-2.409706,42.468559]]]}},{"type":"Feature","properties":{"gridcode":2,"label_es":"Medio","label_en":"Medium"},"geometry":{"type":"Polygon","coordinates":[[[-2.401183,42.468559],[-2.400574,42.468559],[-2.400574,42.469008],[-2.401183,42.469008],[-2.401183,42.468559]]]}},{"type":"Feature","properties":{"gridcode":2,"label_es":"Medio","label_en":"Medium"},"geometry":{"type":"Polygon","coordinates":[[[-2.3817,42.468559],[-2.381092,42.468559],[-2.381092,42.469008],[-2.3817,42.469008],[-2.3817,42.468559]]]}},{"type":"Feature","properties":{"gridcode":2,"label_es":"Medio","label_en":"Medium"},"geometry":{"type":"Polygon","coordinates":[[[-2.444409,42.469008],[-2.4438,42.469008],[-2.4438,42.469457],[-2.444409,42.469457],[-2.444409,42.469008]]]}},{"type":"Feature","properties":{"gridcode":2,"label_es":"Medio","label_en":"Medium"},"geometry":{"type":"Polygon","coordinates":[[[-2.419447,42.468559],[-2.418838,42.468559],[-2.418838,42.469008],[-2.419447,42.469008],[-2.419447,42.468559]]]}},{"type":"Feature","properties":{"gridcode":2,"label_es":"Medio","label_en":"Medium"},"geometry":{"type":"Polygon","coordinates":[[[-2.444409,42.468559],[-2.4438,42.468559],[-2.4438,42.469008],[-2.444409,42.469008],[-2.444409,42.468559]]]}},{"type":"Feature","properties":{"gridcode":3,"label_es":"Alto","label_en":"High"},"geometry":{"type":"Polygon","coordinates":[[[-2.4438,42.468559],[-2.443191,42.468559],[-2.443191,42.469008],[-2.4438,42.469008],[-2.4438,42.468559]]]}},{"type":"Feature","properties":{"gridcode":2,"label_es":"Medio","label_en":"Medium"},"geometry":{"type":"Polygon","coordinates":[[[-2.422491,42.468559],[-2.421882,42.468559],[-2.421882,42.469008],[-2.422491,42.469008],[-2.422491,42.468559]]]}},{"type":"Feature","properties":{"gridcode":2,"label_es":"Medio","label_en":"Medium"},"geometry":{"type":"Polygon","coordinates":[[[-2.399356,42.468559],[-2.398747,42.468559],[-2.398747,42.469008],[-2.399356,42.469008],[-2.399356,42.468559]]]}},{"type":"Feature","properties":{"gridcode":2,"label_es":"Medio","label_en":"Medium"},"geometry":{"type":"Polygon","coordinates":[[[-2.410315,42.469457],[-2.409706,42.469457],[-2.409706,42.469907],[-2.410315,42.469907],[-2.410315,42.469457]]]}},{"type":"Feature","properties":{"gridcode":2,"label_es":"Medio","label_en":"Medium"},"geometry":{"type":"Polygon","coordinates":[[[-2.417621,42.468559],[-2.417012,42.468559],[-2.417012,42.469008],[-2.417621,42.469008],[-2.417621,42.468559]]]}},{"type":"Feature","properties":{"gridcode":2,"label_es":"Medio","label_en":"Medium"},"geometry":{"type":"Polygon","coordinates":[[[-2.405444,42.468559],[-2.404836,42.468559],[-2.404836,42.469008],[-2.405444,42.469008],[-2.405444,42.468559]]]}},{"type":"Feature","properties":{"gridcode":4,"label_es":"Muy alto","label_en":"Very high"},"geometry":{"type":"Polygon","coordinates":[[[-2.446844,42.468559],[-2.446235,42.468559],[-2.446235,42.469008],[-2.446844,42.469008],[-2.446844,42.468559]]]}},{"type":"Feature","properties":{"gridcode":2,"label_es":"Medio","label_en":"Medium"},"geometry":{"type":"Polygon","coordinates":[[[-2.381092,42.46811],[-2.380483,42.46811],[-2.380483,42.468559],[-2.381092,42.468559],[-2.381092,42.46811]]]}},{"type":"Feature","properties":{"gridcode":2,"label_es":"Medio","label_en":"Medium"},"geometry":{"type":"Polygon","coordinates":[[[-2.401183,42.46811],[-2.400574,42.46811],[-2.400574,42.468559],[-2.401183,42.468559],[-2.401183,42.46811]]]}},{"type":"Feature","properties":{"gridcode":2,"label_es":"Medio","label_en":"Medium"},"geometry":{"type":"Polygon","coordinates":[[[-2.387789,42.46811],[-2.38718,42.46811],[-2.38718,42.468559],[-2.387789,42.468559],[-2.387789,42.46811]]]}},{"type":"Feature","properties":{"gridcode":2,"label_es":"Medio","label_en":"Medium"},"geometry":{"type":"Polygon","coordinates":[[[-2.418838,42.468559],[-2.41823,42.468559],[-2.41823,42.469008],[-2.418838,42.469008],[-2.418838,42.468559]]]}},{"type":"Feature","properties":{"gridcode":2,"label_es":"Medio","label_en":"Medium"},"geometry":{"type":"Polygon","coordinates":[[[-2.410315,42.468559],[-2.409706,42.468559],[-2.409706,42.469008],[-2.410315,42.469008],[-2.410315,42.468559]]]}},{"type":"Feature","properties":{"gridcode":3,"label_es":"Alto","label_en":"High"},"geometry":{"type":"Polygon","coordinates":[[[-2.449279,42.468559],[-2.448671,42.468559],[-2.448671,42.469008],[-2.449279,42.469008],[-2.449279,42.468559]]]}},{"type":"Feature","properties":{"gridcode":2,"label_es":"Medio","label_en":"Medium"},"geometry":{"type":"Polygon","coordinates":[[[-2.380483,42.46811],[-2.379874,42.46811],[-2.379874,42.468559],[-2.380483,42.468559],[-2.380483,42.46811]]]}},{"type":"Feature","properties":{"gridcode":2,"label_es":"Medio","label_en":"Medium"},"geometry":{"type":"Polygon","coordinates":[[[-2.421882,42.468559],[-2.421274,42.468559],[-2.421274,42.469008],[-2.421882,42.469008],[-2.421882,42.468559]]]}},{"type":"Feature","properties":{"gridcode":2,"label_es":"Medio","label_en":"Medium"},"geometry":{"type":"Polygon","coordinates":[[[-2.418838,42.46811],[-2.41823,42.46811],[-2.41823,42.468559],[-2.418838,42.468559],[-2.418838,42.46811]]]}},{"type":"Feature","properties":{"gridcode":2,"label_es":"Medio","label_en":"Medium"},"geometry":{"type":"Polygon","coordinates":[[[-2.417621,42.46811],[-2.417012,42.46811],[-2.417012,42.468559],[-2.417621,42.468559],[-2.417621,42.46811]]]}},{"type":"Feature","properties":{"gridcode":2,"label_es":"Medio","label_en":"Medium"},"geometry":{"type":"Polygon","coordinates":[[[-2.451106,42.468559],[-2.450497,42.468559],[-2.450497,42.469008],[-2.451106,42.469008],[-2.451106,42.468559]]]}},{"type":"Feature","properties":{"gridcode":4,"label_es":"Muy alto","label_en":"Very high"},"geometry":{"type":"Polygon","coordinates":[[[-2.405444,42.46811],[-2.404836,42.46811],[-2.404836,42.468559],[-2.405444,42.468559],[-2.405444,42.46811]]]}},{"type":"Feature","properties":{"gridcode":3,"label_es":"Alto","label_en":"High"},"geometry":{"type":"Polygon","coordinates":[[[-2.450497,42.468559],[-2.449888,42.468559],[-2.449888,42.469008],[-2.450497,42.469008],[-2.450497,42.468559]]]}},{"type":"Feature","properties":{"gridcode":2,"label_es":"Medio","label_en":"Medium"},"geometry":{"type":"Polygon","coordinates":[[[-2.448671,42.468559],[-2.448062,42.468559],[-2.448062,42.469008],[-2.448671,42.469008],[-2.448671,42.468559]]]}},{"type":"Feature","properties":{"gridcode":2,"label_es":"Medio","label_en":"Medium"},"geometry":{"type":"Polygon","coordinates":[[[-2.410924,42.46811],[-2.410315,42.46811],[-2.410315,42.468559],[-2.410924,42.468559],[-2.410924,42.46811]]]}},{"type":"Feature","properties":{"gridcode":2,"label_es":"Medio","label_en":"Medium"},"geometry":{"type":"Polygon","coordinates":[[[-2.411533,42.46811],[-2.410924,42.46811],[-2.410924,42.468559],[-2.411533,42.468559],[-2.411533,42.46811]]]}},{"type":"Feature","properties":{"gridcode":2,"label_es":"Medio","label_en":"Medium"},"geometry":{"type":"Polygon","coordinates":[[[-2.41823,42.46811],[-2.417621,42.46811],[-2.417621,42.468559],[-2.41823,42.468559],[-2.41823,42.46811]]]}},{"type":"Feature","properties":{"gridcode":2,"label_es":"Medio","label_en":"Medium"},"geometry":{"type":"Polygon","coordinates":[[[-2.401791,42.46811],[-2.401183,42.46811],[-2.401183,42.468559],[-2.401791,42.468559],[-2.401791,42.46811]]]}},{"type":"Feature","properties":{"gridcode":2,"label_es":"Medio","label_en":"Medium"},"geometry":{"type":"Polygon","coordinates":[[[-2.447453,42.46811],[-2.446844,42.46811],[-2.446844,42.468559],[-2.447453,42.468559],[-2.447453,42.46811]]]}},{"type":"Feature","properties":{"gridcode":2,"label_es":"Medio","label_en":"Medium"},"geometry":{"type":"Polygon","coordinates":[[[-2.446235,42.46811],[-2.445626,42.46811],[-2.445626,42.468559],[-2.446235,42.468559],[-2.446235,42.46811]]]}},{"type":"Feature","properties":{"gridcode":2,"label_es":"Medio","label_en":"Medium"},"geometry":{"type":"Polygon","coordinates":[[[-2.421274,42.46811],[-2.420665,42.46811],[-2.420665,42.468559],[-2.421274,42.468559],[-2.421274,42.46811]]]}},{"type":"Feature","properties":{"gridcode":2,"label_es":"Medio","label_en":"Medium"},"geometry":{"type":"Polygon","coordinates":[[[-2.400574,42.46811],[-2.399965,42.46811],[-2.399965,42.468559],[-2.400574,42.468559],[-2.400574,42.46811]]]}},{"type":"Feature","properties":{"gridcode":3,"label_es":"Alto","label_en":"High"},"geometry":{"type":"Polygon","coordinates":[[[-2.388397,42.467661],[-2.387789,42.467661],[-2.387789,42.46811],[-2.388397,42.46811],[-2.388397,42.467661]]]}},{"type":"Feature","properties":{"gridcode":2,"label_es":"Medio","label_en":"Medium"},"geometry":{"type":"Polygon","coordinates":[[[-2.446844,42.46811],[-2.446235,42.46811],[-2.446235,42.468559],[-2.446844,42.468559],[-2.446844,42.46811]]]}},{"type":"Feature","properties":{"gridcode":2,"label_es":"Medio","label_en":"Medium"},"geometry":{"type":"Polygon","coordinates":[[[-2.401791,42.467661],[-2.401183,42.467661],[-2.401183,42.46811],[-2.401791,42.46811],[-2.401791,42.467661]]]}},{"type":"Feature","properties":{"gridcode":2,"label_es":"Medio","label_en":"Medium"},"geometry":{"type":"Polygon","coordinates":[[[-2.448062,42.468559],[-2.447453,42.468559],[-2.447453,42.469008],[-2.448062,42.469008],[-2.448062,42.468559]]]}},{"type":"Feature","properties":{"gridcode":3,"label_es":"Alto","label_en":"High"},"geometry":{"type":"Polygon","coordinates":[[[-2.387789,42.467661],[-2.38718,42.467661],[-2.38718,42.46811],[-2.387789,42.46811],[-2.387789,42.467661]]]}},{"type":"Feature","properties":{"gridcode":3,"label_es":"Alto","label_en":"High"},"geometry":{"type":"Polygon","coordinates":[[[-2.446235,42.468559],[-2.445626,42.468559],[-2.445626,42.469008],[-2.446235,42.469008],[-2.446235,42.468559]]]}},{"type":"Feature","properties":{"gridcode":2,"label_es":"Medio","label_en":"Medium"},"geometry":{"type":"Polygon","coordinates":[[[-2.420665,42.46811],[-2.420056,42.46811],[-2.420056,42.468559],[-2.420665,42.468559],[-2.420665,42.46811]]]}},{"type":"Feature","properties":{"gridcode":2,"label_es":"Medio","label_en":"Medium"},"geometry":{"type":"Polygon","coordinates":[[[-2.400574,42.467661],[-2.399965,42.467661],[-2.399965,42.46811],[-2.400574,42.46811],[-2.400574,42.467661]]]}},{"type":"Feature","properties":{"gridcode":2,"label_es":"Medio","label_en":"Medium"},"geometry":{"type":"Polygon","coordinates":[[[-2.38718,42.467661],[-2.386571,42.467661],[-2.386571,42.46811],[-2.38718,42.46811],[-2.38718,42.467661]]]}},{"type":"Feature","properties":{"gridcode":2,"label_es":"Medio","label_en":"Medium"},"geometry":{"type":"Polygon","coordinates":[[[-2.417621,42.467661],[-2.417012,42.467661],[-2.417012,42.46811],[-2.417621,42.46811],[-2.417621,42.467661]]]}},{"type":"Feature","properties":{"gridcode":3,"label_es":"Alto","label_en":"High"},"geometry":{"type":"Polygon","coordinates":[[[-2.409706,42.467661],[-2.409097,42.467661],[-2.409097,42.46811],[-2.409706,42.46811],[-2.409706,42.467661]]]}},{"type":"Feature","properties":{"gridcode":3,"label_es":"Alto","label_en":"High"},"geometry":{"type":"Polygon","coordinates":[[[-2.408488,42.467661],[-2.40788,42.467661],[-2.40788,42.46811],[-2.408488,42.46811],[-2.408488,42.467661]]]}},{"type":"Feature","properties":{"gridcode":2,"label_es":"Medio","label_en":"Medium"},"geometry":{"type":"Polygon","coordinates":[[[-2.406053,42.467661],[-2.405444,42.467661],[-2.405444,42.46811],[-2.406053,42.46811],[-2.406053,42.467661]]]}},{"type":"Feature","properties":{"gridcode":2,"label_es":"Medio","label_en":"Medium"},"geometry":{"type":"Polygon","coordinates":[[[-2.4024,42.467661],[-2.401791,42.467661],[-2.401791,42.46811],[-2.4024,42.46811],[-2.4024,42.467661]]]}},{"type":"Feature","properties":{"gridcode":2,"label_es":"Medio","label_en":"Medium"},"geometry":{"type":"Polygon","coordinates":[[[-2.401183,42.469008],[-2.400574,42.469008],[-2.400574,42.469457],[-2.401183,42.469457],[-2.401183,42.469008]]]}},{"type":"Feature","properties":{"gridcode":2,"label_es":"Medio","label_en":"Medium"},"geometry":{"type":"Polygon","coordinates":[[[-2.379874,42.46811],[-2.379265,42.46811],[-2.379265,42.468559],[-2.379874,42.468559],[-2.379874,42.46811]]]}},{"type":"Feature","properties":{"gridcode":2,"label_es":"Medio","label_en":"Medium"},"geometry":{"type":"Polygon","coordinates":[[[-2.420665,42.467661],[-2.420056,42.467661],[-2.420056,42.46811],[-2.420665,42.46811],[-2.420665,42.467661]]]}},{"type":"Feature","properties":{"gridcode":3,"label_es":"Alto","label_en":"High"},"geometry":{"type":"Polygon","coordinates":[[[-2.40788,42.467661],[-2.407271,42.467661],[-2.407271,42.46811],[-2.40788,42.46811],[-2.40788,42.467661]]]}},{"type":"Feature","properties":{"gridcode":2,"label_es":"Medio","label_en":"Medium"},"geometry":{"type":"Polygon","coordinates":[[[-2.376221,42.467661],[-2.375612,42.467661],[-2.375612,42.46811],[-2.376221,42.46811],[-2.376221,42.467661]]]}},{"type":"Feature","properties":{"gridcode":3,"label_es":"Alto","label_en":"High"},"geometry":{"type":"Polygon","coordinates":[[[-2.409097,42.467661],[-2.408488,42.467661],[-2.408488,42.46811],[-2.409097,42.46811],[-2.409097,42.467661]]]}},{"type":"Feature","properties":{"gridcode":2,"label_es":"Medio","label_en":"Medium"},"geometry":{"type":"Polygon","coordinates":[[[-2.406662,42.467661],[-2.406053,42.467661],[-2.406053,42.46811],[-2.406662,42.46811],[-2.406662,42.467661]]]}},{"type":"Feature","properties":{"gridcode":3,"label_es":"Alto","label_en":"High"},"geometry":{"type":"Polygon","coordinates":[[[-2.417012,42.467661],[-2.416403,42.467661],[-2.416403,42.46811],[-2.417012,42.46811],[-2.417012,42.467661]]]}},{"type":"Feature","properties":{"gridcode":3,"label_es":"Alto","label_en":"High"},"geometry":{"type":"Polygon","coordinates":[[[-2.413359,42.467661],[-2.41275,42.467661],[-2.41275,42.46811],[-2.413359,42.46811],[-2.413359,42.467661]]]}},{"type":"Feature","properties":{"gridcode":2,"label_es":"Medio","label_en":"Medium"},"geometry":{"type":"Polygon","coordinates":[[[-2.405444,42.469008],[-2.404836,42.469008],[-2.404836,42.469457],[-2.405444,42.469457],[-2.405444,42.469008]]]}},{"type":"Feature","properties":{"gridcode":3,"label_es":"Alto","label_en":"High"},"geometry":{"type":"Polygon","coordinates":[[[-2.389006,42.467212],[-2.388397,42.467212],[-2.388397,42.467661],[-2.389006,42.467661],[-2.389006,42.467212]]]}},{"type":"Feature","properties":{"gridcode":2,"label_es":"Medio","label_en":"Medium"},"geometry":{"type":"Polygon","coordinates":[[[-2.388397,42.467212],[-2.387789,42.467212],[-2.387789,42.467661],[-2.388397,42.467661],[-2.388397,42.467212]]]}},{"type":"Feature","properties":{"gridcode":3,"label_es":"Alto","label_en":"High"},"geometry":{"type":"Polygon","coordinates":[[[-2.415794,42.467661],[-2.415185,42.467661],[-2.415185,42.46811],[-2.415794,42.46811],[-2.415794,42.467661]]]}},{"type":"Feature","properties":{"gridcode":2,"label_es":"Medio","label_en":"Medium"},"geometry":{"type":"Polygon","coordinates":[[[-2.38718,42.467212],[-2.386571,42.467212],[-2.386571,42.467661],[-2.38718,42.467661],[-2.38718,42.467212]]]}},{"type":"Feature","properties":{"gridcode":3,"label_es":"Alto","label_en":"High"},"geometry":{"type":"Polygon","coordinates":[[[-2.416403,42.467661],[-2.415794,42.467661],[-2.415794,42.46811],[-2.416403,42.46811],[-2.416403,42.467661]]]}},{"type":"Feature","properties":{"gridcode":2,"label_es":"Medio","label_en":"Medium"},"geometry":{"type":"Polygon","coordinates":[[[-2.403009,42.467661],[-2.4024,42.467661],[-2.4024,42.46811],[-2.403009,42.46811],[-2.403009,42.467661]]]}},{"type":"Feature","properties":{"gridcode":2,"label_es":"Medio","label_en":"Medium"},"geometry":{"type":"Polygon","coordinates":[[[-2.379874,42.467661],[-2.379265,42.467661],[-2.379265,42.46811],[-2.379874,42.46811],[-2.379874,42.467661]]]}},{"type":"Feature","properties":{"gridcode":2,"label_es":"Medio","label_en":"Medium"},"geometry":{"type":"Polygon","coordinates":[[[-2.403009,42.467212],[-2.4024,42.467212],[-2.4024,42.467661],[-2.403009,42.467661],[-2.403009,42.467212]]]}},{"type":"Feature","properties":{"gridcode":2,"label_es":"Medio","label_en":"Medium"},"geometry":{"type":"Polygon","coordinates":[[[-2.389615,42.467212],[-2.389006,42.467212],[-2.389006,42.467661],[-2.389615,42.467661],[-2.389615,42.467212]]]}},{"type":"Feature","properties":{"gridcode":3,"label_es":"Alto","label_en":"High"},"geometry":{"type":"Polygon","coordinates":[[[-2.412141,42.467661],[-2.411533,42.467661],[-2.411533,42.46811],[-2.412141,42.46811],[-2.412141,42.467661]]]}},{"type":"Feature","properties":{"gridcode":2,"label_es":"Medio","label_en":"Medium"},"geometry":{"type":"Polygon","coordinates":[[[-2.420056,42.467661],[-2.419447,42.467661],[-2.419447,42.46811],[-2.420056,42.46811],[-2.420056,42.467661]]]}},{"type":"Feature","properties":{"gridcode":2,"label_es":"Medio","label_en":"Medium"},"geometry":{"type":"Polygon","coordinates":[[[-2.407271,42.467661],[-2.406662,42.467661],[-2.406662,42.46811],[-2.407271,42.46811],[-2.407271,42.467661]]]}},{"type":"Feature","properties":{"gridcode":2,"label_es":"Medio","label_en":"Medium"},"geometry":{"type":"Polygon","coordinates":[[[-2.407271,42.467212],[-2.406662,42.467212],[-2.406662,42.467661],[-2.407271,42.467661],[-2.407271,42.467212]]]}},{"type":"Feature","properties":{"gridcode":2,"label_es":"Medio","label_en":"Medium"},"geometry":{"type":"Polygon","coordinates":[[[-2.4024,42.467212],[-2.401791,42.467212],[-2.401791,42.467661],[-2.4024,42.467661],[-2.4024,42.467212]]]}},{"type":"Feature","properties":{"gridcode":3,"label_es":"Alto","label_en":"High"},"geometry":{"type":"Polygon","coordinates":[[[-2.417012,42.467212],[-2.416403,42.467212],[-2.416403,42.467661],[-2.417012,42.467661],[-2.417012,42.467212]]]}},{"type":"Feature","properties":{"gridcode":2,"label_es":"Medio","label_en":"Medium"},"geometry":{"type":"Polygon","coordinates":[[[-2.379874,42.467212],[-2.379265,42.467212],[-2.379265,42.467661],[-2.379874,42.467661],[-2.379874,42.467212]]]}},{"type":"Feature","properties":{"gridcode":2,"label_es":"Medio","label_en":"Medium"},"geometry":{"type":"Polygon","coordinates":[[[-2.415794,42.467212],[-2.415185,42.467212],[-2.415185,42.467661],[-2.415794,42.467661],[-2.415794,42.467212]]]}},{"type":"Feature","properties":{"gridcode":3,"label_es":"Alto","label_en":"High"},"geometry":{"type":"Polygon","coordinates":[[[-2.408488,42.467212],[-2.40788,42.467212],[-2.40788,42.467661],[-2.408488,42.467661],[-2.408488,42.467212]]]}},{"type":"Feature","properties":{"gridcode":2,"label_es":"Medio","label_en":"Medium"},"geometry":{"type":"Polygon","coordinates":[[[-2.390224,42.467212],[-2.389615,42.467212],[-2.389615,42.467661],[-2.390224,42.467661],[-2.390224,42.467212]]]}},{"type":"Feature","properties":{"gridcode":2,"label_es":"Medio","label_en":"Medium"},"geometry":{"type":"Polygon","coordinates":[[[-2.379265,42.467212],[-2.378656,42.467212],[-2.378656,42.467661],[-2.379265,42.467661],[-2.379265,42.467212]]]}},{"type":"Feature","properties":{"gridcode":2,"label_es":"Medio","label_en":"Medium"},"geometry":{"type":"Polygon","coordinates":[[[-2.415185,42.467212],[-2.414577,42.467212],[-2.414577,42.467661],[-2.415185,42.467661],[-2.415185,42.467212]]]}},{"type":"Feature","properties":{"gridcode":2,"label_es":"Medio","label_en":"Medium"},"geometry":{"type":"Polygon","coordinates":[[[-2.390833,42.467212],[-2.390224,42.467212],[-2.390224,42.467661],[-2.390833,42.467661],[-2.390833,42.467212]]]}},{"type":"Feature","properties":{"gridcode":3,"label_es":"Alto","label_en":"High"},"geometry":{"type":"Polygon","coordinates":[[[-2.40788,42.467212],[-2.407271,42.467212],[-2.407271,42.467661],[-2.40788,42.467661],[-2.40788,42.467212]]]}},{"type":"Feature","properties":{"gridcode":3,"label_es":"Alto","label_en":"High"},"geometry":{"type":"Polygon","coordinates":[[[-2.374395,42.467212],[-2.373786,42.467212],[-2.373786,42.467661],[-2.374395,42.467661],[-2.374395,42.467212]]]}},{"type":"Feature","properties":{"gridcode":2,"label_es":"Medio","label_en":"Medium"},"geometry":{"type":"Polygon","coordinates":[[[-2.412141,42.467212],[-2.411533,42.467212],[-2.411533,42.467661],[-2.412141,42.467661],[-2.412141,42.467212]]]}},{"type":"Feature","properties":{"gridcode":2,"label_es":"Medio","label_en":"Medium"},"geometry":{"type":"Polygon","coordinates":[[[-2.403618,42.467212],[-2.403009,42.467212],[-2.403009,42.467661],[-2.403618,42.467661],[-2.403618,42.467212]]]}},{"type":"Feature","properties":{"gridcode":4,"label_es":"Muy alto","label_en":"Very high"},"geometry":{"type":"Polygon","coordinates":[[[-2.407271,42.469457],[-2.406662,42.469457],[-2.406662,42.469907],[-2.407271,42.469907],[-2.407271,42.469457]]]}},{"type":"Feature","properties":{"gridcode":3,"label_es":"Alto","label_en":"High"},"geometry":{"type":"Polygon","coordinates":[[[-2.406662,42.467212],[-2.406053,42.467212],[-2.406053,42.467661],[-2.406662,42.467661],[-2.406662,42.467212]]]}},{"type":"Feature","properties":{"gridcode":2,"label_es":"Medio","label_en":"Medium"},"geometry":{"type":"Polygon","coordinates":[[[-2.419447,42.467212],[-2.418838,42.467212],[-2.418838,42.467661],[-2.419447,42.467661],[-2.419447,42.467212]]]}},{"type":"Feature","properties":{"gridcode":2,"label_es":"Medio","label_en":"Medium"},"geometry":{"type":"Polygon","coordinates":[[[-2.392659,42.467212],[-2.39205,42.467212],[-2.39205,42.467661],[-2.392659,42.467661],[-2.392659,42.467212]]]}},{"type":"Feature","properties":{"gridcode":4,"label_es":"Muy alto","label_en":"Very high"},"geometry":{"type":"Polygon","coordinates":[[[-2.357956,42.466762],[-2.357348,42.466762],[-2.357348,42.467212],[-2.357956,42.467212],[-2.357956,42.466762]]]}},{"type":"Feature","properties":{"gridcode":2,"label_es":"Medio","label_en":"Medium"},"geometry":{"type":"Polygon","coordinates":[[[-2.39205,42.466762],[-2.391442,42.466762],[-2.391442,42.467212],[-2.39205,42.467212],[-2.39205,42.466762]]]}},{"type":"Feature","properties":{"gridcode":2,"label_es":"Medio","label_en":"Medium"},"geometry":{"type":"Polygon","coordinates":[[[-2.418838,42.467212],[-2.41823,42.467212],[-2.41823,42.467661],[-2.418838,42.467661],[-2.418838,42.467212]]]}},{"type":"Feature","properties":{"gridcode":3,"label_es":"Alto","label_en":"High"},"geometry":{"type":"Polygon","coordinates":[[[-2.432232,42.470356],[-2.431624,42.470356],[-2.431624,42.470805],[-2.432232,42.470805],[-2.432232,42.470356]]]}},{"type":"Feature","properties":{"gridcode":2,"label_es":"Medio","label_en":"Medium"},"geometry":{"type":"Polygon","coordinates":[[[-2.413359,42.467212],[-2.41275,42.467212],[-2.41275,42.467661],[-2.413359,42.467661],[-2.413359,42.467212]]]}},{"type":"Feature","properties":{"gridcode":2,"label_es":"Medio","label_en":"Medium"},"geometry":{"type":"Polygon","coordinates":[[[-2.403009,42.466762],[-2.4024,42.466762],[-2.4024,42.467212],[-2.403009,42.467212],[-2.403009,42.466762]]]}},{"type":"Feature","properties":{"gridcode":2,"label_es":"Medio","label_en":"Medium"},"geometry":{"type":"Polygon","coordinates":[[[-2.403618,42.466762],[-2.403009,42.466762],[-2.403009,42.467212],[-2.403618,42.467212],[-2.403618,42.466762]]]}},{"type":"Feature","properties":{"gridcode":2,"label_es":"Medio","label_en":"Medium"},"geometry":{"type":"Polygon","coordinates":[[[-2.41275,42.467212],[-2.412141,42.467212],[-2.412141,42.467661],[-2.41275,42.467661],[-2.41275,42.467212]]]}},{"type":"Feature","properties":{"gridcode":4,"label_es":"Muy alto","label_en":"Very high"},"geometry":{"type":"Polygon","coordinates":[[[-2.396312,42.466762],[-2.395703,42.466762],[-2.395703,42.467212],[-2.396312,42.467212],[-2.396312,42.466762]]]}},{"type":"Feature","properties":{"gridcode":2,"label_es":"Medio","label_en":"Medium"},"geometry":{"type":"Polygon","coordinates":[[[-2.41823,42.467212],[-2.417621,42.467212],[-2.417621,42.467661],[-2.41823,42.467661],[-2.41823,42.467212]]]}},{"type":"Feature","properties":{"gridcode":2,"label_es":"Medio","label_en":"Medium"},"geometry":{"type":"Polygon","coordinates":[[[-2.38718,42.466762],[-2.386571,42.466762],[-2.386571,42.467212],[-2.38718,42.467212],[-2.38718,42.466762]]]}},{"type":"Feature","properties":{"gridcode":2,"label_es":"Medio","label_en":"Medium"},"geometry":{"type":"Polygon","coordinates":[[[-2.41823,42.466762],[-2.417621,42.466762],[-2.417621,42.467212],[-2.41823,42.467212],[-2.41823,42.466762]]]}},{"type":"Feature","properties":{"gridcode":3,"label_es":"Alto","label_en":"High"},"geometry":{"type":"Polygon","coordinates":[[[-2.392659,42.466762],[-2.39205,42.466762],[-2.39205,42.467212],[-2.392659,42.467212],[-2.392659,42.466762]]]}},{"type":"Feature","properties":{"gridcode":4,"label_es":"Muy alto","label_en":"Very high"},"geometry":{"type":"Polygon","coordinates":[[[-2.409097,42.467212],[-2.408488,42.467212],[-2.408488,42.467661],[-2.409097,42.467661],[-2.409097,42.467212]]]}},{"type":"Feature","properties":{"gridcode":2,"label_es":"Medio","label_en":"Medium"},"geometry":{"type":"Polygon","coordinates":[[[-2.418838,42.466762],[-2.41823,42.466762],[-2.41823,42.467212],[-2.418838,42.467212],[-2.418838,42.466762]]]}},{"type":"Feature","properties":{"gridcode":2,"label_es":"Medio","label_en":"Medium"},"geometry":{"type":"Polygon","coordinates":[[[-2.411533,42.467661],[-2.410924,42.467661],[-2.410924,42.46811],[-2.411533,42.46811],[-2.411533,42.467661]]]}},{"type":"Feature","properties":{"gridcode":2,"label_es":"Medio","label_en":"Medium"},"geometry":{"type":"Polygon","coordinates":[[[-2.388397,42.466762],[-2.387789,42.466762],[-2.387789,42.467212],[-2.388397,42.467212],[-2.388397,42.466762]]]}},{"type":"Feature","properties":{"gridcode":2,"label_es":"Medio","label_en":"Medium"},"geometry":{"type":"Polygon","coordinates":[[[-2.417621,42.466762],[-2.417012,42.466762],[-2.417012,42.467212],[-2.417621,42.467212],[-2.417621,42.466762]]]}},{"type":"Feature","properties":{"gridcode":4,"label_es":"Muy alto","label_en":"Very high"},"geometry":{"type":"Polygon","coordinates":[[[-2.357348,42.466762],[-2.356739,42.466762],[-2.356739,42.467212],[-2.357348,42.467212],[-2.357348,42.466762]]]}},{"type":"Feature","properties":{"gridcode":3,"label_es":"Alto","label_en":"High"},"geometry":{"type":"Polygon","coordinates":[[[-2.393268,42.466762],[-2.392659,42.466762],[-2.392659,42.467212],[-2.393268,42.467212],[-2.393268,42.466762]]]}},{"type":"Feature","properties":{"gridcode":3,"label_es":"Alto","label_en":"High"},"geometry":{"type":"Polygon","coordinates":[[[-2.393877,42.466762],[-2.393268,42.466762],[-2.393268,42.467212],[-2.393877,42.467212],[-2.393877,42.466762]]]}},{"type":"Feature","properties":{"gridcode":4,"label_es":"Muy alto","label_en":"Very high"},"geometry":{"type":"Polygon","coordinates":[[[-2.356739,42.466762],[-2.35613,42.466762],[-2.35613,42.467212],[-2.356739,42.467212],[-2.356739,42.466762]]]}},{"type":"Feature","properties":{"gridcode":2,"label_es":"Medio","label_en":"Medium"},"geometry":{"type":"Polygon","coordinates":[[[-2.404227,42.466762],[-2.403618,42.466762],[-2.403618,42.467212],[-2.404227,42.467212],[-2.404227,42.466762]]]}},{"type":"Feature","properties":{"gridcode":4,"label_es":"Muy alto","label_en":"Very high"},"geometry":{"type":"Polygon","coordinates":[[[-2.413359,42.466762],[-2.41275,42.466762],[-2.41275,42.467212],[-2.413359,42.467212],[-2.413359,42.466762]]]}},{"type":"Feature","properties":{"gridcode":4,"label_es":"Muy alto","label_en":"Very high"},"geometry":{"type":"Polygon","coordinates":[[[-2.356739,42.466313],[-2.35613,42.466313],[-2.35613,42.466762],[-2.356739,42.466762],[-2.356739,42.466313]]]}},{"type":"Feature","properties":{"gridcode":2,"label_es":"Medio","label_en":"Medium"},"geometry":{"type":"Polygon","coordinates":[[[-2.414577,42.467212],[-2.413968,42.467212],[-2.413968,42.467661],[-2.414577,42.467661],[-2.414577,42.467212]]]}},{"type":"Feature","properties":{"gridcode":4,"label_es":"Muy alto","label_en":"Very high"},"geometry":{"type":"Polygon","coordinates":[[[-2.414577,42.466762],[-2.413968,42.466762],[-2.413968,42.467212],[-2.414577,42.467212],[-2.414577,42.466762]]]}},{"type":"Feature","properties":{"gridcode":2,"label_es":"Medio","label_en":"Medium"},"geometry":{"type":"Polygon","coordinates":[[[-2.410924,42.467212],[-2.410315,42.467212],[-2.410315,42.467661],[-2.410924,42.467661],[-2.410924,42.467212]]]}},{"type":"Feature","properties":{"gridcode":3,"label_es":"Alto","label_en":"High"},"geometry":{"type":"Polygon","coordinates":[[[-2.410315,42.466762],[-2.409706,42.466762],[-2.409706,42.467212],[-2.410315,42.467212],[-2.410315,42.466762]]]}},{"type":"Feature","properties":{"gridcode":2,"label_es":"Medio","label_en":"Medium"},"geometry":{"type":"Polygon","coordinates":[[[-2.409097,42.466762],[-2.408488,42.466762],[-2.408488,42.467212],[-2.409097,42.467212],[-2.409097,42.466762]]]}},{"type":"Feature","properties":{"gridcode":3,"label_es":"Alto","label_en":"High"},"geometry":{"type":"Polygon","coordinates":[[[-2.394486,42.466762],[-2.393877,42.466762],[-2.393877,42.467212],[-2.394486,42.467212],[-2.394486,42.466762]]]}},{"type":"Feature","properties":{"gridcode":2,"label_es":"Medio","label_en":"Medium"},"geometry":{"type":"Polygon","coordinates":[[[-2.41275,42.466762],[-2.412141,42.466762],[-2.412141,42.467212],[-2.41275,42.467212],[-2.41275,42.466762]]]}},{"type":"Feature","properties":{"gridcode":2,"label_es":"Medio","label_en":"Medium"},"geometry":{"type":"Polygon","coordinates":[[[-2.410924,42.466762],[-2.410315,42.466762],[-2.410315,42.467212],[-2.410924,42.467212],[-2.410924,42.466762]]]}},{"type":"Feature","properties":{"gridcode":2,"label_es":"Medio","label_en":"Medium"},"geometry":{"type":"Polygon","coordinates":[[[-2.411533,42.466762],[-2.410924,42.466762],[-2.410924,42.467212],[-2.411533,42.467212],[-2.411533,42.466762]]]}},{"type":"Feature","properties":{"gridcode":2,"label_es":"Medio","label_en":"Medium"},"geometry":{"type":"Polygon","coordinates":[[[-2.413968,42.467212],[-2.413359,42.467212],[-2.413359,42.467661],[-2.413968,42.467661],[-2.413968,42.467212]]]}},{"type":"Feature","properties":{"gridcode":2,"label_es":"Medio","label_en":"Medium"},"geometry":{"type":"Polygon","coordinates":[[[-2.412141,42.466762],[-2.411533,42.466762],[-2.411533,42.467212],[-2.412141,42.467212],[-2.412141,42.466762]]]}},{"type":"Feature","properties":{"gridcode":2,"label_es":"Medio","label_en":"Medium"},"geometry":{"type":"Polygon","coordinates":[[[-2.392659,42.466313],[-2.39205,42.466313],[-2.39205,42.466762],[-2.392659,42.466762],[-2.392659,42.466313]]]}},{"type":"Feature","properties":{"gridcode":2,"label_es":"Medio","label_en":"Medium"},"geometry":{"type":"Polygon","coordinates":[[[-2.39205,42.466313],[-2.391442,42.466313],[-2.391442,42.466762],[-2.39205,42.466762],[-2.39205,42.466313]]]}},{"type":"Feature","properties":{"gridcode":2,"label_es":"Medio","label_en":"Medium"},"geometry":{"type":"Polygon","coordinates":[[[-2.390224,42.466313],[-2.389615,42.466313],[-2.389615,42.466762],[-2.390224,42.466762],[-2.390224,42.466313]]]}},{"type":"Feature","properties":{"gridcode":2,"label_es":"Medio","label_en":"Medium"},"geometry":{"type":"Polygon","coordinates":[[[-2.390833,42.466313],[-2.390224,42.466313],[-2.390224,42.466762],[-2.390833,42.466762],[-2.390833,42.466313]]]}},{"type":"Feature","properties":{"gridcode":2,"label_es":"Medio","label_en":"Medium"},"geometry":{"type":"Polygon","coordinates":[[[-2.358565,42.466313],[-2.357956,42.466313],[-2.357956,42.466762],[-2.358565,42.466762],[-2.358565,42.466313]]]}},{"type":"Feature","properties":{"gridcode":2,"label_es":"Medio","label_en":"Medium"},"geometry":{"type":"Polygon","coordinates":[[[-2.38718,42.466313],[-2.386571,42.466313],[-2.386571,42.466762],[-2.38718,42.466762],[-2.38718,42.466313]]]}},{"type":"Feature","properties":{"gridcode":3,"label_es":"Alto","label_en":"High"},"geometry":{"type":"Polygon","coordinates":[[[-2.404836,42.466313],[-2.404227,42.466313],[-2.404227,42.466762],[-2.404836,42.466762],[-2.404836,42.466313]]]}},{"type":"Feature","properties":{"gridcode":3,"label_es":"Alto","label_en":"High"},"geometry":{"type":"Polygon","coordinates":[[[-2.395094,42.466313],[-2.394486,42.466313],[-2.394486,42.466762],[-2.395094,42.466762],[-2.395094,42.466313]]]}},{"type":"Feature","properties":{"gridcode":3,"label_es":"Alto","label_en":"High"},"geometry":{"type":"Polygon","coordinates":[[[-2.408488,42.468559],[-2.40788,42.468559],[-2.40788,42.469008],[-2.408488,42.469008],[-2.408488,42.468559]]]}},{"type":"Feature","properties":{"gridcode":3,"label_es":"Alto","label_en":"High"},"geometry":{"type":"Polygon","coordinates":[[[-2.412141,42.466313],[-2.411533,42.466313],[-2.411533,42.466762],[-2.412141,42.466762],[-2.412141,42.466313]]]}},{"type":"Feature","properties":{"gridcode":3,"label_es":"Alto","label_en":"High"},"geometry":{"type":"Polygon","coordinates":[[[-2.394486,42.466313],[-2.393877,42.466313],[-2.393877,42.466762],[-2.394486,42.466762],[-2.394486,42.466313]]]}},{"type":"Feature","properties":{"gridcode":2,"label_es":"Medio","label_en":"Medium"},"geometry":{"type":"Polygon","coordinates":[[[-2.405444,42.466313],[-2.404836,42.466313],[-2.404836,42.466762],[-2.405444,42.466762],[-2.405444,42.466313]]]}},{"type":"Feature","properties":{"gridcode":2,"label_es":"Medio","label_en":"Medium"},"geometry":{"type":"Polygon","coordinates":[[[-2.393268,42.466313],[-2.392659,42.466313],[-2.392659,42.466762],[-2.393268,42.466762],[-2.393268,42.466313]]]}},{"type":"Feature","properties":{"gridcode":2,"label_es":"Medio","label_en":"Medium"},"geometry":{"type":"Polygon","coordinates":[[[-2.386571,42.466313],[-2.385962,42.466313],[-2.385962,42.466762],[-2.386571,42.466762],[-2.386571,42.466313]]]}},{"type":"Feature","properties":{"gridcode":2,"label_es":"Medio","label_en":"Medium"},"geometry":{"type":"Polygon","coordinates":[[[-2.406053,42.466313],[-2.405444,42.466313],[-2.405444,42.466762],[-2.406053,42.466762],[-2.406053,42.466313]]]}},{"type":"Feature","properties":{"gridcode":2,"label_es":"Medio","label_en":"Medium"},"geometry":{"type":"Polygon","coordinates":[[[-2.390833,42.465864],[-2.390224,42.465864],[-2.390224,42.466313],[-2.390833,42.466313],[-2.390833,42.465864]]]}},{"type":"Feature","properties":{"gridcode":2,"label_es":"Medio","label_en":"Medium"},"geometry":{"type":"Polygon","coordinates":[[[-2.406053,42.465864],[-2.405444,42.465864],[-2.405444,42.466313],[-2.406053,42.466313],[-2.406053,42.465864]]]}},{"type":"Feature","properties":{"gridcode":2,"label_es":"Medio","label_en":"Medium"},"geometry":{"type":"Polygon","coordinates":[[[-2.386571,42.465864],[-2.385962,42.465864],[-2.385962,42.466313],[-2.386571,42.466313],[-2.386571,42.465864]]]}},{"type":"Feature","properties":{"gridcode":2,"label_es":"Medio","label_en":"Medium"},"geometry":{"type":"Polygon","coordinates":[[[-2.385962,42.465864],[-2.385353,42.465864],[-2.385353,42.466313],[-2.385962,42.466313],[-2.385962,42.465864]]]}},{"type":"Feature","properties":{"gridcode":2,"label_es":"Medio","label_en":"Medium"},"geometry":{"type":"Polygon","coordinates":[[[-2.416403,42.465864],[-2.415794,42.465864],[-2.415794,42.466313],[-2.416403,42.466313],[-2.416403,42.465864]]]}},{"type":"Feature","properties":{"gridcode":2,"label_es":"Medio","label_en":"Medium"},"geometry":{"type":"Polygon","coordinates":[[[-2.393877,42.465864],[-2.393268,42.465864],[-2.393268,42.466313],[-2.393877,42.466313],[-2.393877,42.465864]]]}},{"type":"Feature","properties":{"gridcode":4,"label_es":"Muy alto","label_en":"Very high"},"geometry":{"type":"Polygon","coordinates":[[[-2.356739,42.465864],[-2.35613,42.465864],[-2.35613,42.466313],[-2.356739,42.466313],[-2.356739,42.465864]]]}},{"type":"Feature","properties":{"gridcode":4,"label_es":"Muy alto","label_en":"Very high"},"geometry":{"type":"Polygon","coordinates":[[[-2.357348,42.465864],[-2.356739,42.465864],[-2.356739,42.466313],[-2.357348,42.466313],[-2.357348,42.465864]]]}},{"type":"Feature","properties":{"gridcode":4,"label_es":"Muy alto","label_en":"Very high"},"geometry":{"type":"Polygon","coordinates":[[[-2.417012,42.466313],[-2.416403,42.466313],[-2.416403,42.466762],[-2.417012,42.466762],[-2.417012,42.466313]]]}},{"type":"Feature","properties":{"gridcode":2,"label_es":"Medio","label_en":"Medium"},"geometry":{"type":"Polygon","coordinates":[[[-2.391442,42.465864],[-2.390833,42.465864],[-2.390833,42.466313],[-2.391442,42.466313],[-2.391442,42.465864]]]}},{"type":"Feature","properties":{"gridcode":2,"label_es":"Medio","label_en":"Medium"},"geometry":{"type":"Polygon","coordinates":[[[-2.38718,42.465864],[-2.386571,42.465864],[-2.386571,42.466313],[-2.38718,42.466313],[-2.38718,42.465864]]]}},{"type":"Feature","properties":{"gridcode":3,"label_es":"Alto","label_en":"High"},"geometry":{"type":"Polygon","coordinates":[[[-2.415794,42.465864],[-2.415185,42.465864],[-2.415185,42.466313],[-2.415794,42.466313],[-2.415794,42.465864]]]}},{"type":"Feature","properties":{"gridcode":4,"label_es":"Muy alto","label_en":"Very high"},"geometry":{"type":"Polygon","coordinates":[[[-2.357348,42.465415],[-2.356739,42.465415],[-2.356739,42.465864],[-2.357348,42.465864],[-2.357348,42.465415]]]}},{"type":"Feature","properties":{"gridcode":4,"label_es":"Muy alto","label_en":"Very high"},"geometry":{"type":"Polygon","coordinates":[[[-2.356739,42.465415],[-2.35613,42.465415],[-2.35613,42.465864],[-2.356739,42.465864],[-2.356739,42.465415]]]}},{"type":"Feature","properties":{"gridcode":2,"label_es":"Medio","label_en":"Medium"},"geometry":{"type":"Polygon","coordinates":[[[-2.407271,42.465864],[-2.406662,42.465864],[-2.406662,42.466313],[-2.407271,42.466313],[-2.407271,42.465864]]]}},{"type":"Feature","properties":{"gridcode":2,"label_es":"Medio","label_en":"Medium"},"geometry":{"type":"Polygon","coordinates":[[[-2.393877,42.465415],[-2.393268,42.465415],[-2.393268,42.465864],[-2.393877,42.465864],[-2.393877,42.465415]]]}},{"type":"Feature","properties":{"gridcode":2,"label_es":"Medio","label_en":"Medium"},"geometry":{"type":"Polygon","coordinates":[[[-2.389006,42.465415],[-2.388397,42.465415],[-2.388397,42.465864],[-2.389006,42.465864],[-2.389006,42.465415]]]}},{"type":"Feature","properties":{"gridcode":2,"label_es":"Medio","label_en":"Medium"},"geometry":{"type":"Polygon","coordinates":[[[-2.388397,42.465415],[-2.387789,42.465415],[-2.387789,42.465864],[-2.388397,42.465864],[-2.388397,42.465415]]]}},{"type":"Feature","properties":{"gridcode":2,"label_es":"Medio","label_en":"Medium"},"geometry":{"type":"Polygon","coordinates":[[[-2.390833,42.465415],[-2.390224,42.465415],[-2.390224,42.465864],[-2.390833,42.465864],[-2.390833,42.465415]]]}},{"type":"Feature","properties":{"gridcode":3,"label_es":"Alto","label_en":"High"},"geometry":{"type":"Polygon","coordinates":[[[-2.391442,42.465415],[-2.390833,42.465415],[-2.390833,42.465864],[-2.391442,42.465864],[-2.391442,42.465415]]]}},{"type":"Feature","properties":{"gridcode":2,"label_es":"Medio","label_en":"Medium"},"geometry":{"type":"Polygon","coordinates":[[[-2.390224,42.465415],[-2.389615,42.465415],[-2.389615,42.465864],[-2.390224,42.465864],[-2.390224,42.465415]]]}},{"type":"Feature","properties":{"gridcode":3,"label_es":"Alto","label_en":"High"},"geometry":{"type":"Polygon","coordinates":[[[-2.414577,42.465415],[-2.413968,42.465415],[-2.413968,42.465864],[-2.414577,42.465864],[-2.414577,42.465415]]]}},{"type":"Feature","properties":{"gridcode":2,"label_es":"Medio","label_en":"Medium"},"geometry":{"type":"Polygon","coordinates":[[[-2.416403,42.465415],[-2.415794,42.465415],[-2.415794,42.465864],[-2.416403,42.465864],[-2.416403,42.465415]]]}},{"type":"Feature","properties":{"gridcode":2,"label_es":"Medio","label_en":"Medium"},"geometry":{"type":"Polygon","coordinates":[[[-2.398139,42.465415],[-2.39753,42.465415],[-2.39753,42.465864],[-2.398139,42.465864],[-2.398139,42.465415]]]}},{"type":"Feature","properties":{"gridcode":2,"label_es":"Medio","label_en":"Medium"},"geometry":{"type":"Polygon","coordinates":[[[-2.396921,42.465415],[-2.396312,42.465415],[-2.396312,42.465864],[-2.396921,42.465864],[-2.396921,42.465415]]]}},{"type":"Feature","properties":{"gridcode":2,"label_es":"Medio","label_en":"Medium"},"geometry":{"type":"Polygon","coordinates":[[[-2.415794,42.465415],[-2.415185,42.465415],[-2.415185,42.465864],[-2.415794,42.465864],[-2.415794,42.465415]]]}},{"type":"Feature","properties":{"gridcode":3,"label_es":"Alto","label_en":"High"},"geometry":{"type":"Polygon","coordinates":[[[-2.409097,42.465415],[-2.408488,42.465415],[-2.408488,42.465864],[-2.409097,42.465864],[-2.409097,42.465415]]]}},{"type":"Feature","properties":{"gridcode":2,"label_es":"Medio","label_en":"Medium"},"geometry":{"type":"Polygon","coordinates":[[[-2.39205,42.465415],[-2.391442,42.465415],[-2.391442,42.465864],[-2.39205,42.465864],[-2.39205,42.465415]]]}},{"type":"Feature","properties":{"gridcode":2,"label_es":"Medio","label_en":"Medium"},"geometry":{"type":"Polygon","coordinates":[[[-2.389615,42.465415],[-2.389006,42.465415],[-2.389006,42.465864],[-2.389615,42.465864],[-2.389615,42.465415]]]}},{"type":"Feature","properties":{"gridcode":3,"label_es":"Alto","label_en":"High"},"geometry":{"type":"Polygon","coordinates":[[[-2.413968,42.465415],[-2.413359,42.465415],[-2.413359,42.465864],[-2.413968,42.465864],[-2.413968,42.465415]]]}},{"type":"Feature","properties":{"gridcode":4,"label_es":"Muy alto","label_en":"Very high"},"geometry":{"type":"Polygon","coordinates":[[[-2.35613,42.465864],[-2.355521,42.465864],[-2.355521,42.466313],[-2.35613,42.466313],[-2.35613,42.465864]]]}},{"type":"Feature","properties":{"gridcode":2,"label_es":"Medio","label_en":"Medium"},"geometry":{"type":"Polygon","coordinates":[[[-2.409706,42.465415],[-2.409097,42.465415],[-2.409097,42.465864],[-2.409706,42.465864],[-2.409706,42.465415]]]}},{"type":"Feature","properties":{"gridcode":2,"label_es":"Medio","label_en":"Medium"},"geometry":{"type":"Polygon","coordinates":[[[-2.401791,42.465415],[-2.401183,42.465415],[-2.401183,42.465864],[-2.401791,42.465864],[-2.401791,42.465415]]]}},{"type":"Feature","properties":{"gridcode":2,"label_es":"Medio","label_en":"Medium"},"geometry":{"type":"Polygon","coordinates":[[[-2.415185,42.465415],[-2.414577,42.465415],[-2.414577,42.465864],[-2.415185,42.465864],[-2.415185,42.465415]]]}},{"type":"Feature","properties":{"gridcode":2,"label_es":"Medio","label_en":"Medium"},"geometry":{"type":"Polygon","coordinates":[[[-2.4024,42.465415],[-2.401791,42.465415],[-2.401791,42.465864],[-2.4024,42.465864],[-2.4024,42.465415]]]}},{"type":"Feature","properties":{"gridcode":2,"label_es":"Medio","label_en":"Medium"},"geometry":{"type":"Polygon","coordinates":[[[-2.408488,42.465415],[-2.40788,42.465415],[-2.40788,42.465864],[-2.408488,42.465864],[-2.408488,42.465415]]]}},{"type":"Feature","properties":{"gridcode":2,"label_es":"Medio","label_en":"Medium"},"geometry":{"type":"Polygon","coordinates":[[[-2.396921,42.464966],[-2.396312,42.464966],[-2.396312,42.465415],[-2.396921,42.465415],[-2.396921,42.464966]]]}},{"type":"Feature","properties":{"gridcode":2,"label_es":"Medio","label_en":"Medium"},"geometry":{"type":"Polygon","coordinates":[[[-2.393877,42.464966],[-2.393268,42.464966],[-2.393268,42.465415],[-2.393877,42.465415],[-2.393877,42.464966]]]}},{"type":"Feature","properties":{"gridcode":2,"label_es":"Medio","label_en":"Medium"},"geometry":{"type":"Polygon","coordinates":[[[-2.39753,42.465415],[-2.396921,42.465415],[-2.396921,42.465864],[-2.39753,42.465864],[-2.39753,42.465415]]]}},{"type":"Feature","properties":{"gridcode":3,"label_es":"Alto","label_en":"High"},"geometry":{"type":"Polygon","coordinates":[[[-2.399965,42.464966],[-2.399356,42.464966],[-2.399356,42.465415],[-2.399965,42.465415],[-2.399965,42.464966]]]}},{"type":"Feature","properties":{"gridcode":2,"label_es":"Medio","label_en":"Medium"},"geometry":{"type":"Polygon","coordinates":[[[-2.398139,42.464966],[-2.39753,42.464966],[-2.39753,42.465415],[-2.398139,42.465415],[-2.398139,42.464966]]]}},{"type":"Feature","properties":{"gridcode":2,"label_es":"Medio","label_en":"Medium"},"geometry":{"type":"Polygon","coordinates":[[[-2.410315,42.464966],[-2.409706,42.464966],[-2.409706,42.465415],[-2.410315,42.465415],[-2.410315,42.464966]]]}},{"type":"Feature","properties":{"gridcode":2,"label_es":"Medio","label_en":"Medium"},"geometry":{"type":"Polygon","coordinates":[[[-2.403009,42.464966],[-2.4024,42.464966],[-2.4024,42.465415],[-2.403009,42.465415],[-2.403009,42.464966]]]}},{"type":"Feature","properties":{"gridcode":2,"label_es":"Medio","label_en":"Medium"},"geometry":{"type":"Polygon","coordinates":[[[-2.39205,42.464966],[-2.391442,42.464966],[-2.391442,42.465415],[-2.39205,42.465415],[-2.39205,42.464966]]]}},{"type":"Feature","properties":{"gridcode":2,"label_es":"Medio","label_en":"Medium"},"geometry":{"type":"Polygon","coordinates":[[[-2.403618,42.464966],[-2.403009,42.464966],[-2.403009,42.465415],[-2.403618,42.465415],[-2.403618,42.464966]]]}},{"type":"Feature","properties":{"gridcode":2,"label_es":"Medio","label_en":"Medium"},"geometry":{"type":"Polygon","coordinates":[[[-2.393268,42.464966],[-2.392659,42.464966],[-2.392659,42.465415],[-2.393268,42.465415],[-2.393268,42.464966]]]}},{"type":"Feature","properties":{"gridcode":2,"label_es":"Medio","label_en":"Medium"},"geometry":{"type":"Polygon","coordinates":[[[-2.392659,42.464966],[-2.39205,42.464966],[-2.39205,42.465415],[-2.392659,42.465415],[-2.392659,42.464966]]]}},{"type":"Feature","properties":{"gridcode":3,"label_es":"Alto","label_en":"High"},"geometry":{"type":"Polygon","coordinates":[[[-2.414577,42.464966],[-2.413968,42.464966],[-2.413968,42.465415],[-2.414577,42.465415],[-2.414577,42.464966]]]}},{"type":"Feature","properties":{"gridcode":2,"label_es":"Medio","label_en":"Medium"},"geometry":{"type":"Polygon","coordinates":[[[-2.408488,42.464966],[-2.40788,42.464966],[-2.40788,42.465415],[-2.408488,42.465415],[-2.408488,42.464966]]]}},{"type":"Feature","properties":{"gridcode":2,"label_es":"Medio","label_en":"Medium"},"geometry":{"type":"Polygon","coordinates":[[[-2.399965,42.465415],[-2.399356,42.465415],[-2.399356,42.465864],[-2.399965,42.465864],[-2.399965,42.465415]]]}},{"type":"Feature","properties":{"gridcode":2,"label_es":"Medio","label_en":"Medium"},"geometry":{"type":"Polygon","coordinates":[[[-2.398747,42.464966],[-2.398139,42.464966],[-2.398139,42.465415],[-2.398747,42.465415],[-2.398747,42.464966]]]}},{"type":"Feature","properties":{"gridcode":2,"label_es":"Medio","label_en":"Medium"},"geometry":{"type":"Polygon","coordinates":[[[-2.404836,42.464966],[-2.404227,42.464966],[-2.404227,42.465415],[-2.404836,42.465415],[-2.404836,42.464966]]]}},{"type":"Feature","properties":{"gridcode":2,"label_es":"Medio","label_en":"Medium"},"geometry":{"type":"Polygon","coordinates":[[[-2.351868,42.464966],[-2.351259,42.464966],[-2.351259,42.465415],[-2.351868,42.465415],[-2.351868,42.464966]]]}},{"type":"Feature","properties":{"gridcode":2,"label_es":"Medio","label_en":"Medium"},"geometry":{"type":"Polygon","coordinates":[[[-2.40788,42.464966],[-2.407271,42.464966],[-2.407271,42.465415],[-2.40788,42.465415],[-2.40788,42.464966]]]}},{"type":"Feature","properties":{"gridcode":2,"label_es":"Medio","label_en":"Medium"},"geometry":{"type":"Polygon","coordinates":[[[-2.351868,42.464517],[-2.351259,42.464517],[-2.351259,42.464966],[-2.351868,42.464966],[-2.351868,42.464517]]]}},{"type":"Feature","properties":{"gridcode":2,"label_es":"Medio","label_en":"Medium"},"geometry":{"type":"Polygon","coordinates":[[[-2.39753,42.464966],[-2.396921,42.464966],[-2.396921,42.465415],[-2.39753,42.465415],[-2.39753,42.464966]]]}},{"type":"Feature","properties":{"gridcode":2,"label_es":"Medio","label_en":"Medium"},"geometry":{"type":"Polygon","coordinates":[[[-2.393268,42.464517],[-2.392659,42.464517],[-2.392659,42.464966],[-2.393268,42.464966],[-2.393268,42.464517]]]}},{"type":"Feature","properties":{"gridcode":2,"label_es":"Medio","label_en":"Medium"},"geometry":{"type":"Polygon","coordinates":[[[-2.39753,42.464517],[-2.396921,42.464517],[-2.396921,42.464966],[-2.39753,42.464966],[-2.39753,42.464517]]]}},{"type":"Feature","properties":{"gridcode":3,"label_es":"Alto","label_en":"High"},"geometry":{"type":"Polygon","coordinates":[[[-2.353086,42.464517],[-2.352477,42.464517],[-2.352477,42.464966],[-2.353086,42.464966],[-2.353086,42.464517]]]}},{"type":"Feature","properties":{"gridcode":2,"label_es":"Medio","label_en":"Medium"},"geometry":{"type":"Polygon","coordinates":[[[-2.404227,42.464966],[-2.403618,42.464966],[-2.403618,42.465415],[-2.404227,42.465415],[-2.404227,42.464966]]]}},{"type":"Feature","properties":{"gridcode":2,"label_es":"Medio","label_en":"Medium"},"geometry":{"type":"Polygon","coordinates":[[[-2.409706,42.464966],[-2.409097,42.464966],[-2.409097,42.465415],[-2.409706,42.465415],[-2.409706,42.464966]]]}},{"type":"Feature","properties":{"gridcode":2,"label_es":"Medio","label_en":"Medium"},"geometry":{"type":"Polygon","coordinates":[[[-2.405444,42.464966],[-2.404836,42.464966],[-2.404836,42.465415],[-2.405444,42.465415],[-2.405444,42.464966]]]}},{"type":"Feature","properties":{"gridcode":2,"label_es":"Medio","label_en":"Medium"},"geometry":{"type":"Polygon","coordinates":[[[-2.407271,42.464966],[-2.406662,42.464966],[-2.406662,42.465415],[-2.407271,42.465415],[-2.407271,42.464966]]]}},{"type":"Feature","properties":{"gridcode":2,"label_es":"Medio","label_en":"Medium"},"geometry":{"type":"Polygon","coordinates":[[[-2.406053,42.464517],[-2.405444,42.464517],[-2.405444,42.464966],[-2.406053,42.464966],[-2.406053,42.464517]]]}},{"type":"Feature","properties":{"gridcode":2,"label_es":"Medio","label_en":"Medium"},"geometry":{"type":"Polygon","coordinates":[[[-2.410315,42.464517],[-2.409706,42.464517],[-2.409706,42.464966],[-2.410315,42.464966],[-2.410315,42.464517]]]}},{"type":"Feature","properties":{"gridcode":2,"label_es":"Medio","label_en":"Medium"},"geometry":{"type":"Polygon","coordinates":[[[-2.407271,42.464517],[-2.406662,42.464517],[-2.406662,42.464966],[-2.407271,42.464966],[-2.407271,42.464517]]]}},{"type":"Feature","properties":{"gridcode":2,"label_es":"Medio","label_en":"Medium"},"geometry":{"type":"Polygon","coordinates":[[[-2.406662,42.464517],[-2.406053,42.464517],[-2.406053,42.464966],[-2.406662,42.464966],[-2.406662,42.464517]]]}},{"type":"Feature","properties":{"gridcode":2,"label_es":"Medio","label_en":"Medium"},"geometry":{"type":"Polygon","coordinates":[[[-2.41823,42.464966],[-2.417621,42.464966],[-2.417621,42.465415],[-2.41823,42.465415],[-2.41823,42.464966]]]}},{"type":"Feature","properties":{"gridcode":2,"label_es":"Medio","label_en":"Medium"},"geometry":{"type":"Polygon","coordinates":[[[-2.41823,42.464517],[-2.417621,42.464517],[-2.417621,42.464966],[-2.41823,42.464966],[-2.41823,42.464517]]]}},{"type":"Feature","properties":{"gridcode":4,"label_es":"Muy alto","label_en":"Very high"},"geometry":{"type":"Polygon","coordinates":[[[-2.352477,42.464517],[-2.351868,42.464517],[-2.351868,42.464966],[-2.352477,42.464966],[-2.352477,42.464517]]]}},{"type":"Feature","properties":{"gridcode":2,"label_es":"Medio","label_en":"Medium"},"geometry":{"type":"Polygon","coordinates":[[[-2.410924,42.464517],[-2.410315,42.464517],[-2.410315,42.464966],[-2.410924,42.464966],[-2.410924,42.464517]]]}},{"type":"Feature","properties":{"gridcode":2,"label_es":"Medio","label_en":"Medium"},"geometry":{"type":"Polygon","coordinates":[[[-2.392659,42.464517],[-2.39205,42.464517],[-2.39205,42.464966],[-2.392659,42.464966],[-2.392659,42.464517]]]}},{"type":"Feature","properties":{"gridcode":2,"label_es":"Medio","label_en":"Medium"},"geometry":{"type":"Polygon","coordinates":[[[-2.399965,42.464517],[-2.399356,42.464517],[-2.399356,42.464966],[-2.399965,42.464966],[-2.399965,42.464517]]]}},{"type":"Feature","properties":{"gridcode":4,"label_es":"Muy alto","label_en":"Very high"},"geometry":{"type":"Polygon","coordinates":[[[-2.373786,42.464068],[-2.373177,42.464068],[-2.373177,42.464517],[-2.373786,42.464517],[-2.373786,42.464068]]]}},{"type":"Feature","properties":{"gridcode":2,"label_es":"Medio","label_en":"Medium"},"geometry":{"type":"Polygon","coordinates":[[[-2.400574,42.464517],[-2.399965,42.464517],[-2.399965,42.464966],[-2.400574,42.464966],[-2.400574,42.464517]]]}},{"type":"Feature","properties":{"gridcode":2,"label_es":"Medio","label_en":"Medium"},"geometry":{"type":"Polygon","coordinates":[[[-2.392659,42.464068],[-2.39205,42.464068],[-2.39205,42.464517],[-2.392659,42.464517],[-2.392659,42.464068]]]}},{"type":"Feature","properties":{"gridcode":4,"label_es":"Muy alto","label_en":"Very high"},"geometry":{"type":"Polygon","coordinates":[[[-2.373177,42.464068],[-2.372568,42.464068],[-2.372568,42.464517],[-2.373177,42.464517],[-2.373177,42.464068]]]}},{"type":"Feature","properties":{"gridcode":2,"label_es":"Medio","label_en":"Medium"},"geometry":{"type":"Polygon","coordinates":[[[-2.417621,42.464517],[-2.417012,42.464517],[-2.417012,42.464966],[-2.417621,42.464966],[-2.417621,42.464517]]]}},{"type":"Feature","properties":{"gridcode":2,"label_es":"Medio","label_en":"Medium"},"geometry":{"type":"Polygon","coordinates":[[[-2.416403,42.464517],[-2.415794,42.464517],[-2.415794,42.464966],[-2.416403,42.464966],[-2.416403,42.464517]]]}},{"type":"Feature","properties":{"gridcode":2,"label_es":"Medio","label_en":"Medium"},"geometry":{"type":"Polygon","coordinates":[[[-2.398139,42.464068],[-2.39753,42.464068],[-2.39753,42.464517],[-2.398139,42.464517],[-2.398139,42.464068]]]}},{"type":"Feature","properties":{"gridcode":3,"label_es":"Alto","label_en":"High"},"geometry":{"type":"Polygon","coordinates":[[[-2.412141,42.464517],[-2.411533,42.464517],[-2.411533,42.464966],[-2.412141,42.464966],[-2.412141,42.464517]]]}},{"type":"Feature","properties":{"gridcode":2,"label_es":"Medio","label_en":"Medium"},"geometry":{"type":"Polygon","coordinates":[[[-2.416403,42.464068],[-2.415794,42.464068],[-2.415794,42.464517],[-2.416403,42.464517],[-2.416403,42.464068]]]}},{"type":"Feature","properties":{"gridcode":2,"label_es":"Medio","label_en":"Medium"},"geometry":{"type":"Polygon","coordinates":[[[-2.399965,42.464068],[-2.399356,42.464068],[-2.399356,42.464517],[-2.399965,42.464517],[-2.399965,42.464068]]]}},{"type":"Feature","properties":{"gridcode":3,"label_es":"Alto","label_en":"High"},"geometry":{"type":"Polygon","coordinates":[[[-2.400574,42.464068],[-2.399965,42.464068],[-2.399965,42.464517],[-2.400574,42.464517],[-2.400574,42.464068]]]}},{"type":"Feature","properties":{"gridcode":2,"label_es":"Medio","label_en":"Medium"},"geometry":{"type":"Polygon","coordinates":[[[-2.372568,42.464068],[-2.371959,42.464068],[-2.371959,42.464517],[-2.372568,42.464517],[-2.372568,42.464068]]]}},{"type":"Feature","properties":{"gridcode":2,"label_es":"Medio","label_en":"Medium"},"geometry":{"type":"Polygon","coordinates":[[[-2.41823,42.464068],[-2.417621,42.464068],[-2.417621,42.464517],[-2.41823,42.464517],[-2.41823,42.464068]]]}},{"type":"Feature","properties":{"gridcode":3,"label_es":"Alto","label_en":"High"},"geometry":{"type":"Polygon","coordinates":[[[-2.411533,42.464068],[-2.410924,42.464068],[-2.410924,42.464517],[-2.411533,42.464517],[-2.411533,42.464068]]]}},{"type":"Feature","properties":{"gridcode":2,"label_es":"Medio","label_en":"Medium"},"geometry":{"type":"Polygon","coordinates":[[[-2.410924,42.464068],[-2.410315,42.464068],[-2.410315,42.464517],[-2.410924,42.464517],[-2.410924,42.464068]]]}},{"type":"Feature","properties":{"gridcode":4,"label_es":"Muy alto","label_en":"Very high"},"geometry":{"type":"Polygon","coordinates":[[[-2.351868,42.464068],[-2.351259,42.464068],[-2.351259,42.464517],[-2.351868,42.464517],[-2.351868,42.464068]]]}},{"type":"Feature","properties":{"gridcode":2,"label_es":"Medio","label_en":"Medium"},"geometry":{"type":"Polygon","coordinates":[[[-2.415794,42.464068],[-2.415185,42.464068],[-2.415185,42.464517],[-2.415794,42.464517],[-2.415794,42.464068]]]}},{"type":"Feature","properties":{"gridcode":3,"label_es":"Alto","label_en":"High"},"geometry":{"type":"Polygon","coordinates":[[[-2.413359,42.464068],[-2.41275,42.464068],[-2.41275,42.464517],[-2.413359,42.464517],[-2.413359,42.464068]]]}},{"type":"Feature","properties":{"gridcode":2,"label_es":"Medio","label_en":"Medium"},"geometry":{"type":"Polygon","coordinates":[[[-2.356739,42.463618],[-2.35613,42.463618],[-2.35613,42.464068],[-2.356739,42.464068],[-2.356739,42.463618]]]}},{"type":"Feature","properties":{"gridcode":3,"label_es":"Alto","label_en":"High"},"geometry":{"type":"Polygon","coordinates":[[[-2.41275,42.464068],[-2.412141,42.464068],[-2.412141,42.464517],[-2.41275,42.464517],[-2.41275,42.464068]]]}},{"type":"Feature","properties":{"gridcode":3,"label_es":"Alto","label_en":"High"},"geometry":{"type":"Polygon","coordinates":[[[-2.371959,42.464068],[-2.371351,42.464068],[-2.371351,42.464517],[-2.371959,42.464517],[-2.371959,42.464068]]]}},{"type":"Feature","properties":{"gridcode":2,"label_es":"Medio","label_en":"Medium"},"geometry":{"type":"Polygon","coordinates":[[[-2.357348,42.463618],[-2.356739,42.463618],[-2.356739,42.464068],[-2.357348,42.464068],[-2.357348,42.463618]]]}},{"type":"Feature","properties":{"gridcode":4,"label_es":"Muy alto","label_en":"Very high"},"geometry":{"type":"Polygon","coordinates":[[[-2.351868,42.463618],[-2.351259,42.463618],[-2.351259,42.464068],[-2.351868,42.464068],[-2.351868,42.463618]]]}},{"type":"Feature","properties":{"gridcode":2,"label_es":"Medio","label_en":"Medium"},"geometry":{"type":"Polygon","coordinates":[[[-2.415185,42.464068],[-2.414577,42.464068],[-2.414577,42.464517],[-2.415185,42.464517],[-2.415185,42.464068]]]}},{"type":"Feature","properties":{"gridcode":2,"label_es":"Medio","label_en":"Medium"},"geometry":{"type":"Polygon","coordinates":[[[-2.39205,42.464068],[-2.391442,42.464068],[-2.391442,42.464517],[-2.39205,42.464517],[-2.39205,42.464068]]]}},{"type":"Feature","properties":{"gridcode":2,"label_es":"Medio","label_en":"Medium"},"geometry":{"type":"Polygon","coordinates":[[[-2.376221,42.463618],[-2.375612,42.463618],[-2.375612,42.464068],[-2.376221,42.464068],[-2.376221,42.463618]]]}},{"type":"Feature","properties":{"gridcode":2,"label_es":"Medio","label_en":"Medium"},"geometry":{"type":"Polygon","coordinates":[[[-2.399356,42.464068],[-2.398747,42.464068],[-2.398747,42.464517],[-2.399356,42.464517],[-2.399356,42.464068]]]}},{"type":"Feature","properties":{"gridcode":2,"label_es":"Medio","label_en":"Medium"},"geometry":{"type":"Polygon","coordinates":[[[-2.39205,42.463618],[-2.391442,42.463618],[-2.391442,42.464068],[-2.39205,42.464068],[-2.39205,42.463618]]]}},{"type":"Feature","properties":{"gridcode":4,"label_es":"Muy alto","label_en":"Very high"},"geometry":{"type":"Polygon","coordinates":[[[-2.412141,42.464068],[-2.411533,42.464068],[-2.411533,42.464517],[-2.412141,42.464517],[-2.412141,42.464068]]]}},{"type":"Feature","properties":{"gridcode":2,"label_es":"Medio","label_en":"Medium"},"geometry":{"type":"Polygon","coordinates":[[[-2.414577,42.464517],[-2.413968,42.464517],[-2.413968,42.464966],[-2.414577,42.464966],[-2.414577,42.464517]]]}},{"type":"Feature","properties":{"gridcode":2,"label_es":"Medio","label_en":"Medium"},"geometry":{"type":"Polygon","coordinates":[[[-2.414577,42.464068],[-2.413968,42.464068],[-2.413968,42.464517],[-2.414577,42.464517],[-2.414577,42.464068]]]}},{"type":"Feature","properties":{"gridcode":2,"label_es":"Medio","label_en":"Medium"},"geometry":{"type":"Polygon","coordinates":[[[-2.35613,42.463618],[-2.355521,42.463618],[-2.355521,42.464068],[-2.35613,42.464068],[-2.35613,42.463618]]]}},{"type":"Feature","properties":{"gridcode":2,"label_es":"Medio","label_en":"Medium"},"geometry":{"type":"Polygon","coordinates":[[[-2.398747,42.463618],[-2.398139,42.463618],[-2.398139,42.464068],[-2.398747,42.464068],[-2.398747,42.463618]]]}},{"type":"Feature","properties":{"gridcode":4,"label_es":"Muy alto","label_en":"Very high"},"geometry":{"type":"Polygon","coordinates":[[[-2.411533,42.463618],[-2.410924,42.463618],[-2.410924,42.464068],[-2.411533,42.464068],[-2.411533,42.463618]]]}},{"type":"Feature","properties":{"gridcode":4,"label_es":"Muy alto","label_en":"Very high"},"geometry":{"type":"Polygon","coordinates":[[[-2.371959,42.463618],[-2.371351,42.463618],[-2.371351,42.464068],[-2.371959,42.464068],[-2.371959,42.463618]]]}},{"type":"Feature","properties":{"gridcode":2,"label_es":"Medio","label_en":"Medium"},"geometry":{"type":"Polygon","coordinates":[[[-2.391442,42.463618],[-2.390833,42.463618],[-2.390833,42.464068],[-2.391442,42.464068],[-2.391442,42.463618]]]}},{"type":"Feature","properties":{"gridcode":3,"label_es":"Alto","label_en":"High"},"geometry":{"type":"Polygon","coordinates":[[[-2.372568,42.463618],[-2.371959,42.463618],[-2.371959,42.464068],[-2.372568,42.464068],[-2.372568,42.463618]]]}},{"type":"Feature","properties":{"gridcode":4,"label_es":"Muy alto","label_en":"Very high"},"geometry":{"type":"Polygon","coordinates":[[[-2.373177,42.463618],[-2.372568,42.463618],[-2.372568,42.464068],[-2.373177,42.464068],[-2.373177,42.463618]]]}},{"type":"Feature","properties":{"gridcode":2,"label_es":"Medio","label_en":"Medium"},"geometry":{"type":"Polygon","coordinates":[[[-2.370742,42.463169],[-2.370133,42.463169],[-2.370133,42.463618],[-2.370742,42.463618],[-2.370742,42.463169]]]}},{"type":"Feature","properties":{"gridcode":2,"label_es":"Medio","label_en":"Medium"},"geometry":{"type":"Polygon","coordinates":[[[-2.418838,42.463618],[-2.41823,42.463618],[-2.41823,42.464068],[-2.418838,42.464068],[-2.418838,42.463618]]]}},{"type":"Feature","properties":{"gridcode":2,"label_es":"Medio","label_en":"Medium"},"geometry":{"type":"Polygon","coordinates":[[[-2.391442,42.463169],[-2.390833,42.463169],[-2.390833,42.463618],[-2.391442,42.463618],[-2.391442,42.463169]]]}},{"type":"Feature","properties":{"gridcode":2,"label_es":"Medio","label_en":"Medium"},"geometry":{"type":"Polygon","coordinates":[[[-2.353695,42.463169],[-2.353086,42.463169],[-2.353086,42.463618],[-2.353695,42.463618],[-2.353695,42.463169]]]}},{"type":"Feature","properties":{"gridcode":2,"label_es":"Medio","label_en":"Medium"},"geometry":{"type":"Polygon","coordinates":[[[-2.390833,42.463169],[-2.390224,42.463169],[-2.390224,42.463618],[-2.390833,42.463618],[-2.390833,42.463169]]]}},{"type":"Feature","properties":{"gridcode":2,"label_es":"Medio","label_en":"Medium"},"geometry":{"type":"Polygon","coordinates":[[[-2.37683,42.463618],[-2.376221,42.463618],[-2.376221,42.464068],[-2.37683,42.464068],[-2.37683,42.463618]]]}},{"type":"Feature","properties":{"gridcode":3,"label_es":"Alto","label_en":"High"},"geometry":{"type":"Polygon","coordinates":[[[-2.356739,42.463169],[-2.35613,42.463169],[-2.35613,42.463618],[-2.356739,42.463618],[-2.356739,42.463169]]]}},{"type":"Feature","properties":{"gridcode":2,"label_es":"Medio","label_en":"Medium"},"geometry":{"type":"Polygon","coordinates":[[[-2.375612,42.463169],[-2.375003,42.463169],[-2.375003,42.463618],[-2.375612,42.463618],[-2.375612,42.463169]]]}},{"type":"Feature","properties":{"gridcode":4,"label_es":"Muy alto","label_en":"Very high"},"geometry":{"type":"Polygon","coordinates":[[[-2.373177,42.463169],[-2.372568,42.463169],[-2.372568,42.463618],[-2.373177,42.463618],[-2.373177,42.463169]]]}},{"type":"Feature","properties":{"gridcode":2,"label_es":"Medio","label_en":"Medium"},"geometry":{"type":"Polygon","coordinates":[[[-2.357348,42.463169],[-2.356739,42.463169],[-2.356739,42.463618],[-2.357348,42.463618],[-2.357348,42.463169]]]}},{"type":"Feature","properties":{"gridcode":2,"label_es":"Medio","label_en":"Medium"},"geometry":{"type":"Polygon","coordinates":[[[-2.35613,42.463169],[-2.355521,42.463169],[-2.355521,42.463618],[-2.35613,42.463618],[-2.35613,42.463169]]]}},{"type":"Feature","properties":{"gridcode":3,"label_es":"Alto","label_en":"High"},"geometry":{"type":"Polygon","coordinates":[[[-2.357956,42.463169],[-2.357348,42.463169],[-2.357348,42.463618],[-2.357956,42.463618],[-2.357956,42.463169]]]}},{"type":"Feature","properties":{"gridcode":2,"label_es":"Medio","label_en":"Medium"},"geometry":{"type":"Polygon","coordinates":[[[-2.398747,42.463169],[-2.398139,42.463169],[-2.398139,42.463618],[-2.398747,42.463618],[-2.398747,42.463169]]]}},{"type":"Feature","properties":{"gridcode":2,"label_es":"Medio","label_en":"Medium"},"geometry":{"type":"Polygon","coordinates":[[[-2.390224,42.463169],[-2.389615,42.463169],[-2.389615,42.463618],[-2.390224,42.463618],[-2.390224,42.463169]]]}},{"type":"Feature","properties":{"gridcode":2,"label_es":"Medio","label_en":"Medium"},"geometry":{"type":"Polygon","coordinates":[[[-2.41823,42.463169],[-2.417621,42.463169],[-2.417621,42.463618],[-2.41823,42.463618],[-2.41823,42.463169]]]}},{"type":"Feature","properties":{"gridcode":3,"label_es":"Alto","label_en":"High"},"geometry":{"type":"Polygon","coordinates":[[[-2.357348,42.46272],[-2.356739,42.46272],[-2.356739,42.463169],[-2.357348,42.463169],[-2.357348,42.46272]]]}},{"type":"Feature","properties":{"gridcode":2,"label_es":"Medio","label_en":"Medium"},"geometry":{"type":"Polygon","coordinates":[[[-2.389615,42.463169],[-2.389006,42.463169],[-2.389006,42.463618],[-2.389615,42.463618],[-2.389615,42.463169]]]}},{"type":"Feature","properties":{"gridcode":2,"label_es":"Medio","label_en":"Medium"},"geometry":{"type":"Polygon","coordinates":[[[-2.371351,42.463169],[-2.370742,42.463169],[-2.370742,42.463618],[-2.371351,42.463618],[-2.371351,42.463169]]]}},{"type":"Feature","properties":{"gridcode":2,"label_es":"Medio","label_en":"Medium"},"geometry":{"type":"Polygon","coordinates":[[[-2.371351,42.46272],[-2.370742,42.46272],[-2.370742,42.463169],[-2.371351,42.463169],[-2.371351,42.46272]]]}},{"type":"Feature","properties":{"gridcode":2,"label_es":"Medio","label_en":"Medium"},"geometry":{"type":"Polygon","coordinates":[[[-2.370742,42.46272],[-2.370133,42.46272],[-2.370133,42.463169],[-2.370742,42.463169],[-2.370742,42.46272]]]}},{"type":"Feature","properties":{"gridcode":2,"label_es":"Medio","label_en":"Medium"},"geometry":{"type":"Polygon","coordinates":[[[-2.386571,42.463169],[-2.385962,42.463169],[-2.385962,42.463618],[-2.386571,42.463618],[-2.386571,42.463169]]]}},{"type":"Feature","properties":{"gridcode":3,"label_es":"Alto","label_en":"High"},"geometry":{"type":"Polygon","coordinates":[[[-2.354304,42.46272],[-2.353695,42.46272],[-2.353695,42.463169],[-2.354304,42.463169],[-2.354304,42.46272]]]}},{"type":"Feature","properties":{"gridcode":2,"label_es":"Medio","label_en":"Medium"},"geometry":{"type":"Polygon","coordinates":[[[-2.378656,42.463169],[-2.378048,42.463169],[-2.378048,42.463618],[-2.378656,42.463618],[-2.378656,42.463169]]]}},{"type":"Feature","properties":{"gridcode":2,"label_es":"Medio","label_en":"Medium"},"geometry":{"type":"Polygon","coordinates":[[[-2.399356,42.463169],[-2.398747,42.463169],[-2.398747,42.463618],[-2.399356,42.463618],[-2.399356,42.463169]]]}},{"type":"Feature","properties":{"gridcode":2,"label_es":"Medio","label_en":"Medium"},"geometry":{"type":"Polygon","coordinates":[[[-2.370133,42.46272],[-2.369524,42.46272],[-2.369524,42.463169],[-2.370133,42.463169],[-2.370133,42.46272]]]}},{"type":"Feature","properties":{"gridcode":2,"label_es":"Medio","label_en":"Medium"},"geometry":{"type":"Polygon","coordinates":[[[-2.399356,42.46272],[-2.398747,42.46272],[-2.398747,42.463169],[-2.399356,42.463169],[-2.399356,42.46272]]]}},{"type":"Feature","properties":{"gridcode":2,"label_es":"Medio","label_en":"Medium"},"geometry":{"type":"Polygon","coordinates":[[[-2.376221,42.46272],[-2.375612,42.46272],[-2.375612,42.463169],[-2.376221,42.463169],[-2.376221,42.46272]]]}},{"type":"Feature","properties":{"gridcode":2,"label_es":"Medio","label_en":"Medium"},"geometry":{"type":"Polygon","coordinates":[[[-2.378656,42.46272],[-2.378048,42.46272],[-2.378048,42.463169],[-2.378656,42.463169],[-2.378656,42.46272]]]}},{"type":"Feature","properties":{"gridcode":2,"label_es":"Medio","label_en":"Medium"},"geometry":{"type":"Polygon","coordinates":[[[-2.369524,42.46272],[-2.368915,42.46272],[-2.368915,42.463169],[-2.369524,42.463169],[-2.369524,42.46272]]]}},{"type":"Feature","properties":{"gridcode":2,"label_es":"Medio","label_en":"Medium"},"geometry":{"type":"Polygon","coordinates":[[[-2.389615,42.46272],[-2.389006,42.46272],[-2.389006,42.463169],[-2.389615,42.463169],[-2.389615,42.46272]]]}},{"type":"Feature","properties":{"gridcode":2,"label_es":"Medio","label_en":"Medium"},"geometry":{"type":"Polygon","coordinates":[[[-2.389006,42.46272],[-2.388397,42.46272],[-2.388397,42.463169],[-2.389006,42.463169],[-2.389006,42.46272]]]}},{"type":"Feature","properties":{"gridcode":3,"label_es":"Alto","label_en":"High"},"geometry":{"type":"Polygon","coordinates":[[[-2.386571,42.46272],[-2.385962,42.46272],[-2.385962,42.463169],[-2.386571,42.463169],[-2.386571,42.46272]]]}},{"type":"Feature","properties":{"gridcode":3,"label_es":"Alto","label_en":"High"},"geometry":{"type":"Polygon","coordinates":[[[-2.411533,42.46272],[-2.410924,42.46272],[-2.410924,42.463169],[-2.411533,42.463169],[-2.411533,42.46272]]]}},{"type":"Feature","properties":{"gridcode":2,"label_es":"Medio","label_en":"Medium"},"geometry":{"type":"Polygon","coordinates":[[[-2.370742,42.462271],[-2.370133,42.462271],[-2.370133,42.46272],[-2.370742,42.46272],[-2.370742,42.462271]]]}},{"type":"Feature","properties":{"gridcode":2,"label_es":"Medio","label_en":"Medium"},"geometry":{"type":"Polygon","coordinates":[[[-2.371351,42.462271],[-2.370742,42.462271],[-2.370742,42.46272],[-2.371351,42.46272],[-2.371351,42.462271]]]}},{"type":"Feature","properties":{"gridcode":2,"label_es":"Medio","label_en":"Medium"},"geometry":{"type":"Polygon","coordinates":[[[-2.369524,42.462271],[-2.368915,42.462271],[-2.368915,42.46272],[-2.369524,42.46272],[-2.369524,42.462271]]]}},{"type":"Feature","properties":{"gridcode":2,"label_es":"Medio","label_en":"Medium"},"geometry":{"type":"Polygon","coordinates":[[[-2.380483,42.462271],[-2.379874,42.462271],[-2.379874,42.46272],[-2.380483,42.46272],[-2.380483,42.462271]]]}},{"type":"Feature","properties":{"gridcode":2,"label_es":"Medio","label_en":"Medium"},"geometry":{"type":"Polygon","coordinates":[[[-2.359174,42.462271],[-2.358565,42.462271],[-2.358565,42.46272],[-2.359174,42.46272],[-2.359174,42.462271]]]}},{"type":"Feature","properties":{"gridcode":3,"label_es":"Alto","label_en":"High"},"geometry":{"type":"Polygon","coordinates":[[[-2.357956,42.462271],[-2.357348,42.462271],[-2.357348,42.46272],[-2.357956,42.46272],[-2.357956,42.462271]]]}},{"type":"Feature","properties":{"gridcode":2,"label_es":"Medio","label_en":"Medium"},"geometry":{"type":"Polygon","coordinates":[[[-2.414577,42.46272],[-2.413968,42.46272],[-2.413968,42.463169],[-2.414577,42.463169],[-2.414577,42.46272]]]}},{"type":"Feature","properties":{"gridcode":3,"label_es":"Alto","label_en":"High"},"geometry":{"type":"Polygon","coordinates":[[[-2.356739,42.462271],[-2.35613,42.462271],[-2.35613,42.46272],[-2.356739,42.46272],[-2.356739,42.462271]]]}},{"type":"Feature","properties":{"gridcode":2,"label_es":"Medio","label_en":"Medium"},"geometry":{"type":"Polygon","coordinates":[[[-2.382918,42.462271],[-2.382309,42.462271],[-2.382309,42.46272],[-2.382918,42.46272],[-2.382918,42.462271]]]}},{"type":"Feature","properties":{"gridcode":2,"label_es":"Medio","label_en":"Medium"},"geometry":{"type":"Polygon","coordinates":[[[-2.379265,42.462271],[-2.378656,42.462271],[-2.378656,42.46272],[-2.379265,42.46272],[-2.379265,42.462271]]]}},{"type":"Feature","properties":{"gridcode":2,"label_es":"Medio","label_en":"Medium"},"geometry":{"type":"Polygon","coordinates":[[[-2.371959,42.462271],[-2.371351,42.462271],[-2.371351,42.46272],[-2.371959,42.46272],[-2.371959,42.462271]]]}},{"type":"Feature","properties":{"gridcode":3,"label_es":"Alto","label_en":"High"},"geometry":{"type":"Polygon","coordinates":[[[-2.35613,42.462271],[-2.355521,42.462271],[-2.355521,42.46272],[-2.35613,42.46272],[-2.35613,42.462271]]]}},{"type":"Feature","properties":{"gridcode":3,"label_es":"Alto","label_en":"High"},"geometry":{"type":"Polygon","coordinates":[[[-2.353086,42.462271],[-2.352477,42.462271],[-2.352477,42.46272],[-2.353086,42.46272],[-2.353086,42.462271]]]}},{"type":"Feature","properties":{"gridcode":2,"label_es":"Medio","label_en":"Medium"},"geometry":{"type":"Polygon","coordinates":[[[-2.368915,42.462271],[-2.368306,42.462271],[-2.368306,42.46272],[-2.368915,42.46272],[-2.368915,42.462271]]]}},{"type":"Feature","properties":{"gridcode":2,"label_es":"Medio","label_en":"Medium"},"geometry":{"type":"Polygon","coordinates":[[[-2.41275,42.46272],[-2.412141,42.46272],[-2.412141,42.463169],[-2.41275,42.463169],[-2.41275,42.46272]]]}},{"type":"Feature","properties":{"gridcode":2,"label_es":"Medio","label_en":"Medium"},"geometry":{"type":"Polygon","coordinates":[[[-2.385962,42.462271],[-2.385353,42.462271],[-2.385353,42.46272],[-2.385962,42.46272],[-2.385962,42.462271]]]}},{"type":"Feature","properties":{"gridcode":3,"label_es":"Alto","label_en":"High"},"geometry":{"type":"Polygon","coordinates":[[[-2.401183,42.462271],[-2.400574,42.462271],[-2.400574,42.46272],[-2.401183,42.46272],[-2.401183,42.462271]]]}},{"type":"Feature","properties":{"gridcode":2,"label_es":"Medio","label_en":"Medium"},"geometry":{"type":"Polygon","coordinates":[[[-2.359783,42.462271],[-2.359174,42.462271],[-2.359174,42.46272],[-2.359783,42.46272],[-2.359783,42.462271]]]}},{"type":"Feature","properties":{"gridcode":2,"label_es":"Medio","label_en":"Medium"},"geometry":{"type":"Polygon","coordinates":[[[-2.368306,42.462271],[-2.367698,42.462271],[-2.367698,42.46272],[-2.368306,42.46272],[-2.368306,42.462271]]]}},{"type":"Feature","properties":{"gridcode":2,"label_es":"Medio","label_en":"Medium"},"geometry":{"type":"Polygon","coordinates":[[[-2.35613,42.461822],[-2.355521,42.461822],[-2.355521,42.462271],[-2.35613,42.462271],[-2.35613,42.461822]]]}},{"type":"Feature","properties":{"gridcode":4,"label_es":"Muy alto","label_en":"Very high"},"geometry":{"type":"Polygon","coordinates":[[[-2.351868,42.462271],[-2.351259,42.462271],[-2.351259,42.46272],[-2.351868,42.46272],[-2.351868,42.462271]]]}},{"type":"Feature","properties":{"gridcode":2,"label_es":"Medio","label_en":"Medium"},"geometry":{"type":"Polygon","coordinates":[[[-2.357348,42.461822],[-2.356739,42.461822],[-2.356739,42.462271],[-2.357348,42.462271],[-2.357348,42.461822]]]}},{"type":"Feature","properties":{"gridcode":2,"label_es":"Medio","label_en":"Medium"},"geometry":{"type":"Polygon","coordinates":[[[-2.373786,42.462271],[-2.373177,42.462271],[-2.373177,42.46272],[-2.373786,42.46272],[-2.373786,42.462271]]]}},{"type":"Feature","properties":{"gridcode":2,"label_es":"Medio","label_en":"Medium"},"geometry":{"type":"Polygon","coordinates":[[[-2.370742,42.461822],[-2.370133,42.461822],[-2.370133,42.462271],[-2.370742,42.462271],[-2.370742,42.461822]]]}},{"type":"Feature","properties":{"gridcode":4,"label_es":"Muy alto","label_en":"Very high"},"geometry":{"type":"Polygon","coordinates":[[[-2.351868,42.461822],[-2.351259,42.461822],[-2.351259,42.462271],[-2.351868,42.462271],[-2.351868,42.461822]]]}},{"type":"Feature","properties":{"gridcode":2,"label_es":"Medio","label_en":"Medium"},"geometry":{"type":"Polygon","coordinates":[[[-2.373786,42.461822],[-2.373177,42.461822],[-2.373177,42.462271],[-2.373786,42.462271],[-2.373786,42.461822]]]}},{"type":"Feature","properties":{"gridcode":3,"label_es":"Alto","label_en":"High"},"geometry":{"type":"Polygon","coordinates":[[[-2.359174,42.461822],[-2.358565,42.461822],[-2.358565,42.462271],[-2.359174,42.462271],[-2.359174,42.461822]]]}},{"type":"Feature","properties":{"gridcode":2,"label_es":"Medio","label_en":"Medium"},"geometry":{"type":"Polygon","coordinates":[[[-2.368306,42.461822],[-2.367698,42.461822],[-2.367698,42.462271],[-2.368306,42.462271],[-2.368306,42.461822]]]}},{"type":"Feature","properties":{"gridcode":2,"label_es":"Medio","label_en":"Medium"},"geometry":{"type":"Polygon","coordinates":[[[-2.382309,42.462271],[-2.3817,42.462271],[-2.3817,42.46272],[-2.382309,42.46272],[-2.382309,42.462271]]]}},{"type":"Feature","properties":{"gridcode":2,"label_es":"Medio","label_en":"Medium"},"geometry":{"type":"Polygon","coordinates":[[[-2.372568,42.461822],[-2.371959,42.461822],[-2.371959,42.462271],[-2.372568,42.462271],[-2.372568,42.461822]]]}},{"type":"Feature","properties":{"gridcode":2,"label_es":"Medio","label_en":"Medium"},"geometry":{"type":"Polygon","coordinates":[[[-2.371959,42.461822],[-2.371351,42.461822],[-2.371351,42.462271],[-2.371959,42.462271],[-2.371959,42.461822]]]}},{"type":"Feature","properties":{"gridcode":3,"label_es":"Alto","label_en":"High"},"geometry":{"type":"Polygon","coordinates":[[[-2.357956,42.461822],[-2.357348,42.461822],[-2.357348,42.462271],[-2.357956,42.462271],[-2.357956,42.461822]]]}},{"type":"Feature","properties":{"gridcode":2,"label_es":"Medio","label_en":"Medium"},"geometry":{"type":"Polygon","coordinates":[[[-2.412141,42.462271],[-2.411533,42.462271],[-2.411533,42.46272],[-2.412141,42.46272],[-2.412141,42.462271]]]}},{"type":"Feature","properties":{"gridcode":2,"label_es":"Medio","label_en":"Medium"},"geometry":{"type":"Polygon","coordinates":[[[-2.382309,42.461822],[-2.3817,42.461822],[-2.3817,42.462271],[-2.382309,42.462271],[-2.382309,42.461822]]]}},{"type":"Feature","properties":{"gridcode":3,"label_es":"Alto","label_en":"High"},"geometry":{"type":"Polygon","coordinates":[[[-2.373177,42.461822],[-2.372568,42.461822],[-2.372568,42.462271],[-2.373177,42.462271],[-2.373177,42.461822]]]}},{"type":"Feature","properties":{"gridcode":2,"label_es":"Medio","label_en":"Medium"},"geometry":{"type":"Polygon","coordinates":[[[-2.358565,42.461822],[-2.357956,42.461822],[-2.357956,42.462271],[-2.358565,42.462271],[-2.358565,42.461822]]]}},{"type":"Feature","properties":{"gridcode":2,"label_es":"Medio","label_en":"Medium"},"geometry":{"type":"Polygon","coordinates":[[[-2.374395,42.461822],[-2.373786,42.461822],[-2.373786,42.462271],[-2.374395,42.462271],[-2.374395,42.461822]]]}},{"type":"Feature","properties":{"gridcode":2,"label_es":"Medio","label_en":"Medium"},"geometry":{"type":"Polygon","coordinates":[[[-2.367698,42.461822],[-2.367089,42.461822],[-2.367089,42.462271],[-2.367698,42.462271],[-2.367698,42.461822]]]}},{"type":"Feature","properties":{"gridcode":3,"label_es":"Alto","label_en":"High"},"geometry":{"type":"Polygon","coordinates":[[[-2.353695,42.461822],[-2.353086,42.461822],[-2.353086,42.462271],[-2.353695,42.462271],[-2.353695,42.461822]]]}},{"type":"Feature","properties":{"gridcode":3,"label_es":"Alto","label_en":"High"},"geometry":{"type":"Polygon","coordinates":[[[-2.401183,42.461822],[-2.400574,42.461822],[-2.400574,42.462271],[-2.401183,42.462271],[-2.401183,42.461822]]]}},{"type":"Feature","properties":{"gridcode":3,"label_es":"Alto","label_en":"High"},"geometry":{"type":"Polygon","coordinates":[[[-2.38718,42.461822],[-2.386571,42.461822],[-2.386571,42.462271],[-2.38718,42.462271],[-2.38718,42.461822]]]}},{"type":"Feature","properties":{"gridcode":2,"label_es":"Medio","label_en":"Medium"},"geometry":{"type":"Polygon","coordinates":[[[-2.414577,42.461822],[-2.413968,42.461822],[-2.413968,42.462271],[-2.414577,42.462271],[-2.414577,42.461822]]]}},{"type":"Feature","properties":{"gridcode":2,"label_es":"Medio","label_en":"Medium"},"geometry":{"type":"Polygon","coordinates":[[[-2.359174,42.461373],[-2.358565,42.461373],[-2.358565,42.461822],[-2.359174,42.461822],[-2.359174,42.461373]]]}},{"type":"Feature","properties":{"gridcode":3,"label_es":"Alto","label_en":"High"},"geometry":{"type":"Polygon","coordinates":[[[-2.382918,42.461822],[-2.382309,42.461822],[-2.382309,42.462271],[-2.382918,42.462271],[-2.382918,42.461822]]]}},{"type":"Feature","properties":{"gridcode":2,"label_es":"Medio","label_en":"Medium"},"geometry":{"type":"Polygon","coordinates":[[[-2.384136,42.461822],[-2.383527,42.461822],[-2.383527,42.462271],[-2.384136,42.462271],[-2.384136,42.461822]]]}},{"type":"Feature","properties":{"gridcode":2,"label_es":"Medio","label_en":"Medium"},"geometry":{"type":"Polygon","coordinates":[[[-2.412141,42.461822],[-2.411533,42.461822],[-2.411533,42.462271],[-2.412141,42.462271],[-2.412141,42.461822]]]}},{"type":"Feature","properties":{"gridcode":2,"label_es":"Medio","label_en":"Medium"},"geometry":{"type":"Polygon","coordinates":[[[-2.387789,42.461822],[-2.38718,42.461822],[-2.38718,42.462271],[-2.387789,42.462271],[-2.387789,42.461822]]]}},{"type":"Feature","properties":{"gridcode":2,"label_es":"Medio","label_en":"Medium"},"geometry":{"type":"Polygon","coordinates":[[[-2.367089,42.461373],[-2.36648,42.461373],[-2.36648,42.461822],[-2.367089,42.461822],[-2.367089,42.461373]]]}},{"type":"Feature","properties":{"gridcode":3,"label_es":"Alto","label_en":"High"},"geometry":{"type":"Polygon","coordinates":[[[-2.351259,42.461373],[-2.350651,42.461373],[-2.350651,42.461822],[-2.351259,42.461822],[-2.351259,42.461373]]]}},{"type":"Feature","properties":{"gridcode":3,"label_es":"Alto","label_en":"High"},"geometry":{"type":"Polygon","coordinates":[[[-2.385962,42.461822],[-2.385353,42.461822],[-2.385353,42.462271],[-2.385962,42.462271],[-2.385962,42.461822]]]}},{"type":"Feature","properties":{"gridcode":2,"label_es":"Medio","label_en":"Medium"},"geometry":{"type":"Polygon","coordinates":[[[-2.374395,42.461373],[-2.373786,42.461373],[-2.373786,42.461822],[-2.374395,42.461822],[-2.374395,42.461373]]]}},{"type":"Feature","properties":{"gridcode":2,"label_es":"Medio","label_en":"Medium"},"geometry":{"type":"Polygon","coordinates":[[[-2.375003,42.461373],[-2.374395,42.461373],[-2.374395,42.461822],[-2.375003,42.461822],[-2.375003,42.461373]]]}},{"type":"Feature","properties":{"gridcode":3,"label_es":"Alto","label_en":"High"},"geometry":{"type":"Polygon","coordinates":[[[-2.359783,42.461373],[-2.359174,42.461373],[-2.359174,42.461822],[-2.359783,42.461822],[-2.359783,42.461373]]]}},{"type":"Feature","properties":{"gridcode":2,"label_es":"Medio","label_en":"Medium"},"geometry":{"type":"Polygon","coordinates":[[[-2.384745,42.461822],[-2.384136,42.461822],[-2.384136,42.462271],[-2.384745,42.462271],[-2.384745,42.461822]]]}},{"type":"Feature","properties":{"gridcode":3,"label_es":"Alto","label_en":"High"},"geometry":{"type":"Polygon","coordinates":[[[-2.351868,42.461373],[-2.351259,42.461373],[-2.351259,42.461822],[-2.351868,42.461822],[-2.351868,42.461373]]]}},{"type":"Feature","properties":{"gridcode":2,"label_es":"Medio","label_en":"Medium"},"geometry":{"type":"Polygon","coordinates":[[[-2.36648,42.461373],[-2.365871,42.461373],[-2.365871,42.461822],[-2.36648,42.461822],[-2.36648,42.461373]]]}},{"type":"Feature","properties":{"gridcode":3,"label_es":"Alto","label_en":"High"},"geometry":{"type":"Polygon","coordinates":[[[-2.362218,42.461373],[-2.361609,42.461373],[-2.361609,42.461822],[-2.362218,42.461822],[-2.362218,42.461373]]]}},{"type":"Feature","properties":{"gridcode":2,"label_es":"Medio","label_en":"Medium"},"geometry":{"type":"Polygon","coordinates":[[[-2.401183,42.461373],[-2.400574,42.461373],[-2.400574,42.461822],[-2.401183,42.461822],[-2.401183,42.461373]]]}},{"type":"Feature","properties":{"gridcode":2,"label_es":"Medio","label_en":"Medium"},"geometry":{"type":"Polygon","coordinates":[[[-2.400574,42.463618],[-2.399965,42.463618],[-2.399965,42.464068],[-2.400574,42.464068],[-2.400574,42.463618]]]}},{"type":"Feature","properties":{"gridcode":2,"label_es":"Medio","label_en":"Medium"},"geometry":{"type":"Polygon","coordinates":[[[-2.387789,42.461373],[-2.38718,42.461373],[-2.38718,42.461822],[-2.387789,42.461822],[-2.387789,42.461373]]]}},{"type":"Feature","properties":{"gridcode":3,"label_es":"Alto","label_en":"High"},"geometry":{"type":"Polygon","coordinates":[[[-2.377439,42.461373],[-2.37683,42.461373],[-2.37683,42.461822],[-2.377439,42.461822],[-2.377439,42.461373]]]}},{"type":"Feature","properties":{"gridcode":3,"label_es":"Alto","label_en":"High"},"geometry":{"type":"Polygon","coordinates":[[[-2.413968,42.461373],[-2.413359,42.461373],[-2.413359,42.461822],[-2.413968,42.461822],[-2.413968,42.461373]]]}},{"type":"Feature","properties":{"gridcode":2,"label_es":"Medio","label_en":"Medium"},"geometry":{"type":"Polygon","coordinates":[[[-2.375612,42.461373],[-2.375003,42.461373],[-2.375003,42.461822],[-2.375612,42.461822],[-2.375612,42.461373]]]}},{"type":"Feature","properties":{"gridcode":2,"label_es":"Medio","label_en":"Medium"},"geometry":{"type":"Polygon","coordinates":[[[-2.388397,42.461373],[-2.387789,42.461373],[-2.387789,42.461822],[-2.388397,42.461822],[-2.388397,42.461373]]]}},{"type":"Feature","properties":{"gridcode":2,"label_es":"Medio","label_en":"Medium"},"geometry":{"type":"Polygon","coordinates":[[[-2.379874,42.462271],[-2.379265,42.462271],[-2.379265,42.46272],[-2.379874,42.46272],[-2.379874,42.462271]]]}},{"type":"Feature","properties":{"gridcode":2,"label_es":"Medio","label_en":"Medium"},"geometry":{"type":"Polygon","coordinates":[[[-2.378048,42.461373],[-2.377439,42.461373],[-2.377439,42.461822],[-2.378048,42.461822],[-2.378048,42.461373]]]}},{"type":"Feature","properties":{"gridcode":2,"label_es":"Medio","label_en":"Medium"},"geometry":{"type":"Polygon","coordinates":[[[-2.382918,42.461373],[-2.382309,42.461373],[-2.382309,42.461822],[-2.382918,42.461822],[-2.382918,42.461373]]]}},{"type":"Feature","properties":{"gridcode":2,"label_es":"Medio","label_en":"Medium"},"geometry":{"type":"Polygon","coordinates":[[[-2.383527,42.461373],[-2.382918,42.461373],[-2.382918,42.461822],[-2.383527,42.461822],[-2.383527,42.461373]]]}},{"type":"Feature","properties":{"gridcode":2,"label_es":"Medio","label_en":"Medium"},"geometry":{"type":"Polygon","coordinates":[[[-2.365871,42.461373],[-2.365262,42.461373],[-2.365262,42.461822],[-2.365871,42.461822],[-2.365871,42.461373]]]}},{"type":"Feature","properties":{"gridcode":2,"label_es":"Medio","label_en":"Medium"},"geometry":{"type":"Polygon","coordinates":[[[-2.354304,42.460923],[-2.353695,42.460923],[-2.353695,42.461373],[-2.354304,42.461373],[-2.354304,42.460923]]]}},{"type":"Feature","properties":{"gridcode":2,"label_es":"Medio","label_en":"Medium"},"geometry":{"type":"Polygon","coordinates":[[[-2.359174,42.460923],[-2.358565,42.460923],[-2.358565,42.461373],[-2.359174,42.461373],[-2.359174,42.460923]]]}},{"type":"Feature","properties":{"gridcode":2,"label_es":"Medio","label_en":"Medium"},"geometry":{"type":"Polygon","coordinates":[[[-2.41275,42.461822],[-2.412141,42.461822],[-2.412141,42.462271],[-2.41275,42.462271],[-2.41275,42.461822]]]}},{"type":"Feature","properties":{"gridcode":2,"label_es":"Medio","label_en":"Medium"},"geometry":{"type":"Polygon","coordinates":[[[-2.365871,42.460923],[-2.365262,42.460923],[-2.365262,42.461373],[-2.365871,42.461373],[-2.365871,42.460923]]]}},{"type":"Feature","properties":{"gridcode":3,"label_es":"Alto","label_en":"High"},"geometry":{"type":"Polygon","coordinates":[[[-2.362218,42.460923],[-2.361609,42.460923],[-2.361609,42.461373],[-2.362218,42.461373],[-2.362218,42.460923]]]}},{"type":"Feature","properties":{"gridcode":2,"label_es":"Medio","label_en":"Medium"},"geometry":{"type":"Polygon","coordinates":[[[-2.414577,42.461373],[-2.413968,42.461373],[-2.413968,42.461822],[-2.414577,42.461822],[-2.414577,42.461373]]]}},{"type":"Feature","properties":{"gridcode":2,"label_es":"Medio","label_en":"Medium"},"geometry":{"type":"Polygon","coordinates":[[[-2.36648,42.460923],[-2.365871,42.460923],[-2.365871,42.461373],[-2.36648,42.461373],[-2.36648,42.460923]]]}},{"type":"Feature","properties":{"gridcode":2,"label_es":"Medio","label_en":"Medium"},"geometry":{"type":"Polygon","coordinates":[[[-2.365262,42.460923],[-2.364654,42.460923],[-2.364654,42.461373],[-2.365262,42.461373],[-2.365262,42.460923]]]}},{"type":"Feature","properties":{"gridcode":3,"label_es":"Alto","label_en":"High"},"geometry":{"type":"Polygon","coordinates":[[[-2.362827,42.460923],[-2.362218,42.460923],[-2.362218,42.461373],[-2.362827,42.461373],[-2.362827,42.460923]]]}},{"type":"Feature","properties":{"gridcode":2,"label_es":"Medio","label_en":"Medium"},"geometry":{"type":"Polygon","coordinates":[[[-2.384136,42.461373],[-2.383527,42.461373],[-2.383527,42.461822],[-2.384136,42.461822],[-2.384136,42.461373]]]}},{"type":"Feature","properties":{"gridcode":2,"label_es":"Medio","label_en":"Medium"},"geometry":{"type":"Polygon","coordinates":[[[-2.364654,42.460923],[-2.364045,42.460923],[-2.364045,42.461373],[-2.364654,42.461373],[-2.364654,42.460923]]]}},{"type":"Feature","properties":{"gridcode":2,"label_es":"Medio","label_en":"Medium"},"geometry":{"type":"Polygon","coordinates":[[[-2.384136,42.460923],[-2.383527,42.460923],[-2.383527,42.461373],[-2.384136,42.461373],[-2.384136,42.460923]]]}},{"type":"Feature","properties":{"gridcode":2,"label_es":"Medio","label_en":"Medium"},"geometry":{"type":"Polygon","coordinates":[[[-2.37683,42.461373],[-2.376221,42.461373],[-2.376221,42.461822],[-2.37683,42.461822],[-2.37683,42.461373]]]}},{"type":"Feature","properties":{"gridcode":2,"label_es":"Medio","label_en":"Medium"},"geometry":{"type":"Polygon","coordinates":[[[-2.384745,42.460923],[-2.384136,42.460923],[-2.384136,42.461373],[-2.384745,42.461373],[-2.384745,42.460923]]]}},{"type":"Feature","properties":{"gridcode":4,"label_es":"Muy alto","label_en":"Very high"},"geometry":{"type":"Polygon","coordinates":[[[-2.351868,42.460923],[-2.351259,42.460923],[-2.351259,42.461373],[-2.351868,42.461373],[-2.351868,42.460923]]]}},{"type":"Feature","properties":{"gridcode":3,"label_es":"Alto","label_en":"High"},"geometry":{"type":"Polygon","coordinates":[[[-2.413968,42.460923],[-2.413359,42.460923],[-2.413359,42.461373],[-2.413968,42.461373],[-2.413968,42.460923]]]}},{"type":"Feature","properties":{"gridcode":2,"label_es":"Medio","label_en":"Medium"},"geometry":{"type":"Polygon","coordinates":[[[-2.415185,42.460923],[-2.414577,42.460923],[-2.414577,42.461373],[-2.415185,42.461373],[-2.415185,42.460923]]]}},{"type":"Feature","properties":{"gridcode":3,"label_es":"Alto","label_en":"High"},"geometry":{"type":"Polygon","coordinates":[[[-2.389615,42.460923],[-2.389006,42.460923],[-2.389006,42.461373],[-2.389615,42.461373],[-2.389615,42.460923]]]}},{"type":"Feature","properties":{"gridcode":2,"label_es":"Medio","label_en":"Medium"},"geometry":{"type":"Polygon","coordinates":[[[-2.355521,42.460923],[-2.354912,42.460923],[-2.354912,42.461373],[-2.355521,42.461373],[-2.355521,42.460923]]]}},{"type":"Feature","properties":{"gridcode":2,"label_es":"Medio","label_en":"Medium"},"geometry":{"type":"Polygon","coordinates":[[[-2.415794,42.462271],[-2.415185,42.462271],[-2.415185,42.46272],[-2.415794,42.46272],[-2.415794,42.462271]]]}},{"type":"Feature","properties":{"gridcode":2,"label_es":"Medio","label_en":"Medium"},"geometry":{"type":"Polygon","coordinates":[[[-2.401183,42.460923],[-2.400574,42.460923],[-2.400574,42.461373],[-2.401183,42.461373],[-2.401183,42.460923]]]}},{"type":"Feature","properties":{"gridcode":2,"label_es":"Medio","label_en":"Medium"},"geometry":{"type":"Polygon","coordinates":[[[-2.390833,42.460923],[-2.390224,42.460923],[-2.390224,42.461373],[-2.390833,42.461373],[-2.390833,42.460923]]]}},{"type":"Feature","properties":{"gridcode":2,"label_es":"Medio","label_en":"Medium"},"geometry":{"type":"Polygon","coordinates":[[[-2.363436,42.460923],[-2.362827,42.460923],[-2.362827,42.461373],[-2.363436,42.461373],[-2.363436,42.460923]]]}},{"type":"Feature","properties":{"gridcode":3,"label_es":"Alto","label_en":"High"},"geometry":{"type":"Polygon","coordinates":[[[-2.38718,42.460923],[-2.386571,42.460923],[-2.386571,42.461373],[-2.38718,42.461373],[-2.38718,42.460923]]]}},{"type":"Feature","properties":{"gridcode":3,"label_es":"Alto","label_en":"High"},"geometry":{"type":"Polygon","coordinates":[[[-2.364045,42.460474],[-2.363436,42.460474],[-2.363436,42.460923],[-2.364045,42.460923],[-2.364045,42.460474]]]}},{"type":"Feature","properties":{"gridcode":2,"label_es":"Medio","label_en":"Medium"},"geometry":{"type":"Polygon","coordinates":[[[-2.385353,42.460923],[-2.384745,42.460923],[-2.384745,42.461373],[-2.385353,42.461373],[-2.385353,42.460923]]]}},{"type":"Feature","properties":{"gridcode":3,"label_es":"Alto","label_en":"High"},"geometry":{"type":"Polygon","coordinates":[[[-2.363436,42.460474],[-2.362827,42.460474],[-2.362827,42.460923],[-2.363436,42.460923],[-2.363436,42.460474]]]}},{"type":"Feature","properties":{"gridcode":3,"label_es":"Alto","label_en":"High"},"geometry":{"type":"Polygon","coordinates":[[[-2.388397,42.460923],[-2.387789,42.460923],[-2.387789,42.461373],[-2.388397,42.461373],[-2.388397,42.460923]]]}},{"type":"Feature","properties":{"gridcode":2,"label_es":"Medio","label_en":"Medium"},"geometry":{"type":"Polygon","coordinates":[[[-2.353086,42.460474],[-2.352477,42.460474],[-2.352477,42.460923],[-2.353086,42.460923],[-2.353086,42.460474]]]}},{"type":"Feature","properties":{"gridcode":3,"label_es":"Alto","label_en":"High"},"geometry":{"type":"Polygon","coordinates":[[[-2.390224,42.460923],[-2.389615,42.460923],[-2.389615,42.461373],[-2.390224,42.461373],[-2.390224,42.460923]]]}},{"type":"Feature","properties":{"gridcode":3,"label_es":"Alto","label_en":"High"},"geometry":{"type":"Polygon","coordinates":[[[-2.385353,42.460474],[-2.384745,42.460474],[-2.384745,42.460923],[-2.385353,42.460923],[-2.385353,42.460474]]]}},{"type":"Feature","properties":{"gridcode":3,"label_es":"Alto","label_en":"High"},"geometry":{"type":"Polygon","coordinates":[[[-2.387789,42.460923],[-2.38718,42.460923],[-2.38718,42.461373],[-2.387789,42.461373],[-2.387789,42.460923]]]}},{"type":"Feature","properties":{"gridcode":3,"label_es":"Alto","label_en":"High"},"geometry":{"type":"Polygon","coordinates":[[[-2.387789,42.460474],[-2.38718,42.460474],[-2.38718,42.460923],[-2.387789,42.460923],[-2.387789,42.460474]]]}},{"type":"Feature","properties":{"gridcode":4,"label_es":"Muy alto","label_en":"Very high"},"geometry":{"type":"Polygon","coordinates":[[[-2.398747,42.460923],[-2.398139,42.460923],[-2.398139,42.461373],[-2.398747,42.461373],[-2.398747,42.460923]]]}},{"type":"Feature","properties":{"gridcode":2,"label_es":"Medio","label_en":"Medium"},"geometry":{"type":"Polygon","coordinates":[[[-2.39753,42.460923],[-2.396921,42.460923],[-2.396921,42.461373],[-2.39753,42.461373],[-2.39753,42.460923]]]}},{"type":"Feature","properties":{"gridcode":3,"label_es":"Alto","label_en":"High"},"geometry":{"type":"Polygon","coordinates":[[[-2.384745,42.461373],[-2.384136,42.461373],[-2.384136,42.461822],[-2.384745,42.461822],[-2.384745,42.461373]]]}},{"type":"Feature","properties":{"gridcode":4,"label_es":"Muy alto","label_en":"Very high"},"geometry":{"type":"Polygon","coordinates":[[[-2.39753,42.460474],[-2.396921,42.460474],[-2.396921,42.460923],[-2.39753,42.460923],[-2.39753,42.460474]]]}},{"type":"Feature","properties":{"gridcode":2,"label_es":"Medio","label_en":"Medium"},"geometry":{"type":"Polygon","coordinates":[[[-2.362827,42.460474],[-2.362218,42.460474],[-2.362218,42.460923],[-2.362827,42.460923],[-2.362827,42.460474]]]}},{"type":"Feature","properties":{"gridcode":2,"label_es":"Medio","label_en":"Medium"},"geometry":{"type":"Polygon","coordinates":[[[-2.389006,42.460474],[-2.388397,42.460474],[-2.388397,42.460923],[-2.389006,42.460923],[-2.389006,42.460474]]]}},{"type":"Feature","properties":{"gridcode":3,"label_es":"Alto","label_en":"High"},"geometry":{"type":"Polygon","coordinates":[[[-2.388397,42.460474],[-2.387789,42.460474],[-2.387789,42.460923],[-2.388397,42.460923],[-2.388397,42.460474]]]}},{"type":"Feature","properties":{"gridcode":4,"label_es":"Muy alto","label_en":"Very high"},"geometry":{"type":"Polygon","coordinates":[[[-2.361609,42.460474],[-2.361001,42.460474],[-2.361001,42.460923],[-2.361609,42.460923],[-2.361609,42.460474]]]}},{"type":"Feature","properties":{"gridcode":2,"label_es":"Medio","label_en":"Medium"},"geometry":{"type":"Polygon","coordinates":[[[-2.364654,42.460474],[-2.364045,42.460474],[-2.364045,42.460923],[-2.364654,42.460923],[-2.364654,42.460474]]]}},{"type":"Feature","properties":{"gridcode":4,"label_es":"Muy alto","label_en":"Very high"},"geometry":{"type":"Polygon","coordinates":[[[-2.396921,42.460474],[-2.396312,42.460474],[-2.396312,42.460923],[-2.396921,42.460923],[-2.396921,42.460474]]]}},{"type":"Feature","properties":{"gridcode":2,"label_es":"Medio","label_en":"Medium"},"geometry":{"type":"Polygon","coordinates":[[[-2.362218,42.460474],[-2.361609,42.460474],[-2.361609,42.460923],[-2.362218,42.460923],[-2.362218,42.460474]]]}},{"type":"Feature","properties":{"gridcode":3,"label_es":"Alto","label_en":"High"},"geometry":{"type":"Polygon","coordinates":[[[-2.357348,42.460474],[-2.356739,42.460474],[-2.356739,42.460923],[-2.357348,42.460923],[-2.357348,42.460474]]]}},{"type":"Feature","properties":{"gridcode":3,"label_es":"Alto","label_en":"High"},"geometry":{"type":"Polygon","coordinates":[[[-2.351259,42.460474],[-2.350651,42.460474],[-2.350651,42.460923],[-2.351259,42.460923],[-2.351259,42.460474]]]}},{"type":"Feature","properties":{"gridcode":3,"label_es":"Alto","label_en":"High"},"geometry":{"type":"Polygon","coordinates":[[[-2.414577,42.460474],[-2.413968,42.460474],[-2.413968,42.460923],[-2.414577,42.460923],[-2.414577,42.460474]]]}},{"type":"Feature","properties":{"gridcode":4,"label_es":"Muy alto","label_en":"Very high"},"geometry":{"type":"Polygon","coordinates":[[[-2.414577,42.460923],[-2.413968,42.460923],[-2.413968,42.461373],[-2.414577,42.461373],[-2.414577,42.460923]]]}},{"type":"Feature","properties":{"gridcode":3,"label_es":"Alto","label_en":"High"},"geometry":{"type":"Polygon","coordinates":[[[-2.356739,42.460474],[-2.35613,42.460474],[-2.35613,42.460923],[-2.356739,42.460923],[-2.356739,42.460474]]]}},{"type":"Feature","properties":{"gridcode":4,"label_es":"Muy alto","label_en":"Very high"},"geometry":{"type":"Polygon","coordinates":[[[-2.351259,42.460025],[-2.350651,42.460025],[-2.350651,42.460474],[-2.351259,42.460474],[-2.351259,42.460025]]]}},{"type":"Feature","properties":{"gridcode":2,"label_es":"Medio","label_en":"Medium"},"geometry":{"type":"Polygon","coordinates":[[[-2.362218,42.460025],[-2.361609,42.460025],[-2.361609,42.460474],[-2.362218,42.460474],[-2.362218,42.460025]]]}},{"type":"Feature","properties":{"gridcode":4,"label_es":"Muy alto","label_en":"Very high"},"geometry":{"type":"Polygon","coordinates":[[[-2.398139,42.460474],[-2.39753,42.460474],[-2.39753,42.460923],[-2.398139,42.460923],[-2.398139,42.460474]]]}},{"type":"Feature","properties":{"gridcode":2,"label_es":"Medio","label_en":"Medium"},"geometry":{"type":"Polygon","coordinates":[[[-2.400574,42.460474],[-2.399965,42.460474],[-2.399965,42.460923],[-2.400574,42.460923],[-2.400574,42.460474]]]}},{"type":"Feature","properties":{"gridcode":2,"label_es":"Medio","label_en":"Medium"},"geometry":{"type":"Polygon","coordinates":[[[-2.361609,42.460025],[-2.361001,42.460025],[-2.361001,42.460474],[-2.361609,42.460474],[-2.361609,42.460025]]]}},{"type":"Feature","properties":{"gridcode":2,"label_es":"Medio","label_en":"Medium"},"geometry":{"type":"Polygon","coordinates":[[[-2.38718,42.460474],[-2.386571,42.460474],[-2.386571,42.460923],[-2.38718,42.460923],[-2.38718,42.460474]]]}},{"type":"Feature","properties":{"gridcode":2,"label_es":"Medio","label_en":"Medium"},"geometry":{"type":"Polygon","coordinates":[[[-2.364654,42.460025],[-2.364045,42.460025],[-2.364045,42.460474],[-2.364654,42.460474],[-2.364654,42.460025]]]}},{"type":"Feature","properties":{"gridcode":2,"label_es":"Medio","label_en":"Medium"},"geometry":{"type":"Polygon","coordinates":[[[-2.361001,42.460025],[-2.360392,42.460025],[-2.360392,42.460474],[-2.361001,42.460474],[-2.361001,42.460025]]]}},{"type":"Feature","properties":{"gridcode":4,"label_es":"Muy alto","label_en":"Very high"},"geometry":{"type":"Polygon","coordinates":[[[-2.396312,42.460474],[-2.395703,42.460474],[-2.395703,42.460923],[-2.396312,42.460923],[-2.396312,42.460474]]]}},{"type":"Feature","properties":{"gridcode":3,"label_es":"Alto","label_en":"High"},"geometry":{"type":"Polygon","coordinates":[[[-2.389615,42.460474],[-2.389006,42.460474],[-2.389006,42.460923],[-2.389615,42.460923],[-2.389615,42.460474]]]}},{"type":"Feature","properties":{"gridcode":2,"label_es":"Medio","label_en":"Medium"},"geometry":{"type":"Polygon","coordinates":[[[-2.386571,42.460025],[-2.385962,42.460025],[-2.385962,42.460474],[-2.386571,42.460474],[-2.386571,42.460025]]]}},{"type":"Feature","properties":{"gridcode":2,"label_es":"Medio","label_en":"Medium"},"geometry":{"type":"Polygon","coordinates":[[[-2.360392,42.460025],[-2.359783,42.460025],[-2.359783,42.460474],[-2.360392,42.460474],[-2.360392,42.460025]]]}},{"type":"Feature","properties":{"gridcode":2,"label_es":"Medio","label_en":"Medium"},"geometry":{"type":"Polygon","coordinates":[[[-2.399356,42.460474],[-2.398747,42.460474],[-2.398747,42.460923],[-2.399356,42.460923],[-2.399356,42.460474]]]}},{"type":"Feature","properties":{"gridcode":2,"label_es":"Medio","label_en":"Medium"},"geometry":{"type":"Polygon","coordinates":[[[-2.395703,42.460474],[-2.395094,42.460474],[-2.395094,42.460923],[-2.395703,42.460923],[-2.395703,42.460474]]]}},{"type":"Feature","properties":{"gridcode":2,"label_es":"Medio","label_en":"Medium"},"geometry":{"type":"Polygon","coordinates":[[[-2.389615,42.460025],[-2.389006,42.460025],[-2.389006,42.460474],[-2.389615,42.460474],[-2.389615,42.460025]]]}},{"type":"Feature","properties":{"gridcode":2,"label_es":"Medio","label_en":"Medium"},"geometry":{"type":"Polygon","coordinates":[[[-2.413359,42.461373],[-2.41275,42.461373],[-2.41275,42.461822],[-2.413359,42.461822],[-2.413359,42.461373]]]}},{"type":"Feature","properties":{"gridcode":3,"label_es":"Alto","label_en":"High"},"geometry":{"type":"Polygon","coordinates":[[[-2.386571,42.460474],[-2.385962,42.460474],[-2.385962,42.460923],[-2.386571,42.460923],[-2.386571,42.460474]]]}},{"type":"Feature","properties":{"gridcode":2,"label_es":"Medio","label_en":"Medium"},"geometry":{"type":"Polygon","coordinates":[[[-2.398747,42.460474],[-2.398139,42.460474],[-2.398139,42.460923],[-2.398747,42.460923],[-2.398747,42.460474]]]}},{"type":"Feature","properties":{"gridcode":2,"label_es":"Medio","label_en":"Medium"},"geometry":{"type":"Polygon","coordinates":[[[-2.387789,42.460025],[-2.38718,42.460025],[-2.38718,42.460474],[-2.387789,42.460474],[-2.387789,42.460025]]]}},{"type":"Feature","properties":{"gridcode":2,"label_es":"Medio","label_en":"Medium"},"geometry":{"type":"Polygon","coordinates":[[[-2.388397,42.460025],[-2.387789,42.460025],[-2.387789,42.460474],[-2.388397,42.460474],[-2.388397,42.460025]]]}},{"type":"Feature","properties":{"gridcode":2,"label_es":"Medio","label_en":"Medium"},"geometry":{"type":"Polygon","coordinates":[[[-2.35613,42.460025],[-2.355521,42.460025],[-2.355521,42.460474],[-2.35613,42.460474],[-2.35613,42.460025]]]}},{"type":"Feature","properties":{"gridcode":2,"label_es":"Medio","label_en":"Medium"},"geometry":{"type":"Polygon","coordinates":[[[-2.399965,42.460474],[-2.399356,42.460474],[-2.399356,42.460923],[-2.399965,42.460923],[-2.399965,42.460474]]]}},{"type":"Feature","properties":{"gridcode":2,"label_es":"Medio","label_en":"Medium"},"geometry":{"type":"Polygon","coordinates":[[[-2.413968,42.460474],[-2.413359,42.460474],[-2.413359,42.460923],[-2.413968,42.460923],[-2.413968,42.460474]]]}},{"type":"Feature","properties":{"gridcode":2,"label_es":"Medio","label_en":"Medium"},"geometry":{"type":"Polygon","coordinates":[[[-2.399965,42.460025],[-2.399356,42.460025],[-2.399356,42.460474],[-2.399965,42.460474],[-2.399965,42.460025]]]}},{"type":"Feature","properties":{"gridcode":2,"label_es":"Medio","label_en":"Medium"},"geometry":{"type":"Polygon","coordinates":[[[-2.399356,42.460025],[-2.398747,42.460025],[-2.398747,42.460474],[-2.399356,42.460474],[-2.399356,42.460025]]]}},{"type":"Feature","properties":{"gridcode":2,"label_es":"Medio","label_en":"Medium"},"geometry":{"type":"Polygon","coordinates":[[[-2.398747,42.460025],[-2.398139,42.460025],[-2.398139,42.460474],[-2.398747,42.460474],[-2.398747,42.460025]]]}},{"type":"Feature","properties":{"gridcode":2,"label_es":"Medio","label_en":"Medium"},"geometry":{"type":"Polygon","coordinates":[[[-2.415185,42.460474],[-2.414577,42.460474],[-2.414577,42.460923],[-2.415185,42.460923],[-2.415185,42.460474]]]}},{"type":"Feature","properties":{"gridcode":2,"label_es":"Medio","label_en":"Medium"},"geometry":{"type":"Polygon","coordinates":[[[-2.398139,42.460025],[-2.39753,42.460025],[-2.39753,42.460474],[-2.398139,42.460474],[-2.398139,42.460025]]]}},{"type":"Feature","properties":{"gridcode":3,"label_es":"Alto","label_en":"High"},"geometry":{"type":"Polygon","coordinates":[[[-2.396312,42.460025],[-2.395703,42.460025],[-2.395703,42.460474],[-2.396312,42.460474],[-2.396312,42.460025]]]}},{"type":"Feature","properties":{"gridcode":4,"label_es":"Muy alto","label_en":"Very high"},"geometry":{"type":"Polygon","coordinates":[[[-2.395094,42.460025],[-2.394486,42.460025],[-2.394486,42.460474],[-2.395094,42.460474],[-2.395094,42.460025]]]}},{"type":"Feature","properties":{"gridcode":2,"label_es":"Medio","label_en":"Medium"},"geometry":{"type":"Polygon","coordinates":[[[-2.38718,42.460025],[-2.386571,42.460025],[-2.386571,42.460474],[-2.38718,42.460474],[-2.38718,42.460025]]]}},{"type":"Feature","properties":{"gridcode":3,"label_es":"Alto","label_en":"High"},"geometry":{"type":"Polygon","coordinates":[[[-2.358565,42.460025],[-2.357956,42.460025],[-2.357956,42.460474],[-2.358565,42.460474],[-2.358565,42.460025]]]}},{"type":"Feature","properties":{"gridcode":2,"label_es":"Medio","label_en":"Medium"},"geometry":{"type":"Polygon","coordinates":[[[-2.39753,42.460025],[-2.396921,42.460025],[-2.396921,42.460474],[-2.39753,42.460474],[-2.39753,42.460025]]]}},{"type":"Feature","properties":{"gridcode":2,"label_es":"Medio","label_en":"Medium"},"geometry":{"type":"Polygon","coordinates":[[[-2.395703,42.460025],[-2.395094,42.460025],[-2.395094,42.460474],[-2.395703,42.460474],[-2.395703,42.460025]]]}},{"type":"Feature","properties":{"gridcode":2,"label_es":"Medio","label_en":"Medium"},"geometry":{"type":"Polygon","coordinates":[[[-2.389006,42.460025],[-2.388397,42.460025],[-2.388397,42.460474],[-2.389006,42.460474],[-2.389006,42.460025]]]}},{"type":"Feature","properties":{"gridcode":2,"label_es":"Medio","label_en":"Medium"},"geometry":{"type":"Polygon","coordinates":[[[-2.413968,42.460025],[-2.413359,42.460025],[-2.413359,42.460474],[-2.413968,42.460474],[-2.413968,42.460025]]]}},{"type":"Feature","properties":{"gridcode":2,"label_es":"Medio","label_en":"Medium"},"geometry":{"type":"Polygon","coordinates":[[[-2.362827,42.460025],[-2.362218,42.460025],[-2.362218,42.460474],[-2.362827,42.460474],[-2.362827,42.460025]]]}},{"type":"Feature","properties":{"gridcode":2,"label_es":"Medio","label_en":"Medium"},"geometry":{"type":"Polygon","coordinates":[[[-2.396921,42.460025],[-2.396312,42.460025],[-2.396312,42.460474],[-2.396921,42.460474],[-2.396921,42.460025]]]}},{"type":"Feature","properties":{"gridcode":3,"label_es":"Alto","label_en":"High"},"geometry":{"type":"Polygon","coordinates":[[[-2.362827,42.459576],[-2.362218,42.459576],[-2.362218,42.460025],[-2.362827,42.460025],[-2.362827,42.459576]]]}},{"type":"Feature","properties":{"gridcode":2,"label_es":"Medio","label_en":"Medium"},"geometry":{"type":"Polygon","coordinates":[[[-2.394486,42.460025],[-2.393877,42.460025],[-2.393877,42.460474],[-2.394486,42.460474],[-2.394486,42.460025]]]}},{"type":"Feature","properties":{"gridcode":2,"label_es":"Medio","label_en":"Medium"},"geometry":{"type":"Polygon","coordinates":[[[-2.365262,42.460025],[-2.364654,42.460025],[-2.364654,42.460474],[-2.365262,42.460474],[-2.365262,42.460025]]]}},{"type":"Feature","properties":{"gridcode":2,"label_es":"Medio","label_en":"Medium"},"geometry":{"type":"Polygon","coordinates":[[[-2.393877,42.460025],[-2.393268,42.460025],[-2.393268,42.460474],[-2.393877,42.460474],[-2.393877,42.460025]]]}},{"type":"Feature","properties":{"gridcode":2,"label_es":"Medio","label_en":"Medium"},"geometry":{"type":"Polygon","coordinates":[[[-2.392659,42.460025],[-2.39205,42.460025],[-2.39205,42.460474],[-2.392659,42.460474],[-2.392659,42.460025]]]}},{"type":"Feature","properties":{"gridcode":2,"label_es":"Medio","label_en":"Medium"},"geometry":{"type":"Polygon","coordinates":[[[-2.39205,42.460025],[-2.391442,42.460025],[-2.391442,42.460474],[-2.39205,42.460474],[-2.39205,42.460025]]]}},{"type":"Feature","properties":{"gridcode":2,"label_es":"Medio","label_en":"Medium"},"geometry":{"type":"Polygon","coordinates":[[[-2.35613,42.459576],[-2.355521,42.459576],[-2.355521,42.460025],[-2.35613,42.460025],[-2.35613,42.459576]]]}},{"type":"Feature","properties":{"gridcode":2,"label_es":"Medio","label_en":"Medium"},"geometry":{"type":"Polygon","coordinates":[[[-2.391442,42.460025],[-2.390833,42.460025],[-2.390833,42.460474],[-2.391442,42.460474],[-2.391442,42.460025]]]}},{"type":"Feature","properties":{"gridcode":3,"label_es":"Alto","label_en":"High"},"geometry":{"type":"Polygon","coordinates":[[[-2.414577,42.460025],[-2.413968,42.460025],[-2.413968,42.460474],[-2.414577,42.460474],[-2.414577,42.460025]]]}},{"type":"Feature","properties":{"gridcode":2,"label_es":"Medio","label_en":"Medium"},"geometry":{"type":"Polygon","coordinates":[[[-2.393268,42.459576],[-2.392659,42.459576],[-2.392659,42.460025],[-2.393268,42.460025],[-2.393268,42.459576]]]}},{"type":"Feature","properties":{"gridcode":2,"label_es":"Medio","label_en":"Medium"},"geometry":{"type":"Polygon","coordinates":[[[-2.390833,42.460025],[-2.390224,42.460025],[-2.390224,42.460474],[-2.390833,42.460474],[-2.390833,42.460025]]]}},{"type":"Feature","properties":{"gridcode":2,"label_es":"Medio","label_en":"Medium"},"geometry":{"type":"Polygon","coordinates":[[[-2.365262,42.459576],[-2.364654,42.459576],[-2.364654,42.460025],[-2.365262,42.460025],[-2.365262,42.459576]]]}},{"type":"Feature","properties":{"gridcode":3,"label_es":"Alto","label_en":"High"},"geometry":{"type":"Polygon","coordinates":[[[-2.390224,42.460025],[-2.389615,42.460025],[-2.389615,42.460474],[-2.390224,42.460474],[-2.390224,42.460025]]]}},{"type":"Feature","properties":{"gridcode":3,"label_es":"Alto","label_en":"High"},"geometry":{"type":"Polygon","coordinates":[[[-2.388397,42.459576],[-2.387789,42.459576],[-2.387789,42.460025],[-2.388397,42.460025],[-2.388397,42.459576]]]}},{"type":"Feature","properties":{"gridcode":2,"label_es":"Medio","label_en":"Medium"},"geometry":{"type":"Polygon","coordinates":[[[-2.396921,42.459576],[-2.396312,42.459576],[-2.396312,42.460025],[-2.396921,42.460025],[-2.396921,42.459576]]]}},{"type":"Feature","properties":{"gridcode":2,"label_es":"Medio","label_en":"Medium"},"geometry":{"type":"Polygon","coordinates":[[[-2.390833,42.459576],[-2.390224,42.459576],[-2.390224,42.460025],[-2.390833,42.460025],[-2.390833,42.459576]]]}},{"type":"Feature","properties":{"gridcode":2,"label_es":"Medio","label_en":"Medium"},"geometry":{"type":"Polygon","coordinates":[[[-2.396312,42.459576],[-2.395703,42.459576],[-2.395703,42.460025],[-2.396312,42.460025],[-2.396312,42.459576]]]}},{"type":"Feature","properties":{"gridcode":2,"label_es":"Medio","label_en":"Medium"},"geometry":{"type":"Polygon","coordinates":[[[-2.390224,42.459576],[-2.389615,42.459576],[-2.389615,42.460025],[-2.390224,42.460025],[-2.390224,42.459576]]]}},{"type":"Feature","properties":{"gridcode":4,"label_es":"Muy alto","label_en":"Very high"},"geometry":{"type":"Polygon","coordinates":[[[-2.360392,42.459576],[-2.359783,42.459576],[-2.359783,42.460025],[-2.360392,42.460025],[-2.360392,42.459576]]]}},{"type":"Feature","properties":{"gridcode":2,"label_es":"Medio","label_en":"Medium"},"geometry":{"type":"Polygon","coordinates":[[[-2.392659,42.459576],[-2.39205,42.459576],[-2.39205,42.460025],[-2.392659,42.460025],[-2.392659,42.459576]]]}},{"type":"Feature","properties":{"gridcode":2,"label_es":"Medio","label_en":"Medium"},"geometry":{"type":"Polygon","coordinates":[[[-2.387789,42.459576],[-2.38718,42.459576],[-2.38718,42.460025],[-2.387789,42.460025],[-2.387789,42.459576]]]}},{"type":"Feature","properties":{"gridcode":2,"label_es":"Medio","label_en":"Medium"},"geometry":{"type":"Polygon","coordinates":[[[-2.359783,42.459576],[-2.359174,42.459576],[-2.359174,42.460025],[-2.359783,42.460025],[-2.359783,42.459576]]]}},{"type":"Feature","properties":{"gridcode":2,"label_es":"Medio","label_en":"Medium"},"geometry":{"type":"Polygon","coordinates":[[[-2.395703,42.459576],[-2.395094,42.459576],[-2.395094,42.460025],[-2.395703,42.460025],[-2.395703,42.459576]]]}},{"type":"Feature","properties":{"gridcode":4,"label_es":"Muy alto","label_en":"Very high"},"geometry":{"type":"Polygon","coordinates":[[[-2.414577,42.459576],[-2.413968,42.459576],[-2.413968,42.460025],[-2.414577,42.460025],[-2.414577,42.459576]]]}},{"type":"Feature","properties":{"gridcode":2,"label_es":"Medio","label_en":"Medium"},"geometry":{"type":"Polygon","coordinates":[[[-2.393877,42.459576],[-2.393268,42.459576],[-2.393268,42.460025],[-2.393877,42.460025],[-2.393877,42.459576]]]}},{"type":"Feature","properties":{"gridcode":4,"label_es":"Muy alto","label_en":"Very high"},"geometry":{"type":"Polygon","coordinates":[[[-2.355521,42.459576],[-2.354912,42.459576],[-2.354912,42.460025],[-2.355521,42.460025],[-2.355521,42.459576]]]}},{"type":"Feature","properties":{"gridcode":2,"label_es":"Medio","label_en":"Medium"},"geometry":{"type":"Polygon","coordinates":[[[-2.395094,42.459576],[-2.394486,42.459576],[-2.394486,42.460025],[-2.395094,42.460025],[-2.395094,42.459576]]]}},{"type":"Feature","properties":{"gridcode":2,"label_es":"Medio","label_en":"Medium"},"geometry":{"type":"Polygon","coordinates":[[[-2.413968,42.459576],[-2.413359,42.459576],[-2.413359,42.460025],[-2.413968,42.460025],[-2.413968,42.459576]]]}},{"type":"Feature","properties":{"gridcode":2,"label_es":"Medio","label_en":"Medium"},"geometry":{"type":"Polygon","coordinates":[[[-2.364654,42.459576],[-2.364045,42.459576],[-2.364045,42.460025],[-2.364654,42.460025],[-2.364654,42.459576]]]}},{"type":"Feature","properties":{"gridcode":2,"label_es":"Medio","label_en":"Medium"},"geometry":{"type":"Polygon","coordinates":[[[-2.364654,42.459127],[-2.364045,42.459127],[-2.364045,42.459576],[-2.364654,42.459576],[-2.364654,42.459127]]]}},{"type":"Feature","properties":{"gridcode":3,"label_es":"Alto","label_en":"High"},"geometry":{"type":"Polygon","coordinates":[[[-2.353086,42.459127],[-2.352477,42.459127],[-2.352477,42.459576],[-2.353086,42.459576],[-2.353086,42.459127]]]}},{"type":"Feature","properties":{"gridcode":2,"label_es":"Medio","label_en":"Medium"},"geometry":{"type":"Polygon","coordinates":[[[-2.353086,42.459576],[-2.352477,42.459576],[-2.352477,42.460025],[-2.353086,42.460025],[-2.353086,42.459576]]]}},{"type":"Feature","properties":{"gridcode":3,"label_es":"Alto","label_en":"High"},"geometry":{"type":"Polygon","coordinates":[[[-2.362827,42.459127],[-2.362218,42.459127],[-2.362218,42.459576],[-2.362827,42.459576],[-2.362827,42.459127]]]}},{"type":"Feature","properties":{"gridcode":2,"label_es":"Medio","label_en":"Medium"},"geometry":{"type":"Polygon","coordinates":[[[-2.355521,42.459127],[-2.354912,42.459127],[-2.354912,42.459576],[-2.355521,42.459576],[-2.355521,42.459127]]]}},{"type":"Feature","properties":{"gridcode":2,"label_es":"Medio","label_en":"Medium"},"geometry":{"type":"Polygon","coordinates":[[[-2.415185,42.459576],[-2.414577,42.459576],[-2.414577,42.460025],[-2.415185,42.460025],[-2.415185,42.459576]]]}},{"type":"Feature","properties":{"gridcode":2,"label_es":"Medio","label_en":"Medium"},"geometry":{"type":"Polygon","coordinates":[[[-2.391442,42.459576],[-2.390833,42.459576],[-2.390833,42.460025],[-2.391442,42.460025],[-2.391442,42.459576]]]}},{"type":"Feature","properties":{"gridcode":2,"label_es":"Medio","label_en":"Medium"},"geometry":{"type":"Polygon","coordinates":[[[-2.360392,42.459127],[-2.359783,42.459127],[-2.359783,42.459576],[-2.360392,42.459576],[-2.360392,42.459127]]]}},{"type":"Feature","properties":{"gridcode":2,"label_es":"Medio","label_en":"Medium"},"geometry":{"type":"Polygon","coordinates":[[[-2.394486,42.459576],[-2.393877,42.459576],[-2.393877,42.460025],[-2.394486,42.460025],[-2.394486,42.459576]]]}},{"type":"Feature","properties":{"gridcode":2,"label_es":"Medio","label_en":"Medium"},"geometry":{"type":"Polygon","coordinates":[[[-2.363436,42.459127],[-2.362827,42.459127],[-2.362827,42.459576],[-2.363436,42.459576],[-2.363436,42.459127]]]}},{"type":"Feature","properties":{"gridcode":2,"label_es":"Medio","label_en":"Medium"},"geometry":{"type":"Polygon","coordinates":[[[-2.391442,42.459127],[-2.390833,42.459127],[-2.390833,42.459576],[-2.391442,42.459576],[-2.391442,42.459127]]]}},{"type":"Feature","properties":{"gridcode":2,"label_es":"Medio","label_en":"Medium"},"geometry":{"type":"Polygon","coordinates":[[[-2.39205,42.459576],[-2.391442,42.459576],[-2.391442,42.460025],[-2.39205,42.460025],[-2.39205,42.459576]]]}},{"type":"Feature","properties":{"gridcode":2,"label_es":"Medio","label_en":"Medium"},"geometry":{"type":"Polygon","coordinates":[[[-2.359783,42.459127],[-2.359174,42.459127],[-2.359174,42.459576],[-2.359783,42.459576],[-2.359783,42.459127]]]}},{"type":"Feature","properties":{"gridcode":2,"label_es":"Medio","label_en":"Medium"},"geometry":{"type":"Polygon","coordinates":[[[-2.390833,42.459127],[-2.390224,42.459127],[-2.390224,42.459576],[-2.390833,42.459576],[-2.390833,42.459127]]]}},{"type":"Feature","properties":{"gridcode":2,"label_es":"Medio","label_en":"Medium"},"geometry":{"type":"Polygon","coordinates":[[[-2.354304,42.459127],[-2.353695,42.459127],[-2.353695,42.459576],[-2.354304,42.459576],[-2.354304,42.459127]]]}},{"type":"Feature","properties":{"gridcode":3,"label_es":"Alto","label_en":"High"},"geometry":{"type":"Polygon","coordinates":[[[-2.350651,42.459576],[-2.350042,42.459576],[-2.350042,42.460025],[-2.350651,42.460025],[-2.350651,42.459576]]]}},{"type":"Feature","properties":{"gridcode":2,"label_es":"Medio","label_en":"Medium"},"geometry":{"type":"Polygon","coordinates":[[[-2.392659,42.459127],[-2.39205,42.459127],[-2.39205,42.459576],[-2.392659,42.459576],[-2.392659,42.459127]]]}},{"type":"Feature","properties":{"gridcode":2,"label_es":"Medio","label_en":"Medium"},"geometry":{"type":"Polygon","coordinates":[[[-2.39205,42.459127],[-2.391442,42.459127],[-2.391442,42.459576],[-2.39205,42.459576],[-2.39205,42.459127]]]}},{"type":"Feature","properties":{"gridcode":4,"label_es":"Muy alto","label_en":"Very high"},"geometry":{"type":"Polygon","coordinates":[[[-2.415185,42.459127],[-2.414577,42.459127],[-2.414577,42.459576],[-2.415185,42.459576],[-2.415185,42.459127]]]}},{"type":"Feature","properties":{"gridcode":3,"label_es":"Alto","label_en":"High"},"geometry":{"type":"Polygon","coordinates":[[[-2.414577,42.459127],[-2.413968,42.459127],[-2.413968,42.459576],[-2.414577,42.459576],[-2.414577,42.459127]]]}},{"type":"Feature","properties":{"gridcode":2,"label_es":"Medio","label_en":"Medium"},"geometry":{"type":"Polygon","coordinates":[[[-2.363436,42.458678],[-2.362827,42.458678],[-2.362827,42.459127],[-2.363436,42.459127],[-2.363436,42.458678]]]}},{"type":"Feature","properties":{"gridcode":3,"label_es":"Alto","label_en":"High"},"geometry":{"type":"Polygon","coordinates":[[[-2.362827,42.458678],[-2.362218,42.458678],[-2.362218,42.459127],[-2.362827,42.459127],[-2.362827,42.458678]]]}},{"type":"Feature","properties":{"gridcode":3,"label_es":"Alto","label_en":"High"},"geometry":{"type":"Polygon","coordinates":[[[-2.354912,42.458678],[-2.354304,42.458678],[-2.354304,42.459127],[-2.354912,42.459127],[-2.354912,42.458678]]]}},{"type":"Feature","properties":{"gridcode":2,"label_es":"Medio","label_en":"Medium"},"geometry":{"type":"Polygon","coordinates":[[[-2.354912,42.459127],[-2.354304,42.459127],[-2.354304,42.459576],[-2.354912,42.459576],[-2.354912,42.459127]]]}},{"type":"Feature","properties":{"gridcode":2,"label_es":"Medio","label_en":"Medium"},"geometry":{"type":"Polygon","coordinates":[[[-2.364045,42.458678],[-2.363436,42.458678],[-2.363436,42.459127],[-2.364045,42.459127],[-2.364045,42.458678]]]}},{"type":"Feature","properties":{"gridcode":2,"label_es":"Medio","label_en":"Medium"},"geometry":{"type":"Polygon","coordinates":[[[-2.354304,42.458678],[-2.353695,42.458678],[-2.353695,42.459127],[-2.354304,42.459127],[-2.354304,42.458678]]]}},{"type":"Feature","properties":{"gridcode":2,"label_es":"Medio","label_en":"Medium"},"geometry":{"type":"Polygon","coordinates":[[[-2.353695,42.458678],[-2.353086,42.458678],[-2.353086,42.459127],[-2.353695,42.459127],[-2.353695,42.458678]]]}},{"type":"Feature","properties":{"gridcode":2,"label_es":"Medio","label_en":"Medium"},"geometry":{"type":"Polygon","coordinates":[[[-2.35613,42.461373],[-2.355521,42.461373],[-2.355521,42.461822],[-2.35613,42.461822],[-2.35613,42.461373]]]}},{"type":"Feature","properties":{"gridcode":4,"label_es":"Muy alto","label_en":"Very high"},"geometry":{"type":"Polygon","coordinates":[[[-2.415185,42.458678],[-2.414577,42.458678],[-2.414577,42.459127],[-2.415185,42.459127],[-2.415185,42.458678]]]}},{"type":"Feature","properties":{"gridcode":2,"label_es":"Medio","label_en":"Medium"},"geometry":{"type":"Polygon","coordinates":[[[-2.415794,42.458678],[-2.415185,42.458678],[-2.415185,42.459127],[-2.415794,42.459127],[-2.415794,42.458678]]]}},{"type":"Feature","properties":{"gridcode":2,"label_es":"Medio","label_en":"Medium"},"geometry":{"type":"Polygon","coordinates":[[[-2.414577,42.458678],[-2.413968,42.458678],[-2.413968,42.459127],[-2.414577,42.459127],[-2.414577,42.458678]]]}},{"type":"Feature","properties":{"gridcode":2,"label_es":"Medio","label_en":"Medium"},"geometry":{"type":"Polygon","coordinates":[[[-2.363436,42.458229],[-2.362827,42.458229],[-2.362827,42.458678],[-2.363436,42.458678],[-2.363436,42.458229]]]}},{"type":"Feature","properties":{"gridcode":2,"label_es":"Medio","label_en":"Medium"},"geometry":{"type":"Polygon","coordinates":[[[-2.416403,42.458678],[-2.415794,42.458678],[-2.415794,42.459127],[-2.416403,42.459127],[-2.416403,42.458678]]]}},{"type":"Feature","properties":{"gridcode":3,"label_es":"Alto","label_en":"High"},"geometry":{"type":"Polygon","coordinates":[[[-2.350042,42.458678],[-2.349433,42.458678],[-2.349433,42.459127],[-2.350042,42.459127],[-2.350042,42.458678]]]}},{"type":"Feature","properties":{"gridcode":3,"label_es":"Alto","label_en":"High"},"geometry":{"type":"Polygon","coordinates":[[[-2.363436,42.459576],[-2.362827,42.459576],[-2.362827,42.460025],[-2.363436,42.460025],[-2.363436,42.459576]]]}},{"type":"Feature","properties":{"gridcode":2,"label_es":"Medio","label_en":"Medium"},"geometry":{"type":"Polygon","coordinates":[[[-2.359174,42.458229],[-2.358565,42.458229],[-2.358565,42.458678],[-2.359174,42.458678],[-2.359174,42.458229]]]}},{"type":"Feature","properties":{"gridcode":2,"label_es":"Medio","label_en":"Medium"},"geometry":{"type":"Polygon","coordinates":[[[-2.414577,42.458229],[-2.413968,42.458229],[-2.413968,42.458678],[-2.414577,42.458678],[-2.414577,42.458229]]]}},{"type":"Feature","properties":{"gridcode":4,"label_es":"Muy alto","label_en":"Very high"},"geometry":{"type":"Polygon","coordinates":[[[-2.415185,42.458229],[-2.414577,42.458229],[-2.414577,42.458678],[-2.415185,42.458678],[-2.415185,42.458229]]]}},{"type":"Feature","properties":{"gridcode":3,"label_es":"Alto","label_en":"High"},"geometry":{"type":"Polygon","coordinates":[[[-2.354304,42.458229],[-2.353695,42.458229],[-2.353695,42.458678],[-2.354304,42.458678],[-2.354304,42.458229]]]}},{"type":"Feature","properties":{"gridcode":2,"label_es":"Medio","label_en":"Medium"},"geometry":{"type":"Polygon","coordinates":[[[-2.416403,42.458229],[-2.415794,42.458229],[-2.415794,42.458678],[-2.416403,42.458678],[-2.416403,42.458229]]]}},{"type":"Feature","properties":{"gridcode":3,"label_es":"Alto","label_en":"High"},"geometry":{"type":"Polygon","coordinates":[[[-2.353695,42.458229],[-2.353086,42.458229],[-2.353086,42.458678],[-2.353695,42.458678],[-2.353695,42.458229]]]}},{"type":"Feature","properties":{"gridcode":4,"label_es":"Muy alto","label_en":"Very high"},"geometry":{"type":"Polygon","coordinates":[[[-2.358565,42.458229],[-2.357956,42.458229],[-2.357956,42.458678],[-2.358565,42.458678],[-2.358565,42.458229]]]}},{"type":"Feature","properties":{"gridcode":3,"label_es":"Alto","label_en":"High"},"geometry":{"type":"Polygon","coordinates":[[[-2.353695,42.457779],[-2.353086,42.457779],[-2.353086,42.458229],[-2.353695,42.458229],[-2.353695,42.457779]]]}},{"type":"Feature","properties":{"gridcode":3,"label_es":"Alto","label_en":"High"},"geometry":{"type":"Polygon","coordinates":[[[-2.349433,42.458229],[-2.348824,42.458229],[-2.348824,42.458678],[-2.349433,42.458678],[-2.349433,42.458229]]]}},{"type":"Feature","properties":{"gridcode":3,"label_es":"Alto","label_en":"High"},"geometry":{"type":"Polygon","coordinates":[[[-2.349433,42.457779],[-2.348824,42.457779],[-2.348824,42.458229],[-2.349433,42.458229],[-2.349433,42.457779]]]}},{"type":"Feature","properties":{"gridcode":3,"label_es":"Alto","label_en":"High"},"geometry":{"type":"Polygon","coordinates":[[[-2.415794,42.458229],[-2.415185,42.458229],[-2.415185,42.458678],[-2.415794,42.458678],[-2.415794,42.458229]]]}},{"type":"Feature","properties":{"gridcode":4,"label_es":"Muy alto","label_en":"Very high"},"geometry":{"type":"Polygon","coordinates":[[[-2.356739,42.457779],[-2.35613,42.457779],[-2.35613,42.458229],[-2.356739,42.458229],[-2.356739,42.457779]]]}},{"type":"Feature","properties":{"gridcode":3,"label_es":"Alto","label_en":"High"},"geometry":{"type":"Polygon","coordinates":[[[-2.354304,42.457779],[-2.353695,42.457779],[-2.353695,42.458229],[-2.354304,42.458229],[-2.354304,42.457779]]]}},{"type":"Feature","properties":{"gridcode":4,"label_es":"Muy alto","label_en":"Very high"},"geometry":{"type":"Polygon","coordinates":[[[-2.416403,42.457779],[-2.415794,42.457779],[-2.415794,42.458229],[-2.416403,42.458229],[-2.416403,42.457779]]]}},{"type":"Feature","properties":{"gridcode":3,"label_es":"Alto","label_en":"High"},"geometry":{"type":"Polygon","coordinates":[[[-2.415794,42.457779],[-2.415185,42.457779],[-2.415185,42.458229],[-2.415794,42.458229],[-2.415794,42.457779]]]}},{"type":"Feature","properties":{"gridcode":4,"label_es":"Muy alto","label_en":"Very high"},"geometry":{"type":"Polygon","coordinates":[[[-2.359783,42.457779],[-2.359174,42.457779],[-2.359174,42.458229],[-2.359783,42.458229],[-2.359783,42.457779]]]}},{"type":"Feature","properties":{"gridcode":3,"label_es":"Alto","label_en":"High"},"geometry":{"type":"Polygon","coordinates":[[[-2.357348,42.457779],[-2.356739,42.457779],[-2.356739,42.458229],[-2.357348,42.458229],[-2.357348,42.457779]]]}},{"type":"Feature","properties":{"gridcode":3,"label_es":"Alto","label_en":"High"},"geometry":{"type":"Polygon","coordinates":[[[-2.415185,42.457779],[-2.414577,42.457779],[-2.414577,42.458229],[-2.415185,42.458229],[-2.415185,42.457779]]]}},{"type":"Feature","properties":{"gridcode":3,"label_es":"Alto","label_en":"High"},"geometry":{"type":"Polygon","coordinates":[[[-2.35613,42.457779],[-2.355521,42.457779],[-2.355521,42.458229],[-2.35613,42.458229],[-2.35613,42.457779]]]}},{"type":"Feature","properties":{"gridcode":4,"label_es":"Muy alto","label_en":"Very high"},"geometry":{"type":"Polygon","coordinates":[[[-2.352477,42.45733],[-2.351868,42.45733],[-2.351868,42.457779],[-2.352477,42.457779],[-2.352477,42.45733]]]}},{"type":"Feature","properties":{"gridcode":2,"label_es":"Medio","label_en":"Medium"},"geometry":{"type":"Polygon","coordinates":[[[-2.417012,42.457779],[-2.416403,42.457779],[-2.416403,42.458229],[-2.417012,42.458229],[-2.417012,42.457779]]]}},{"type":"Feature","properties":{"gridcode":3,"label_es":"Alto","label_en":"High"},"geometry":{"type":"Polygon","coordinates":[[[-2.359783,42.45733],[-2.359174,42.45733],[-2.359174,42.457779],[-2.359783,42.457779],[-2.359783,42.45733]]]}},{"type":"Feature","properties":{"gridcode":2,"label_es":"Medio","label_en":"Medium"},"geometry":{"type":"Polygon","coordinates":[[[-2.361609,42.45733],[-2.361001,42.45733],[-2.361001,42.457779],[-2.361609,42.457779],[-2.361609,42.45733]]]}},{"type":"Feature","properties":{"gridcode":2,"label_es":"Medio","label_en":"Medium"},"geometry":{"type":"Polygon","coordinates":[[[-2.417012,42.45733],[-2.416403,42.45733],[-2.416403,42.457779],[-2.417012,42.457779],[-2.417012,42.45733]]]}},{"type":"Feature","properties":{"gridcode":2,"label_es":"Medio","label_en":"Medium"},"geometry":{"type":"Polygon","coordinates":[[[-2.415794,42.45733],[-2.415185,42.45733],[-2.415185,42.457779],[-2.415794,42.457779],[-2.415794,42.45733]]]}},{"type":"Feature","properties":{"gridcode":2,"label_es":"Medio","label_en":"Medium"},"geometry":{"type":"Polygon","coordinates":[[[-2.415185,42.45733],[-2.414577,42.45733],[-2.414577,42.457779],[-2.415185,42.457779],[-2.415185,42.45733]]]}},{"type":"Feature","properties":{"gridcode":3,"label_es":"Alto","label_en":"High"},"geometry":{"type":"Polygon","coordinates":[[[-2.354912,42.45733],[-2.354304,42.45733],[-2.354304,42.457779],[-2.354912,42.457779],[-2.354912,42.45733]]]}},{"type":"Feature","properties":{"gridcode":4,"label_es":"Muy alto","label_en":"Very high"},"geometry":{"type":"Polygon","coordinates":[[[-2.359174,42.45733],[-2.358565,42.45733],[-2.358565,42.457779],[-2.359174,42.457779],[-2.359174,42.45733]]]}},{"type":"Feature","properties":{"gridcode":3,"label_es":"Alto","label_en":"High"},"geometry":{"type":"Polygon","coordinates":[[[-2.351868,42.45733],[-2.351259,42.45733],[-2.351259,42.457779],[-2.351868,42.457779],[-2.351868,42.45733]]]}},{"type":"Feature","properties":{"gridcode":3,"label_es":"Alto","label_en":"High"},"geometry":{"type":"Polygon","coordinates":[[[-2.416403,42.45733],[-2.415794,42.45733],[-2.415794,42.457779],[-2.416403,42.457779],[-2.416403,42.45733]]]}},{"type":"Feature","properties":{"gridcode":4,"label_es":"Muy alto","label_en":"Very high"},"geometry":{"type":"Polygon","coordinates":[[[-2.355521,42.45733],[-2.354912,42.45733],[-2.354912,42.457779],[-2.355521,42.457779],[-2.355521,42.45733]]]}},{"type":"Feature","properties":{"gridcode":2,"label_es":"Medio","label_en":"Medium"},"geometry":{"type":"Polygon","coordinates":[[[-2.361609,42.456881],[-2.361001,42.456881],[-2.361001,42.45733],[-2.361609,42.45733],[-2.361609,42.456881]]]}},{"type":"Feature","properties":{"gridcode":3,"label_es":"Alto","label_en":"High"},"geometry":{"type":"Polygon","coordinates":[[[-2.354912,42.461822],[-2.354304,42.461822],[-2.354304,42.462271],[-2.354912,42.462271],[-2.354912,42.461822]]]}},{"type":"Feature","properties":{"gridcode":2,"label_es":"Medio","label_en":"Medium"},"geometry":{"type":"Polygon","coordinates":[[[-2.359174,42.456881],[-2.358565,42.456881],[-2.358565,42.45733],[-2.359174,42.45733],[-2.359174,42.456881]]]}},{"type":"Feature","properties":{"gridcode":2,"label_es":"Medio","label_en":"Medium"},"geometry":{"type":"Polygon","coordinates":[[[-2.35613,42.456881],[-2.355521,42.456881],[-2.355521,42.45733],[-2.35613,42.45733],[-2.35613,42.456881]]]}},{"type":"Feature","properties":{"gridcode":2,"label_es":"Medio","label_en":"Medium"},"geometry":{"type":"Polygon","coordinates":[[[-2.361001,42.456881],[-2.360392,42.456881],[-2.360392,42.45733],[-2.361001,42.45733],[-2.361001,42.456881]]]}},{"type":"Feature","properties":{"gridcode":3,"label_es":"Alto","label_en":"High"},"geometry":{"type":"Polygon","coordinates":[[[-2.354912,42.456881],[-2.354304,42.456881],[-2.354304,42.45733],[-2.354912,42.45733],[-2.354912,42.456881]]]}},{"type":"Feature","properties":{"gridcode":2,"label_es":"Medio","label_en":"Medium"},"geometry":{"type":"Polygon","coordinates":[[[-2.360392,42.456881],[-2.359783,42.456881],[-2.359783,42.45733],[-2.360392,42.45733],[-2.360392,42.456881]]]}},{"type":"Feature","properties":{"gridcode":4,"label_es":"Muy alto","label_en":"Very high"},"geometry":{"type":"Polygon","coordinates":[[[-2.359783,42.456881],[-2.359174,42.456881],[-2.359174,42.45733],[-2.359783,42.45733],[-2.359783,42.456881]]]}},{"type":"Feature","properties":{"gridcode":2,"label_es":"Medio","label_en":"Medium"},"geometry":{"type":"Polygon","coordinates":[[[-2.415794,42.456881],[-2.415185,42.456881],[-2.415185,42.45733],[-2.415794,42.45733],[-2.415794,42.456881]]]}},{"type":"Feature","properties":{"gridcode":4,"label_es":"Muy alto","label_en":"Very high"},"geometry":{"type":"Polygon","coordinates":[[[-2.417621,42.456881],[-2.417012,42.456881],[-2.417012,42.45733],[-2.417621,42.45733],[-2.417621,42.456881]]]}},{"type":"Feature","properties":{"gridcode":4,"label_es":"Muy alto","label_en":"Very high"},"geometry":{"type":"Polygon","coordinates":[[[-2.417012,42.456881],[-2.416403,42.456881],[-2.416403,42.45733],[-2.417012,42.45733],[-2.417012,42.456881]]]}},{"type":"Feature","properties":{"gridcode":2,"label_es":"Medio","label_en":"Medium"},"geometry":{"type":"Polygon","coordinates":[[[-2.360392,42.456432],[-2.359783,42.456432],[-2.359783,42.456881],[-2.360392,42.456881],[-2.360392,42.456432]]]}},{"type":"Feature","properties":{"gridcode":4,"label_es":"Muy alto","label_en":"Very high"},"geometry":{"type":"Polygon","coordinates":[[[-2.359783,42.456432],[-2.359174,42.456432],[-2.359174,42.456881],[-2.359783,42.456881],[-2.359783,42.456432]]]}},{"type":"Feature","properties":{"gridcode":4,"label_es":"Muy alto","label_en":"Very high"},"geometry":{"type":"Polygon","coordinates":[[[-2.354304,42.456432],[-2.353695,42.456432],[-2.353695,42.456881],[-2.354304,42.456881],[-2.354304,42.456432]]]}},{"type":"Feature","properties":{"gridcode":4,"label_es":"Muy alto","label_en":"Very high"},"geometry":{"type":"Polygon","coordinates":[[[-2.358565,42.456432],[-2.357956,42.456432],[-2.357956,42.456881],[-2.358565,42.456881],[-2.358565,42.456432]]]}},{"type":"Feature","properties":{"gridcode":2,"label_es":"Medio","label_en":"Medium"},"geometry":{"type":"Polygon","coordinates":[[[-2.416403,42.456881],[-2.415794,42.456881],[-2.415794,42.45733],[-2.416403,42.45733],[-2.416403,42.456881]]]}},{"type":"Feature","properties":{"gridcode":2,"label_es":"Medio","label_en":"Medium"},"geometry":{"type":"Polygon","coordinates":[[[-2.41823,42.456432],[-2.417621,42.456432],[-2.417621,42.456881],[-2.41823,42.456881],[-2.41823,42.456432]]]}},{"type":"Feature","properties":{"gridcode":4,"label_es":"Muy alto","label_en":"Very high"},"geometry":{"type":"Polygon","coordinates":[[[-2.417621,42.456432],[-2.417012,42.456432],[-2.417012,42.456881],[-2.417621,42.456881],[-2.417621,42.456432]]]}},{"type":"Feature","properties":{"gridcode":3,"label_es":"Alto","label_en":"High"},"geometry":{"type":"Polygon","coordinates":[[[-2.357956,42.456432],[-2.357348,42.456432],[-2.357348,42.456881],[-2.357956,42.456881],[-2.357956,42.456432]]]}},{"type":"Feature","properties":{"gridcode":3,"label_es":"Alto","label_en":"High"},"geometry":{"type":"Polygon","coordinates":[[[-2.361001,42.458678],[-2.360392,42.458678],[-2.360392,42.459127],[-2.361001,42.459127],[-2.361001,42.458678]]]}},{"type":"Feature","properties":{"gridcode":3,"label_es":"Alto","label_en":"High"},"geometry":{"type":"Polygon","coordinates":[[[-2.416403,42.456432],[-2.415794,42.456432],[-2.415794,42.456881],[-2.416403,42.456881],[-2.416403,42.456432]]]}},{"type":"Feature","properties":{"gridcode":2,"label_es":"Medio","label_en":"Medium"},"geometry":{"type":"Polygon","coordinates":[[[-2.360392,42.455983],[-2.359783,42.455983],[-2.359783,42.456432],[-2.360392,42.456432],[-2.360392,42.455983]]]}},{"type":"Feature","properties":{"gridcode":3,"label_es":"Alto","label_en":"High"},"geometry":{"type":"Polygon","coordinates":[[[-2.357956,42.455983],[-2.357348,42.455983],[-2.357348,42.456432],[-2.357956,42.456432],[-2.357956,42.455983]]]}},{"type":"Feature","properties":{"gridcode":3,"label_es":"Alto","label_en":"High"},"geometry":{"type":"Polygon","coordinates":[[[-2.354304,42.455983],[-2.353695,42.455983],[-2.353695,42.456432],[-2.354304,42.456432],[-2.354304,42.455983]]]}},{"type":"Feature","properties":{"gridcode":2,"label_es":"Medio","label_en":"Medium"},"geometry":{"type":"Polygon","coordinates":[[[-2.359783,42.455983],[-2.359174,42.455983],[-2.359174,42.456432],[-2.359783,42.456432],[-2.359783,42.455983]]]}},{"type":"Feature","properties":{"gridcode":4,"label_es":"Muy alto","label_en":"Very high"},"geometry":{"type":"Polygon","coordinates":[[[-2.353695,42.455983],[-2.353086,42.455983],[-2.353086,42.456432],[-2.353695,42.456432],[-2.353695,42.455983]]]}},{"type":"Feature","properties":{"gridcode":3,"label_es":"Alto","label_en":"High"},"geometry":{"type":"Polygon","coordinates":[[[-2.351868,42.455983],[-2.351259,42.455983],[-2.351259,42.456432],[-2.351868,42.456432],[-2.351868,42.455983]]]}},{"type":"Feature","properties":{"gridcode":3,"label_es":"Alto","label_en":"High"},"geometry":{"type":"Polygon","coordinates":[[[-2.350651,42.455983],[-2.350042,42.455983],[-2.350042,42.456432],[-2.350651,42.456432],[-2.350651,42.455983]]]}},{"type":"Feature","properties":{"gridcode":3,"label_es":"Alto","label_en":"High"},"geometry":{"type":"Polygon","coordinates":[[[-2.354912,42.455983],[-2.354304,42.455983],[-2.354304,42.456432],[-2.354912,42.456432],[-2.354912,42.455983]]]}},{"type":"Feature","properties":{"gridcode":3,"label_es":"Alto","label_en":"High"},"geometry":{"type":"Polygon","coordinates":[[[-2.350042,42.455983],[-2.349433,42.455983],[-2.349433,42.456432],[-2.350042,42.456432],[-2.350042,42.455983]]]}},{"type":"Feature","properties":{"gridcode":3,"label_es":"Alto","label_en":"High"},"geometry":{"type":"Polygon","coordinates":[[[-2.349433,42.455983],[-2.348824,42.455983],[-2.348824,42.456432],[-2.349433,42.456432],[-2.349433,42.455983]]]}},{"type":"Feature","properties":{"gridcode":3,"label_es":"Alto","label_en":"High"},"geometry":{"type":"Polygon","coordinates":[[[-2.357348,42.455983],[-2.356739,42.455983],[-2.356739,42.456432],[-2.357348,42.456432],[-2.357348,42.455983]]]}},{"type":"Feature","properties":{"gridcode":2,"label_es":"Medio","label_en":"Medium"},"geometry":{"type":"Polygon","coordinates":[[[-2.417621,42.455983],[-2.417012,42.455983],[-2.417012,42.456432],[-2.417621,42.456432],[-2.417621,42.455983]]]}},{"type":"Feature","properties":{"gridcode":3,"label_es":"Alto","label_en":"High"},"geometry":{"type":"Polygon","coordinates":[[[-2.358565,42.455983],[-2.357956,42.455983],[-2.357956,42.456432],[-2.358565,42.456432],[-2.358565,42.455983]]]}},{"type":"Feature","properties":{"gridcode":2,"label_es":"Medio","label_en":"Medium"},"geometry":{"type":"Polygon","coordinates":[[[-2.41823,42.455983],[-2.417621,42.455983],[-2.417621,42.456432],[-2.41823,42.456432],[-2.41823,42.455983]]]}},{"type":"Feature","properties":{"gridcode":2,"label_es":"Medio","label_en":"Medium"},"geometry":{"type":"Polygon","coordinates":[[[-2.416403,42.455983],[-2.415794,42.455983],[-2.415794,42.456432],[-2.416403,42.456432],[-2.416403,42.455983]]]}},{"type":"Feature","properties":{"gridcode":3,"label_es":"Alto","label_en":"High"},"geometry":{"type":"Polygon","coordinates":[[[-2.353086,42.455983],[-2.352477,42.455983],[-2.352477,42.456432],[-2.353086,42.456432],[-2.353086,42.455983]]]}},{"type":"Feature","properties":{"gridcode":2,"label_es":"Medio","label_en":"Medium"},"geometry":{"type":"Polygon","coordinates":[[[-2.359174,42.455983],[-2.358565,42.455983],[-2.358565,42.456432],[-2.359174,42.456432],[-2.359174,42.455983]]]}},{"type":"Feature","properties":{"gridcode":3,"label_es":"Alto","label_en":"High"},"geometry":{"type":"Polygon","coordinates":[[[-2.351259,42.455983],[-2.350651,42.455983],[-2.350651,42.456432],[-2.351259,42.456432],[-2.351259,42.455983]]]}},{"type":"Feature","properties":{"gridcode":3,"label_es":"Alto","label_en":"High"},"geometry":{"type":"Polygon","coordinates":[[[-2.350651,42.455534],[-2.350042,42.455534],[-2.350042,42.455983],[-2.350651,42.455983],[-2.350651,42.455534]]]}},{"type":"Feature","properties":{"gridcode":3,"label_es":"Alto","label_en":"High"},"geometry":{"type":"Polygon","coordinates":[[[-2.355521,42.455534],[-2.354912,42.455534],[-2.354912,42.455983],[-2.355521,42.455983],[-2.355521,42.455534]]]}},{"type":"Feature","properties":{"gridcode":2,"label_es":"Medio","label_en":"Medium"},"geometry":{"type":"Polygon","coordinates":[[[-2.359174,42.455534],[-2.358565,42.455534],[-2.358565,42.455983],[-2.359174,42.455983],[-2.359174,42.455534]]]}},{"type":"Feature","properties":{"gridcode":3,"label_es":"Alto","label_en":"High"},"geometry":{"type":"Polygon","coordinates":[[[-2.415794,42.455983],[-2.415185,42.455983],[-2.415185,42.456432],[-2.415794,42.456432],[-2.415794,42.455983]]]}},{"type":"Feature","properties":{"gridcode":3,"label_es":"Alto","label_en":"High"},"geometry":{"type":"Polygon","coordinates":[[[-2.348824,42.455534],[-2.348215,42.455534],[-2.348215,42.455983],[-2.348824,42.455983],[-2.348824,42.455534]]]}},{"type":"Feature","properties":{"gridcode":3,"label_es":"Alto","label_en":"High"},"geometry":{"type":"Polygon","coordinates":[[[-2.350042,42.455534],[-2.349433,42.455534],[-2.349433,42.455983],[-2.350042,42.455983],[-2.350042,42.455534]]]}},{"type":"Feature","properties":{"gridcode":3,"label_es":"Alto","label_en":"High"},"geometry":{"type":"Polygon","coordinates":[[[-2.349433,42.455534],[-2.348824,42.455534],[-2.348824,42.455983],[-2.349433,42.455983],[-2.349433,42.455534]]]}},{"type":"Feature","properties":{"gridcode":3,"label_es":"Alto","label_en":"High"},"geometry":{"type":"Polygon","coordinates":[[[-2.352477,42.455534],[-2.351868,42.455534],[-2.351868,42.455983],[-2.352477,42.455983],[-2.352477,42.455534]]]}},{"type":"Feature","properties":{"gridcode":4,"label_es":"Muy alto","label_en":"Very high"},"geometry":{"type":"Polygon","coordinates":[[[-2.354912,42.455534],[-2.354304,42.455534],[-2.354304,42.455983],[-2.354912,42.455983],[-2.354912,42.455534]]]}},{"type":"Feature","properties":{"gridcode":3,"label_es":"Alto","label_en":"High"},"geometry":{"type":"Polygon","coordinates":[[[-2.351259,42.455534],[-2.350651,42.455534],[-2.350651,42.455983],[-2.351259,42.455983],[-2.351259,42.455534]]]}},{"type":"Feature","properties":{"gridcode":3,"label_es":"Alto","label_en":"High"},"geometry":{"type":"Polygon","coordinates":[[[-2.416403,42.455534],[-2.415794,42.455534],[-2.415794,42.455983],[-2.416403,42.455983],[-2.416403,42.455534]]]}},{"type":"Feature","properties":{"gridcode":3,"label_es":"Alto","label_en":"High"},"geometry":{"type":"Polygon","coordinates":[[[-2.354304,42.455534],[-2.353695,42.455534],[-2.353695,42.455983],[-2.354304,42.455983],[-2.354304,42.455534]]]}},{"type":"Feature","properties":{"gridcode":3,"label_es":"Alto","label_en":"High"},"geometry":{"type":"Polygon","coordinates":[[[-2.353695,42.455084],[-2.353086,42.455084],[-2.353086,42.455534],[-2.353695,42.455534],[-2.353695,42.455084]]]}},{"type":"Feature","properties":{"gridcode":3,"label_es":"Alto","label_en":"High"},"geometry":{"type":"Polygon","coordinates":[[[-2.351868,42.455084],[-2.351259,42.455084],[-2.351259,42.455534],[-2.351868,42.455534],[-2.351868,42.455084]]]}},{"type":"Feature","properties":{"gridcode":3,"label_es":"Alto","label_en":"High"},"geometry":{"type":"Polygon","coordinates":[[[-2.41823,42.455534],[-2.417621,42.455534],[-2.417621,42.455983],[-2.41823,42.455983],[-2.41823,42.455534]]]}},{"type":"Feature","properties":{"gridcode":2,"label_es":"Medio","label_en":"Medium"},"geometry":{"type":"Polygon","coordinates":[[[-2.350042,42.455084],[-2.349433,42.455084],[-2.349433,42.455534],[-2.350042,42.455534],[-2.350042,42.455084]]]}},{"type":"Feature","properties":{"gridcode":3,"label_es":"Alto","label_en":"High"},"geometry":{"type":"Polygon","coordinates":[[[-2.35613,42.455534],[-2.355521,42.455534],[-2.355521,42.455983],[-2.35613,42.455983],[-2.35613,42.455534]]]}},{"type":"Feature","properties":{"gridcode":2,"label_es":"Medio","label_en":"Medium"},"geometry":{"type":"Polygon","coordinates":[[[-2.418838,42.455534],[-2.41823,42.455534],[-2.41823,42.455983],[-2.418838,42.455983],[-2.418838,42.455534]]]}},{"type":"Feature","properties":{"gridcode":3,"label_es":"Alto","label_en":"High"},"geometry":{"type":"Polygon","coordinates":[[[-2.351868,42.455534],[-2.351259,42.455534],[-2.351259,42.455983],[-2.351868,42.455983],[-2.351868,42.455534]]]}},{"type":"Feature","properties":{"gridcode":2,"label_es":"Medio","label_en":"Medium"},"geometry":{"type":"Polygon","coordinates":[[[-2.358565,42.455084],[-2.357956,42.455084],[-2.357956,42.455534],[-2.358565,42.455534],[-2.358565,42.455084]]]}},{"type":"Feature","properties":{"gridcode":3,"label_es":"Alto","label_en":"High"},"geometry":{"type":"Polygon","coordinates":[[[-2.353086,42.455534],[-2.352477,42.455534],[-2.352477,42.455983],[-2.353086,42.455983],[-2.353086,42.455534]]]}},{"type":"Feature","properties":{"gridcode":3,"label_es":"Alto","label_en":"High"},"geometry":{"type":"Polygon","coordinates":[[[-2.416403,42.455084],[-2.415794,42.455084],[-2.415794,42.455534],[-2.416403,42.455534],[-2.416403,42.455084]]]}},{"type":"Feature","properties":{"gridcode":2,"label_es":"Medio","label_en":"Medium"},"geometry":{"type":"Polygon","coordinates":[[[-2.417012,42.455084],[-2.416403,42.455084],[-2.416403,42.455534],[-2.417012,42.455534],[-2.417012,42.455084]]]}},{"type":"Feature","properties":{"gridcode":2,"label_es":"Medio","label_en":"Medium"},"geometry":{"type":"Polygon","coordinates":[[[-2.418838,42.455084],[-2.41823,42.455084],[-2.41823,42.455534],[-2.418838,42.455534],[-2.418838,42.455084]]]}},{"type":"Feature","properties":{"gridcode":3,"label_es":"Alto","label_en":"High"},"geometry":{"type":"Polygon","coordinates":[[[-2.353086,42.455084],[-2.352477,42.455084],[-2.352477,42.455534],[-2.353086,42.455534],[-2.353086,42.455084]]]}},{"type":"Feature","properties":{"gridcode":2,"label_es":"Medio","label_en":"Medium"},"geometry":{"type":"Polygon","coordinates":[[[-2.419447,42.455084],[-2.418838,42.455084],[-2.418838,42.455534],[-2.419447,42.455534],[-2.419447,42.455084]]]}},{"type":"Feature","properties":{"gridcode":3,"label_es":"Alto","label_en":"High"},"geometry":{"type":"Polygon","coordinates":[[[-2.351259,42.455084],[-2.350651,42.455084],[-2.350651,42.455534],[-2.351259,42.455534],[-2.351259,42.455084]]]}},{"type":"Feature","properties":{"gridcode":3,"label_es":"Alto","label_en":"High"},"geometry":{"type":"Polygon","coordinates":[[[-2.350042,42.454635],[-2.349433,42.454635],[-2.349433,42.455084],[-2.350042,42.455084],[-2.350042,42.454635]]]}},{"type":"Feature","properties":{"gridcode":2,"label_es":"Medio","label_en":"Medium"},"geometry":{"type":"Polygon","coordinates":[[[-2.358565,42.454635],[-2.357956,42.454635],[-2.357956,42.455084],[-2.358565,42.455084],[-2.358565,42.454635]]]}},{"type":"Feature","properties":{"gridcode":3,"label_es":"Alto","label_en":"High"},"geometry":{"type":"Polygon","coordinates":[[[-2.351868,42.454635],[-2.351259,42.454635],[-2.351259,42.455084],[-2.351868,42.455084],[-2.351868,42.454635]]]}},{"type":"Feature","properties":{"gridcode":3,"label_es":"Alto","label_en":"High"},"geometry":{"type":"Polygon","coordinates":[[[-2.352477,42.454635],[-2.351868,42.454635],[-2.351868,42.455084],[-2.352477,42.455084],[-2.352477,42.454635]]]}},{"type":"Feature","properties":{"gridcode":3,"label_es":"Alto","label_en":"High"},"geometry":{"type":"Polygon","coordinates":[[[-2.353695,42.454635],[-2.353086,42.454635],[-2.353086,42.455084],[-2.353695,42.455084],[-2.353695,42.454635]]]}},{"type":"Feature","properties":{"gridcode":3,"label_es":"Alto","label_en":"High"},"geometry":{"type":"Polygon","coordinates":[[[-2.41823,42.455084],[-2.417621,42.455084],[-2.417621,42.455534],[-2.41823,42.455534],[-2.41823,42.455084]]]}},{"type":"Feature","properties":{"gridcode":2,"label_es":"Medio","label_en":"Medium"},"geometry":{"type":"Polygon","coordinates":[[[-2.357956,42.454635],[-2.357348,42.454635],[-2.357348,42.455084],[-2.357956,42.455084],[-2.357956,42.454635]]]}},{"type":"Feature","properties":{"gridcode":3,"label_es":"Alto","label_en":"High"},"geometry":{"type":"Polygon","coordinates":[[[-2.351259,42.454635],[-2.350651,42.454635],[-2.350651,42.455084],[-2.351259,42.455084],[-2.351259,42.454635]]]}},{"type":"Feature","properties":{"gridcode":2,"label_es":"Medio","label_en":"Medium"},"geometry":{"type":"Polygon","coordinates":[[[-2.419447,42.454635],[-2.418838,42.454635],[-2.418838,42.455084],[-2.419447,42.455084],[-2.419447,42.454635]]]}},{"type":"Feature","properties":{"gridcode":3,"label_es":"Alto","label_en":"High"},"geometry":{"type":"Polygon","coordinates":[[[-2.418838,42.454635],[-2.41823,42.454635],[-2.41823,42.455084],[-2.418838,42.455084],[-2.418838,42.454635]]]}},{"type":"Feature","properties":{"gridcode":2,"label_es":"Medio","label_en":"Medium"},"geometry":{"type":"Polygon","coordinates":[[[-2.41823,42.454635],[-2.417621,42.454635],[-2.417621,42.455084],[-2.41823,42.455084],[-2.41823,42.454635]]]}},{"type":"Feature","properties":{"gridcode":2,"label_es":"Medio","label_en":"Medium"},"geometry":{"type":"Polygon","coordinates":[[[-2.417012,42.454635],[-2.416403,42.454635],[-2.416403,42.455084],[-2.417012,42.455084],[-2.417012,42.454635]]]}},{"type":"Feature","properties":{"gridcode":3,"label_es":"Alto","label_en":"High"},"geometry":{"type":"Polygon","coordinates":[[[-2.353086,42.454635],[-2.352477,42.454635],[-2.352477,42.455084],[-2.353086,42.455084],[-2.353086,42.454635]]]}},{"type":"Feature","properties":{"gridcode":2,"label_es":"Medio","label_en":"Medium"},"geometry":{"type":"Polygon","coordinates":[[[-2.417621,42.454635],[-2.417012,42.454635],[-2.417012,42.455084],[-2.417621,42.455084],[-2.417621,42.454635]]]}},{"type":"Feature","properties":{"gridcode":2,"label_es":"Medio","label_en":"Medium"},"geometry":{"type":"Polygon","coordinates":[[[-2.357956,42.454186],[-2.357348,42.454186],[-2.357348,42.454635],[-2.357956,42.454635],[-2.357956,42.454186]]]}},{"type":"Feature","properties":{"gridcode":2,"label_es":"Medio","label_en":"Medium"},"geometry":{"type":"Polygon","coordinates":[[[-2.357348,42.454186],[-2.356739,42.454186],[-2.356739,42.454635],[-2.357348,42.454635],[-2.357348,42.454186]]]}},{"type":"Feature","properties":{"gridcode":2,"label_es":"Medio","label_en":"Medium"},"geometry":{"type":"Polygon","coordinates":[[[-2.356739,42.454186],[-2.35613,42.454186],[-2.35613,42.454635],[-2.356739,42.454635],[-2.356739,42.454186]]]}},{"type":"Feature","properties":{"gridcode":4,"label_es":"Muy alto","label_en":"Very high"},"geometry":{"type":"Polygon","coordinates":[[[-2.41823,42.454186],[-2.417621,42.454186],[-2.417621,42.454635],[-2.41823,42.454635],[-2.41823,42.454186]]]}},{"type":"Feature","properties":{"gridcode":2,"label_es":"Medio","label_en":"Medium"},"geometry":{"type":"Polygon","coordinates":[[[-2.420056,42.454186],[-2.419447,42.454186],[-2.419447,42.454635],[-2.420056,42.454635],[-2.420056,42.454186]]]}},{"type":"Feature","properties":{"gridcode":2,"label_es":"Medio","label_en":"Medium"},"geometry":{"type":"Polygon","coordinates":[[[-2.417621,42.454186],[-2.417012,42.454186],[-2.417012,42.454635],[-2.417621,42.454635],[-2.417621,42.454186]]]}},{"type":"Feature","properties":{"gridcode":2,"label_es":"Medio","label_en":"Medium"},"geometry":{"type":"Polygon","coordinates":[[[-2.356739,42.453737],[-2.35613,42.453737],[-2.35613,42.454186],[-2.356739,42.454186],[-2.356739,42.453737]]]}},{"type":"Feature","properties":{"gridcode":2,"label_es":"Medio","label_en":"Medium"},"geometry":{"type":"Polygon","coordinates":[[[-2.35613,42.453737],[-2.355521,42.453737],[-2.355521,42.454186],[-2.35613,42.454186],[-2.35613,42.453737]]]}},{"type":"Feature","properties":{"gridcode":3,"label_es":"Alto","label_en":"High"},"geometry":{"type":"Polygon","coordinates":[[[-2.357956,42.455084],[-2.357348,42.455084],[-2.357348,42.455534],[-2.357956,42.455534],[-2.357956,42.455084]]]}},{"type":"Feature","properties":{"gridcode":2,"label_es":"Medio","label_en":"Medium"},"geometry":{"type":"Polygon","coordinates":[[[-2.420056,42.453737],[-2.419447,42.453737],[-2.419447,42.454186],[-2.420056,42.454186],[-2.420056,42.453737]]]}},{"type":"Feature","properties":{"gridcode":2,"label_es":"Medio","label_en":"Medium"},"geometry":{"type":"Polygon","coordinates":[[[-2.355521,42.453288],[-2.354912,42.453288],[-2.354912,42.453737],[-2.355521,42.453737],[-2.355521,42.453288]]]}},{"type":"Feature","properties":{"gridcode":2,"label_es":"Medio","label_en":"Medium"},"geometry":{"type":"Polygon","coordinates":[[[-2.420665,42.453737],[-2.420056,42.453737],[-2.420056,42.454186],[-2.420665,42.454186],[-2.420665,42.453737]]]}},{"type":"Feature","properties":{"gridcode":2,"label_es":"Medio","label_en":"Medium"},"geometry":{"type":"Polygon","coordinates":[[[-2.417621,42.453737],[-2.417012,42.453737],[-2.417012,42.454186],[-2.417621,42.454186],[-2.417621,42.453737]]]}},{"type":"Feature","properties":{"gridcode":3,"label_es":"Alto","label_en":"High"},"geometry":{"type":"Polygon","coordinates":[[[-2.351868,42.453288],[-2.351259,42.453288],[-2.351259,42.453737],[-2.351868,42.453737],[-2.351868,42.453288]]]}},{"type":"Feature","properties":{"gridcode":4,"label_es":"Muy alto","label_en":"Very high"},"geometry":{"type":"Polygon","coordinates":[[[-2.418838,42.453737],[-2.41823,42.453737],[-2.41823,42.454186],[-2.418838,42.454186],[-2.418838,42.453737]]]}},{"type":"Feature","properties":{"gridcode":2,"label_es":"Medio","label_en":"Medium"},"geometry":{"type":"Polygon","coordinates":[[[-2.41823,42.453737],[-2.417621,42.453737],[-2.417621,42.454186],[-2.41823,42.454186],[-2.41823,42.453737]]]}},{"type":"Feature","properties":{"gridcode":2,"label_es":"Medio","label_en":"Medium"},"geometry":{"type":"Polygon","coordinates":[[[-2.41823,42.453288],[-2.417621,42.453288],[-2.417621,42.453737],[-2.41823,42.453737],[-2.41823,42.453288]]]}},{"type":"Feature","properties":{"gridcode":2,"label_es":"Medio","label_en":"Medium"},"geometry":{"type":"Polygon","coordinates":[[[-2.417621,42.453288],[-2.417012,42.453288],[-2.417012,42.453737],[-2.417621,42.453737],[-2.417621,42.453288]]]}},{"type":"Feature","properties":{"gridcode":2,"label_es":"Medio","label_en":"Medium"},"geometry":{"type":"Polygon","coordinates":[[[-2.420665,42.453288],[-2.420056,42.453288],[-2.420056,42.453737],[-2.420665,42.453737],[-2.420665,42.453288]]]}},{"type":"Feature","properties":{"gridcode":2,"label_es":"Medio","label_en":"Medium"},"geometry":{"type":"Polygon","coordinates":[[[-2.354912,42.453288],[-2.354304,42.453288],[-2.354304,42.453737],[-2.354912,42.453737],[-2.354912,42.453288]]]}},{"type":"Feature","properties":{"gridcode":4,"label_es":"Muy alto","label_en":"Very high"},"geometry":{"type":"Polygon","coordinates":[[[-2.418838,42.453288],[-2.41823,42.453288],[-2.41823,42.453737],[-2.418838,42.453737],[-2.418838,42.453288]]]}},{"type":"Feature","properties":{"gridcode":3,"label_es":"Alto","label_en":"High"},"geometry":{"type":"Polygon","coordinates":[[[-2.419447,42.453288],[-2.418838,42.453288],[-2.418838,42.453737],[-2.419447,42.453737],[-2.419447,42.453288]]]}},{"type":"Feature","properties":{"gridcode":2,"label_es":"Medio","label_en":"Medium"},"geometry":{"type":"Polygon","coordinates":[[[-2.354912,42.452839],[-2.354304,42.452839],[-2.354304,42.453288],[-2.354912,42.453288],[-2.354912,42.452839]]]}},{"type":"Feature","properties":{"gridcode":2,"label_es":"Medio","label_en":"Medium"},"geometry":{"type":"Polygon","coordinates":[[[-2.354304,42.452839],[-2.353695,42.452839],[-2.353695,42.453288],[-2.354304,42.453288],[-2.354304,42.452839]]]}},{"type":"Feature","properties":{"gridcode":2,"label_es":"Medio","label_en":"Medium"},"geometry":{"type":"Polygon","coordinates":[[[-2.420056,42.453288],[-2.419447,42.453288],[-2.419447,42.453737],[-2.420056,42.453737],[-2.420056,42.453288]]]}},{"type":"Feature","properties":{"gridcode":2,"label_es":"Medio","label_en":"Medium"},"geometry":{"type":"Polygon","coordinates":[[[-2.421274,42.453288],[-2.420665,42.453288],[-2.420665,42.453737],[-2.421274,42.453737],[-2.421274,42.453288]]]}},{"type":"Feature","properties":{"gridcode":2,"label_es":"Medio","label_en":"Medium"},"geometry":{"type":"Polygon","coordinates":[[[-2.420056,42.452839],[-2.419447,42.452839],[-2.419447,42.453288],[-2.420056,42.453288],[-2.420056,42.452839]]]}},{"type":"Feature","properties":{"gridcode":3,"label_es":"Alto","label_en":"High"},"geometry":{"type":"Polygon","coordinates":[[[-2.419447,42.452839],[-2.418838,42.452839],[-2.418838,42.453288],[-2.419447,42.453288],[-2.419447,42.452839]]]}},{"type":"Feature","properties":{"gridcode":2,"label_es":"Medio","label_en":"Medium"},"geometry":{"type":"Polygon","coordinates":[[[-2.353695,42.452839],[-2.353086,42.452839],[-2.353086,42.453288],[-2.353695,42.453288],[-2.353695,42.452839]]]}},{"type":"Feature","properties":{"gridcode":2,"label_es":"Medio","label_en":"Medium"},"geometry":{"type":"Polygon","coordinates":[[[-2.421274,42.452839],[-2.420665,42.452839],[-2.420665,42.453288],[-2.421274,42.453288],[-2.421274,42.452839]]]}},{"type":"Feature","properties":{"gridcode":2,"label_es":"Medio","label_en":"Medium"},"geometry":{"type":"Polygon","coordinates":[[[-2.353695,42.45239],[-2.353086,42.45239],[-2.353086,42.452839],[-2.353695,42.452839],[-2.353695,42.45239]]]}},{"type":"Feature","properties":{"gridcode":2,"label_es":"Medio","label_en":"Medium"},"geometry":{"type":"Polygon","coordinates":[[[-2.353086,42.45239],[-2.352477,42.45239],[-2.352477,42.452839],[-2.353086,42.452839],[-2.353086,42.45239]]]}},{"type":"Feature","properties":{"gridcode":2,"label_es":"Medio","label_en":"Medium"},"geometry":{"type":"Polygon","coordinates":[[[-2.419447,42.45239],[-2.418838,42.45239],[-2.418838,42.452839],[-2.419447,42.452839],[-2.419447,42.45239]]]}},{"type":"Feature","properties":{"gridcode":3,"label_es":"Alto","label_en":"High"},"geometry":{"type":"Polygon","coordinates":[[[-2.420056,42.45239],[-2.419447,42.45239],[-2.419447,42.452839],[-2.420056,42.452839],[-2.420056,42.45239]]]}},{"type":"Feature","properties":{"gridcode":2,"label_es":"Medio","label_en":"Medium"},"geometry":{"type":"Polygon","coordinates":[[[-2.421274,42.45239],[-2.420665,42.45239],[-2.420665,42.452839],[-2.421274,42.452839],[-2.421274,42.45239]]]}},{"type":"Feature","properties":{"gridcode":2,"label_es":"Medio","label_en":"Medium"},"geometry":{"type":"Polygon","coordinates":[[[-2.353086,42.45194],[-2.352477,42.45194],[-2.352477,42.45239],[-2.353086,42.45239],[-2.353086,42.45194]]]}},{"type":"Feature","properties":{"gridcode":2,"label_es":"Medio","label_en":"Medium"},"geometry":{"type":"Polygon","coordinates":[[[-2.352477,42.45194],[-2.351868,42.45194],[-2.351868,42.45239],[-2.352477,42.45239],[-2.352477,42.45194]]]}},{"type":"Feature","properties":{"gridcode":4,"label_es":"Muy alto","label_en":"Very high"},"geometry":{"type":"Polygon","coordinates":[[[-2.420665,42.45239],[-2.420056,42.45239],[-2.420056,42.452839],[-2.420665,42.452839],[-2.420665,42.45239]]]}},{"type":"Feature","properties":{"gridcode":2,"label_es":"Medio","label_en":"Medium"},"geometry":{"type":"Polygon","coordinates":[[[-2.351868,42.45194],[-2.351259,42.45194],[-2.351259,42.45239],[-2.351868,42.45239],[-2.351868,42.45194]]]}},{"type":"Feature","properties":{"gridcode":4,"label_es":"Muy alto","label_en":"Very high"},"geometry":{"type":"Polygon","coordinates":[[[-2.420665,42.45194],[-2.420056,42.45194],[-2.420056,42.45239],[-2.420665,42.45239],[-2.420665,42.45194]]]}},{"type":"Feature","properties":{"gridcode":2,"label_es":"Medio","label_en":"Medium"},"geometry":{"type":"Polygon","coordinates":[[[-2.351868,42.451491],[-2.351259,42.451491],[-2.351259,42.45194],[-2.351868,42.45194],[-2.351868,42.451491]]]}},{"type":"Feature","properties":{"gridcode":2,"label_es":"Medio","label_en":"Medium"},"geometry":{"type":"Polygon","coordinates":[[[-2.421274,42.45194],[-2.420665,42.45194],[-2.420665,42.45239],[-2.421274,42.45239],[-2.421274,42.45194]]]}},{"type":"Feature","properties":{"gridcode":2,"label_es":"Medio","label_en":"Medium"},"geometry":{"type":"Polygon","coordinates":[[[-2.420056,42.45194],[-2.419447,42.45194],[-2.419447,42.45239],[-2.420056,42.45239],[-2.420056,42.45194]]]}},{"type":"Feature","properties":{"gridcode":2,"label_es":"Medio","label_en":"Medium"},"geometry":{"type":"Polygon","coordinates":[[[-2.351259,42.451491],[-2.350651,42.451491],[-2.350651,42.45194],[-2.351259,42.45194],[-2.351259,42.451491]]]}},{"type":"Feature","properties":{"gridcode":2,"label_es":"Medio","label_en":"Medium"},"geometry":{"type":"Polygon","coordinates":[[[-2.420056,42.451491],[-2.419447,42.451491],[-2.419447,42.45194],[-2.420056,42.45194],[-2.420056,42.451491]]]}},{"type":"Feature","properties":{"gridcode":2,"label_es":"Medio","label_en":"Medium"},"geometry":{"type":"Polygon","coordinates":[[[-2.351259,42.451042],[-2.350651,42.451042],[-2.350651,42.451491],[-2.351259,42.451491],[-2.351259,42.451042]]]}},{"type":"Feature","properties":{"gridcode":2,"label_es":"Medio","label_en":"Medium"},"geometry":{"type":"Polygon","coordinates":[[[-2.350651,42.451042],[-2.350042,42.451042],[-2.350042,42.451491],[-2.350651,42.451491],[-2.350651,42.451042]]]}},{"type":"Feature","properties":{"gridcode":2,"label_es":"Medio","label_en":"Medium"},"geometry":{"type":"Polygon","coordinates":[[[-2.417012,42.451491],[-2.416403,42.451491],[-2.416403,42.45194],[-2.417012,42.45194],[-2.417012,42.451491]]]}},{"type":"Feature","properties":{"gridcode":2,"label_es":"Medio","label_en":"Medium"},"geometry":{"type":"Polygon","coordinates":[[[-2.41823,42.451491],[-2.417621,42.451491],[-2.417621,42.45194],[-2.41823,42.45194],[-2.41823,42.451491]]]}},{"type":"Feature","properties":{"gridcode":2,"label_es":"Medio","label_en":"Medium"},"geometry":{"type":"Polygon","coordinates":[[[-2.344562,42.451042],[-2.343954,42.451042],[-2.343954,42.451491],[-2.344562,42.451491],[-2.344562,42.451042]]]}},{"type":"Feature","properties":{"gridcode":2,"label_es":"Medio","label_en":"Medium"},"geometry":{"type":"Polygon","coordinates":[[[-2.350042,42.451042],[-2.349433,42.451042],[-2.349433,42.451491],[-2.350042,42.451491],[-2.350042,42.451042]]]}},{"type":"Feature","properties":{"gridcode":2,"label_es":"Medio","label_en":"Medium"},"geometry":{"type":"Polygon","coordinates":[[[-2.418838,42.451491],[-2.41823,42.451491],[-2.41823,42.45194],[-2.418838,42.45194],[-2.418838,42.451491]]]}},{"type":"Feature","properties":{"gridcode":2,"label_es":"Medio","label_en":"Medium"},"geometry":{"type":"Polygon","coordinates":[[[-2.417621,42.451491],[-2.417012,42.451491],[-2.417012,42.45194],[-2.417621,42.45194],[-2.417621,42.451491]]]}},{"type":"Feature","properties":{"gridcode":3,"label_es":"Alto","label_en":"High"},"geometry":{"type":"Polygon","coordinates":[[[-2.41823,42.451042],[-2.417621,42.451042],[-2.417621,42.451491],[-2.41823,42.451491],[-2.41823,42.451042]]]}},{"type":"Feature","properties":{"gridcode":2,"label_es":"Medio","label_en":"Medium"},"geometry":{"type":"Polygon","coordinates":[[[-2.417621,42.451042],[-2.417012,42.451042],[-2.417012,42.451491],[-2.417621,42.451491],[-2.417621,42.451042]]]}},{"type":"Feature","properties":{"gridcode":2,"label_es":"Medio","label_en":"Medium"},"geometry":{"type":"Polygon","coordinates":[[[-2.418838,42.451042],[-2.41823,42.451042],[-2.41823,42.451491],[-2.418838,42.451491],[-2.418838,42.451042]]]}},{"type":"Feature","properties":{"gridcode":2,"label_es":"Medio","label_en":"Medium"},"geometry":{"type":"Polygon","coordinates":[[[-2.417012,42.451042],[-2.416403,42.451042],[-2.416403,42.451491],[-2.417012,42.451491],[-2.417012,42.451042]]]}},{"type":"Feature","properties":{"gridcode":2,"label_es":"Medio","label_en":"Medium"},"geometry":{"type":"Polygon","coordinates":[[[-2.349433,42.451042],[-2.348824,42.451042],[-2.348824,42.451491],[-2.349433,42.451491],[-2.349433,42.451042]]]}},{"type":"Feature","properties":{"gridcode":2,"label_es":"Medio","label_en":"Medium"},"geometry":{"type":"Polygon","coordinates":[[[-2.348824,42.451042],[-2.348215,42.451042],[-2.348215,42.451491],[-2.348824,42.451491],[-2.348824,42.451042]]]}},{"type":"Feature","properties":{"gridcode":2,"label_es":"Medio","label_en":"Medium"},"geometry":{"type":"Polygon","coordinates":[[[-2.345171,42.451042],[-2.344562,42.451042],[-2.344562,42.451491],[-2.345171,42.451491],[-2.345171,42.451042]]]}},{"type":"Feature","properties":{"gridcode":2,"label_es":"Medio","label_en":"Medium"},"geometry":{"type":"Polygon","coordinates":[[[-2.346998,42.451042],[-2.346389,42.451042],[-2.346389,42.451491],[-2.346998,42.451491],[-2.346998,42.451042]]]}},{"type":"Feature","properties":{"gridcode":2,"label_es":"Medio","label_en":"Medium"},"geometry":{"type":"Polygon","coordinates":[[[-2.345171,42.450593],[-2.344562,42.450593],[-2.344562,42.451042],[-2.345171,42.451042],[-2.345171,42.450593]]]}},{"type":"Feature","properties":{"gridcode":3,"label_es":"Alto","label_en":"High"},"geometry":{"type":"Polygon","coordinates":[[[-2.347607,42.451042],[-2.346998,42.451042],[-2.346998,42.451491],[-2.347607,42.451491],[-2.347607,42.451042]]]}},{"type":"Feature","properties":{"gridcode":2,"label_es":"Medio","label_en":"Medium"},"geometry":{"type":"Polygon","coordinates":[[[-2.346998,42.450593],[-2.346389,42.450593],[-2.346389,42.451042],[-2.346998,42.451042],[-2.346998,42.450593]]]}},{"type":"Feature","properties":{"gridcode":2,"label_es":"Medio","label_en":"Medium"},"geometry":{"type":"Polygon","coordinates":[[[-2.346389,42.450593],[-2.34578,42.450593],[-2.34578,42.451042],[-2.346389,42.451042],[-2.346389,42.450593]]]}},{"type":"Feature","properties":{"gridcode":2,"label_es":"Medio","label_en":"Medium"},"geometry":{"type":"Polygon","coordinates":[[[-2.350651,42.450593],[-2.350042,42.450593],[-2.350042,42.451042],[-2.350651,42.451042],[-2.350651,42.450593]]]}},{"type":"Feature","properties":{"gridcode":2,"label_es":"Medio","label_en":"Medium"},"geometry":{"type":"Polygon","coordinates":[[[-2.350042,42.450593],[-2.349433,42.450593],[-2.349433,42.451042],[-2.350042,42.451042],[-2.350042,42.450593]]]}},{"type":"Feature","properties":{"gridcode":2,"label_es":"Medio","label_en":"Medium"},"geometry":{"type":"Polygon","coordinates":[[[-2.348215,42.450593],[-2.347607,42.450593],[-2.347607,42.451042],[-2.348215,42.451042],[-2.348215,42.450593]]]}},{"type":"Feature","properties":{"gridcode":2,"label_es":"Medio","label_en":"Medium"},"geometry":{"type":"Polygon","coordinates":[[[-2.34578,42.450593],[-2.345171,42.450593],[-2.345171,42.451042],[-2.34578,42.451042],[-2.34578,42.450593]]]}},{"type":"Feature","properties":{"gridcode":4,"label_es":"Muy alto","label_en":"Very high"},"geometry":{"type":"Polygon","coordinates":[[[-2.410315,42.46811],[-2.409706,42.46811],[-2.409706,42.468559],[-2.410315,42.468559],[-2.410315,42.46811]]]}},{"type":"Feature","properties":{"gridcode":2,"label_es":"Medio","label_en":"Medium"},"geometry":{"type":"Polygon","coordinates":[[[-2.347607,42.450593],[-2.346998,42.450593],[-2.346998,42.451042],[-2.347607,42.451042],[-2.347607,42.450593]]]}},{"type":"Feature","properties":{"gridcode":3,"label_es":"Alto","label_en":"High"},"geometry":{"type":"Polygon","coordinates":[[[-2.351259,42.45194],[-2.350651,42.45194],[-2.350651,42.45239],[-2.351259,42.45239],[-2.351259,42.45194]]]}},{"type":"Feature","properties":{"gridcode":2,"label_es":"Medio","label_en":"Medium"},"geometry":{"type":"Polygon","coordinates":[[[-2.41823,42.450593],[-2.417621,42.450593],[-2.417621,42.451042],[-2.41823,42.451042],[-2.41823,42.450593]]]}},{"type":"Feature","properties":{"gridcode":2,"label_es":"Medio","label_en":"Medium"},"geometry":{"type":"Polygon","coordinates":[[[-2.417012,42.453737],[-2.416403,42.453737],[-2.416403,42.454186],[-2.417012,42.454186],[-2.417012,42.453737]]]}}]}